time,open,high,low,close,volume,mkt_close,mkt_volume,mkt_high,mkt_low,mkt_return,split_factor,dividend,close_adj,open_adj,high_adj,low_adj,log_return,overnight_return,intraday_return,hl_log_range,local_volatility,target_label,target_barrier_return,barrier_touch_time
2018-06-05 07:00:00,9.23,9.65,9.23,9.65,1452440,1022.74,173096680,1025.26,1011.59,0.0087993811145084,1.0,0.0,9.65,9.23,9.65,9.23,,,0.04449886683613384,0.04449886683613384,0.036469793376476066,-1.0,-0.05699481865284983,2018-06-11 07:00:00
2018-06-06 07:00:00,9.7,9.9,9.46,9.83,1273280,1034.5,147456500,1034.5,1012.98,0.0114329179843891,1.0,0.0,9.83,9.7,9.9,9.46,0.018481018808180604,0.005167970158442377,0.013313048649738217,0.0454623740767572,0.036469793376476066,-1.0,-0.046795523906409064,2018-06-08 07:00:00
2018-06-07 07:00:00,9.7,9.79,9.46,9.51,1276620,1036.69,151829230,1043.71,1030.79,0.0021147271048555,1.0,0.0,9.51,9.7,9.79,9.46,-0.03309505760177632,-0.013313048649738151,-0.01978200895203813,0.03428907347863195,0.036469793376476066,-1.0,-0.04311251314405895,2018-06-11 07:00:00
2018-06-08 07:00:00,9.51,9.51,9.3,9.37,675770,1039.01,124180340,1039.07,1026.94,0.0022353914015336,1.0,0.0,9.37,9.51,9.51,9.3,-0.014830780306968138,0.0,-0.014830780306968138,0.022329476398088577,0.025404014902182536,-1.0,-0.028815368196371316,2018-06-11 07:00:00
2018-06-11 07:00:00,9.14,9.35,8.77,9.1,1005130,1039.02,133836660,1045.6,1029.19,9.624500127504418e-06,1.0,0.0,9.1,9.14,9.35,8.77,-0.029238682727526378,-0.024852710784272033,-0.0043859719432544405,0.064039536916504,0.02238299766980584,-1.0,-0.038461538461538436,2018-06-12 07:00:00
2018-06-12 07:00:00,9.1,9.1,8.54,8.75,1071950,1020.76,169945710,1033.55,1005.1,-0.0177305133223173,1.0,0.0,8.75,9.1,9.1,8.54,-0.03922071315328127,0.0,-0.03922071315328127,0.06351340572232593,0.021877520750389477,1.0,0.026285714285714246,2018-06-15 07:00:00
2018-06-13 07:00:00,8.75,8.96,8.75,8.8,300690,1030.53,94519770,1030.53,1017.93,0.009525785118482,1.0,0.0,8.799999999999999,8.749999999999998,8.959999999999999,8.749999999999998,0.005698021114637575,-2.2204460492503136e-16,0.005698021114637796,0.023716526617316065,0.02267781557816788,-1.0,-0.02386363636363631,2018-06-18 07:00:00
2018-06-14 07:00:00,8.75,9.0,8.75,8.82,398930,1015.72,135233070,1033.46,1015.72,-0.0144755123830874,1.0,0.0,8.819999999999999,8.749999999999998,8.999999999999998,8.749999999999998,0.0022701485345390775,-0.005698021114637779,0.007968169649176881,0.028170876966696224,0.02157935410582339,-1.0,-0.026077097505668778,2018-06-18 07:00:00
2018-06-15 07:00:00,8.93,8.98,8.75,8.98,521160,1016.51,144865820,1018.95,1006.78,0.0007774710931278,1.0,0.0,8.98,8.93,8.98,8.75,0.017978012295408612,0.012394524869707794,0.005583487425700686,0.025946181944585135,0.02303720210610828,-1.0,-0.04342984409799566,2018-06-18 07:00:00
2018-06-18 07:00:00,8.82,8.98,8.59,8.59,505400,987.34,145591940,1018.98,986.88,-0.0291160123670179,1.0,0.0,8.59,8.82,8.98,8.59,-0.044401146317944354,-0.017978012295408317,-0.026423134022536,0.044401146317944375,0.025492634459104043,-1.0,-0.0651920838183937,2018-06-19 07:00:00
2018-06-19 07:00:00,8.33,8.36,7.99,8.03,3233760,962.16,203659510,972.62,941.57,-0.0258337013289405,1.0,0.0,8.029999999999998,8.329999999999998,8.359999999999998,7.989999999999998,-0.06741420803749393,-0.0307352798174129,-0.036678928220081064,0.045267667318426935,0.031097940302198545,1.0,0.03237858032378571,2018-06-22 07:00:00
2018-06-20 07:00:00,8.17,8.36,8.03,8.26,893590,980.95,119730870,980.95,955.61,0.0193407328644766,1.0,0.0,8.26,8.17,8.36,8.03,0.02824005957421672,0.0172843809132415,0.010955678660975063,0.0402738991379399,0.03399853300120215,1.0,0.07263922518159793,2018-06-25 07:00:00
2018-06-21 07:00:00,8.36,8.36,8.06,8.13,302950,969.4,94237830,979.57,966.28,-0.0118441664555623,1.0,0.0,8.13,8.36,8.36,8.06,-0.015863663973167304,0.012033839563723463,-0.02789750353689092,0.03654487057807314,0.03148464414343748,1.0,0.08979089790897898,2018-06-25 07:00:00
2018-06-22 07:00:00,7.94,8.29,7.94,8.29,470630,983.17,102746580,983.57,959.91,0.0141047217631506,1.0,0.0,8.289999999999997,7.939999999999999,8.289999999999997,7.939999999999999,0.019489045587483905,-0.023647648300675114,0.04313669388815919,0.04313669388815919,0.03162692577688205,1.0,0.06875753920386041,2018-06-25 07:00:00
2018-06-25 07:00:00,8.36,8.86,8.36,8.86,1994310,990.52,118181310,997.34,988.98,0.0074480125826392,1.0,0.0,8.86,8.36,8.86,8.36,0.06649679546978629,0.00840845794940682,0.05808833752037925,0.05808833752037925,0.03968154157162829,-1.0,-0.046275395033860245,2018-06-28 07:00:00
2018-06-26 07:00:00,8.77,9.23,8.77,8.91,2070500,983.02,114881010,983.78,970.75,-0.0076005919369142,1.0,0.0,8.909999999999998,8.769999999999998,9.229999999999999,8.769999999999998,0.005627476865728168,-0.010209958232898091,0.015837435098626305,0.05112224213066926,0.03714656572671742,-1.0,-0.05162738496071839,2018-06-28 07:00:00
2018-06-27 07:00:00,9.0,9.05,8.68,8.82,1253710,968.91,126510710,984.46,968.91,-0.0144577374998962,1.0,0.0,8.819999999999999,8.999999999999998,9.049999999999999,8.679999999999998,-0.010152371464017962,0.010050335853501506,-0.020202707317519466,0.041743229039576064,0.034975817894894894,-1.0,-0.04195011337868493,2018-06-28 07:00:00
2018-06-28 07:00:00,8.73,8.73,8.45,8.45,1025400,957.35,130318210,976.12,954.46,-0.0120026775010408,1.0,0.0,8.449999999999998,8.729999999999999,8.729999999999999,8.449999999999998,-0.04285542864961758,-0.01025650016718911,-0.03259892848242847,0.032598928482428395,0.03567450879005567,-1.0,-0.09349112426035489,2018-07-02 07:00:00
2018-06-29 07:00:00,8.31,8.4,8.08,8.17,1523910,960.78,110043130,962.93,950.48,0.0035764037432261,1.0,0.0,8.17,8.31,8.4,8.08,-0.033697532497170654,-0.016706832501725336,-0.016990699995445363,0.03883983331626396,0.0347713306392084,-1.0,-0.0624235006119952,2018-07-02 07:00:00
2018-07-02 07:00:00,8.17,8.17,7.62,7.66,1499550,947.15,142222740,960.78,932.66,-0.0142879789881526,1.0,0.0,7.659999999999999,8.169999999999998,8.169999999999998,7.619999999999999,-0.06445692511941169,-2.2204460492503136e-16,-0.06445692511941145,0.06969253917335642,0.037408691241866236,-1.0,-0.06919060052219328,2018-07-03 07:00:00
2018-07-03 07:00:00,7.66,7.71,7.13,7.13,2429070,906.01,161389340,946.16,906.01,-0.0444071320646276,1.0,0.0,7.129999999999999,7.659999999999999,7.709999999999999,7.129999999999999,-0.07170074932629543,0.0,-0.07170074932629543,0.0782069531490336,0.039720668322748676,-1.0,-0.061711079943898794,2018-07-04 07:00:00
2018-07-04 07:00:00,6.9,7.16,6.65,6.69,3357080,914.99,115604640,914.99,890.83,0.0098627927443909,1.0,0.0,6.69,6.9,7.16,6.65,-0.06369736028606725,-0.03278982282299073,-0.030907537463076663,0.07389312630479146,0.03985998556296373,-1.0,-0.050822122571001604,2018-07-05 07:00:00
2018-07-05 07:00:00,6.69,7.06,6.28,6.35,1886790,899.4,127434590,921.85,892.67,-0.0171852619174441,1.0,0.0,6.35,6.69,7.06,6.28,-0.052159061235536916,0.0,-0.052159061235536916,0.11707507102504328,0.038551828482970195,1.0,0.061417322834645516,2018-07-06 07:00:00
2018-07-06 07:00:00,6.42,6.76,6.23,6.74,1711810,917.51,141624520,921.75,884.99,0.0199356047152839,1.0,0.0,6.739999999999999,6.419999999999999,6.759999999999999,6.2299999999999995,0.05960511201961524,0.010963304797269376,0.048641807222345866,0.08164655725551087,0.04598629991694742,-1.0,-0.060830860534124565,2018-07-11 07:00:00
2018-07-09 07:00:00,6.74,6.88,6.46,6.51,987200,915.12,106167080,929.5,915.12,-0.002608274834473,1.0,0.0,6.509999999999999,6.739999999999999,6.879999999999999,6.459999999999999,-0.0347204687037378,0.0,-0.0347204687037378,0.06298933415074189,0.04375185438259311,0.0,0.021505376344086224,2018-07-16 07:00:00
2018-07-10 07:00:00,6.53,6.65,6.46,6.46,811500,911.12,93102100,921.96,911.12,-0.0043805922513223,1.0,0.0,6.46,6.53,6.65,6.46,-0.00771013842596721,0.0030674870678621007,-0.010777625493829266,0.028987536873252406,0.04160921247498938,0.0,0.03250773993808043,2018-07-17 07:00:00
2018-07-11 07:00:00,6.3,6.33,6.02,6.33,3233510,893.16,138119530,900.16,885.09,-0.019908875806276,1.0,0.0,6.33,6.3,6.33,6.02,-0.020329081638425672,-0.025079684397023544,0.004750602758597799,0.05021297683535521,0.03939252050110824,1.0,0.056872037914692086,2018-07-13 07:00:00
2018-07-12 07:00:00,6.33,6.56,6.3,6.56,1780470,898.51,90464330,905.72,884.75,0.0059720996624053,1.0,0.0,6.56,6.33,6.56,6.3,0.035690366799912755,0.0,0.035690366799912755,0.040440969558510745,0.04111852418462806,1.0,0.08689024390243905,2018-07-18 07:00:00
2018-07-13 07:00:00,6.6,6.72,6.58,6.69,1453550,909.72,121978590,912.53,899.94,0.0123990240339881,1.0,0.0,6.69,6.6,6.72,6.58,0.01962327118413959,0.0060790460763821925,0.013544225107757253,0.021053409197832263,0.040345475781285466,1.0,0.06576980568011948,2018-07-18 07:00:00
2018-07-16 07:00:00,6.79,6.79,6.56,6.65,1338790,911.11,110882460,917.63,905.27,0.0015267765469735,1.0,0.0,6.65,6.79,6.79,6.56,-0.005997019472374291,0.014837067430467574,-0.020834086902841914,0.03446033861460717,0.038272727539218315,1.0,0.07218045112781946,2018-07-18 07:00:00
2018-07-17 07:00:00,6.53,6.67,6.53,6.67,1475310,921.27,136304660,921.27,902.02,0.0110895164983591,1.0,0.0,6.67,6.53,6.67,6.53,0.003003005259769556,-0.018209911379423054,0.021212916639192544,0.021212916639192544,0.03652113570225264,1.0,0.06896551724137923,2018-07-18 07:00:00
2018-07-18 07:00:00,6.74,7.13,6.74,7.13,6290100,942.39,184648680,942.39,926.14,0.0226660487340445,1.0,0.0,7.13,6.74,7.13,6.74,0.06669137449867214,0.010440064996683422,0.05625130950198885,0.05625130950198885,0.041740406149446616,1.0,0.06171107994389913,2018-07-19 07:00:00
2018-07-19 07:00:00,7.29,7.57,7.16,7.57,2343330,943.97,166922920,947.07,939.58,0.0016751843439095,1.0,0.0,7.570000000000001,7.290000000000002,7.570000000000002,7.160000000000002,0.05988183302315294,0.022192311594362427,0.03768952142879053,0.05568308647680322,0.04384937137633034,-1.0,-0.04887714663143983,2018-07-23 07:00:00
2018-07-20 07:00:00,7.39,7.55,7.27,7.53,1836380,933.39,178891900,941.94,930.26,-0.0112712660416373,1.0,0.0,7.530000000000001,7.3900000000000015,7.550000000000002,7.270000000000001,-0.005298025637555161,-0.024065332489246943,0.018767306851691742,0.03779127171550532,0.04172996349029069,-1.0,-0.043824701195218974,2018-07-23 07:00:00
2018-07-23 07:00:00,7.39,7.53,7.16,7.2,2395280,936.74,190030610,949.14,930.25,0.003582642472122,1.0,0.0,7.200000000000002,7.3900000000000015,7.530000000000002,7.160000000000002,-0.044814015789792425,-0.018767306851691788,-0.026046708938100724,0.05038506083924798,0.04231471286841198,-1.0,-0.06666666666666676,2018-07-25 07:00:00
2018-07-24 07:00:00,7.2,7.2,6.74,7.2,3821450,934.08,169638570,939.07,926.3,-0.0028436747442342,1.0,0.0,7.200000000000002,7.200000000000002,7.200000000000002,6.740000000000002,0.0,0.0,0.0,0.06602110109779398,0.04017756565614918,-1.0,-0.06666666666666676,2018-07-25 07:00:00
2018-07-25 07:00:00,7.13,7.2,6.72,6.72,2108000,927.58,201884580,938.33,927.58,-0.0069830435344955,1.0,0.0,6.7200000000000015,7.130000000000002,7.200000000000002,6.7200000000000015,-0.06899287148695156,-0.009769791595805136,-0.05922307989114642,0.06899287148695142,0.043447577639450896,1.0,0.0848214285714286,2018-07-27 07:00:00
2018-07-26 07:00:00,6.9,6.99,6.74,6.93,1475540,930.16,175235210,930.32,920.99,0.002777570229098,1.0,0.0,6.9300000000000015,6.900000000000002,6.990000000000002,6.740000000000002,0.030771658666753687,0.026433257068155646,0.004338401598598141,0.03642063132150323,0.04289231853339028,1.0,0.051948051948051965,2018-07-27 07:00:00
2018-07-27 07:00:00,6.93,7.39,6.93,7.29,1853350,935.52,163302090,937.23,928.82,0.0057459100670077,1.0,0.0,7.290000000000002,6.9300000000000015,7.3900000000000015,6.9300000000000015,0.050643732818754936,0.0,0.050643732818754936,0.06426792175829858,0.04399509810293918,0.0,0.013717421124828544,2018-08-03 07:00:00
2018-07-30 07:00:00,7.29,7.57,7.29,7.48,1777310,949.73,184174690,949.73,937.69,0.0150752092454445,1.0,0.0,7.480000000000002,7.290000000000002,7.570000000000002,7.290000000000002,0.02572924596581916,0.0,0.02572924596581916,0.03768952142879074,0.04244458711992385,0.0,-0.025401069518716346,2018-08-06 07:00:00
2018-07-31 07:00:00,7.48,7.66,7.39,7.39,1237610,956.39,229774470,959.07,947.32,0.0069880459804991,1.0,0.0,7.390000000000002,7.480000000000004,7.660000000000004,7.390000000000003,-0.012105057026275404,2.2204460492503128e-16,-0.01210505702627563,0.03588424879238953,0.040618530340655656,0.0,-0.03788903924221898,2018-08-07 07:00:00
2018-08-01 07:00:00,7.39,7.53,7.34,7.46,1613470,952.77,180793930,960.05,949.89,-0.0037922482540086,1.0,0.0,7.460000000000003,7.390000000000003,7.530000000000004,7.340000000000003,0.009427679255559046,2.2204460492503128e-16,0.009427679255559046,0.0255561991853781,0.03865917179855236,-1.0,-0.046916890080428764,2018-08-07 07:00:00
2018-08-02 07:00:00,7.41,7.46,7.18,7.39,1135180,953.55,197722680,953.55,942.39,0.0008183306512319,1.0,0.0,7.390000000000002,7.410000000000004,7.4600000000000035,7.180000000000003,-0.009427679255559082,-0.006724974907673856,-0.00270270434788525,0.038256031155536746,0.036931727454675316,-1.0,-0.03788903924221898,2018-08-07 07:00:00
2018-08-03 07:00:00,7.39,7.55,7.39,7.39,919250,959.6,166126830,966.1,953.55,0.0063246689150121,1.0,0.0,7.390000000000002,7.390000000000003,7.550000000000003,7.390000000000003,0.0,2.2204460492503128e-16,-1.1102230246251565e-16,0.021419828300823045,0.0351051211373103,-1.0,-0.03788903924221898,2018-08-07 07:00:00
2018-08-06 07:00:00,7.46,7.55,7.29,7.29,1379150,960.23,153665970,962.99,955.42,0.000656308134172,1.0,0.0,7.290000000000004,7.4600000000000035,7.550000000000003,7.290000000000004,-0.013624188939543421,0.009427679255559266,-0.02305186819510272,0.03504401724036654,0.03368488292826178,1.0,0.0507544581618653,2018-08-09 07:00:00
2018-08-07 07:00:00,7.36,7.36,7.11,7.11,959190,956.79,138303880,962.02,953.71,-0.0035889074629784,1.0,0.0,7.110000000000004,7.360000000000004,7.360000000000004,7.110000000000004,-0.02500130220541727,0.009556386720218229,-0.034557688925635315,0.034557688925635446,0.032912006324589495,1.0,0.07735583684950731,2018-08-09 07:00:00
2018-08-08 07:00:00,7.11,7.27,7.02,7.25,1006270,966.27,140667750,966.27,958.31,0.0098593666276587,1.0,0.0,7.250000000000003,7.110000000000004,7.270000000000003,7.020000000000003,0.019499225051433807,0.0,0.019499225051433807,0.034993073507708264,0.03197468661056345,1.0,0.05655172413793097,2018-08-09 07:00:00
2018-08-09 07:00:00,7.2,7.73,7.18,7.66,2340880,963.5,156257390,972.52,963.5,-0.0028708104099708,1.0,0.0,7.660000000000002,7.200000000000002,7.730000000000002,7.1800000000000015,0.05501051488591646,-0.006920442844573907,0.0619309577304903,0.07380947953919795,0.034683835053737726,0.0,-0.024804177545691974,2018-08-16 07:00:00
2018-08-10 07:00:00,7.69,7.71,7.55,7.59,1224940,968.47,171440130,968.47,955.04,0.0051450187771977,1.0,0.0,7.5900000000000025,7.690000000000004,7.7100000000000035,7.550000000000003,-0.009180392344961251,0.003908799765052861,-0.013089192110014275,0.020970624314304718,0.03325709205746044,0.0,0.019762845849802257,2018-08-17 07:00:00
2018-08-13 07:00:00,7.62,7.83,7.57,7.62,1699830,978.04,178091820,978.04,963.41,0.0098330623623255,1.0,0.0,7.620000000000003,7.620000000000004,7.830000000000004,7.570000000000004,0.003944778291016325,0.003944778291016546,-1.1102230246251565e-16,0.0337694425533542,0.03162010221324792,1.0,0.06430446194225703,2018-08-20 07:00:00
2018-08-14 07:00:00,7.81,7.81,7.67,7.67,1250210,978.27,149752820,981.42,974.47,0.0002351365591954,1.0,0.0,7.670000000000003,7.810000000000003,7.810000000000003,7.6700000000000035,0.006540245680609975,0.024628594153039793,-0.018088348472429846,0.018088348472429815,0.030076628480901677,1.0,0.057366362451108044,2018-08-20 07:00:00
2018-08-15 07:00:00,7.67,7.69,7.52,7.52,1092560,961.37,171025160,982.0,961.37,-0.0174263550735968,1.0,0.0,7.520000000000002,7.6700000000000035,7.690000000000004,7.520000000000003,-0.01975047741741637,2.2204460492503128e-16,-0.019750477417416482,0.02235464555580427,0.029486579823999052,1.0,0.07845744680851041,2018-08-20 07:00:00
2018-08-16 07:00:00,7.32,7.54,7.32,7.47,762080,964.28,155986290,964.28,955.88,0.003022358388235,1.0,0.0,7.4700000000000015,7.320000000000002,7.540000000000002,7.320000000000002,-0.006671138817022647,-0.026955809988528333,0.020284671171505717,0.02961185404664444,0.028153354758161483,1.0,0.03614457831325302,2018-08-17 07:00:00
2018-08-17 07:00:00,7.52,7.76,7.52,7.74,1195940,968.88,136124710,975.52,968.88,0.0047590563450172,1.0,0.0,7.740000000000002,7.520000000000001,7.760000000000002,7.520000000000001,0.03550668845690982,0.006671138817022601,0.02883554963988732,0.031416196233378914,0.028733539501976192,1.0,0.04780361757105922,2018-08-20 07:00:00
2018-08-20 07:00:00,7.74,8.2,7.72,8.11,3190220,969.62,159945460,973.57,966.46,0.0007634769522263,1.0,0.0,8.110000000000001,7.740000000000002,8.200000000000001,7.7200000000000015,0.0466961805256856,0.0,0.0466961805256856,0.06031979023352262,0.03017863403930848,0.0,0.023427866831073008,2018-08-27 07:00:00
2018-08-21 07:00:00,8.06,8.25,8.06,8.15,1396440,979.21,166417760,979.21,968.45,0.0098418819591945,1.0,0.0,8.150000000000002,8.060000000000002,8.250000000000002,8.060000000000002,0.004920059125449853,-0.006184311608784545,0.011104370734234356,0.02329964382805264,0.028717017458888286,0.0,0.012269938650306678,2018-08-28 07:00:00
2018-08-22 07:00:00,8.13,8.42,8.13,8.25,1590470,982.15,165152300,986.36,979.21,0.0029979220560692,1.0,0.0,8.25,8.13,8.42,8.13,0.012195273093817986,-0.0024570036930523257,0.014652276786870196,0.035048904694516096,0.027338969442215026,0.0,0.0121212121212122,2018-08-29 07:00:00
2018-08-23 07:00:00,8.15,8.28,8.13,8.13,1083800,987.36,136864890,989.45,982.48,0.0052906683924714,1.0,0.0,8.13,8.15,8.28,8.13,-0.014652276786870262,-0.012195273093818243,-0.002457003693052103,0.018282044837448854,0.026912590769343322,1.0,0.027060270602705883,2018-08-24 07:00:00
2018-08-24 07:00:00,8.13,8.5,8.06,8.35,1550180,987.05,154534730,989.21,982.88,-0.0003140178610799,1.0,0.0,8.35,8.13,8.5,8.06,0.02670061530304475,0.0,0.02670061530304475,0.053152606977733705,0.026331751012709192,0.0,0.020359281437126064,2018-08-31 07:00:00
2018-08-27 07:00:00,8.42,8.57,8.25,8.3,1460270,991.92,172686090,994.54,990.03,0.0049217621599097,1.0,0.0,8.300000000000002,8.420000000000002,8.570000000000002,8.250000000000002,-0.006006024060211587,0.008348289391471465,-0.014354313451683054,0.03805453226309883,0.025403628541742516,1.0,0.026506024096385472,2018-08-31 07:00:00
2018-08-28 07:00:00,8.35,8.4,8.23,8.25,1160720,995.19,160331540,995.29,989.81,0.0032912148313333,1.0,0.0,8.250000000000002,8.350000000000001,8.400000000000002,8.230000000000002,-0.006042314455962698,0.006006024060211728,-0.01204833851617448,0.02044569116028952,0.024468338641878147,1.0,0.032727272727272716,2018-08-31 07:00:00
2018-08-29 07:00:00,8.25,8.45,8.2,8.35,1342500,988.17,147774090,995.05,987.47,-0.0070789259791701,1.0,0.0,8.350000000000001,8.250000000000002,8.450000000000001,8.200000000000001,0.012048338516174355,0.0,0.012048338516174355,0.030032287098875076,0.023352847851632223,-1.0,-0.03473053892215561,2018-09-06 07:00:00
2018-08-30 07:00:00,8.28,8.45,8.28,8.4,1144140,998.07,156100950,998.07,983.43,0.009968666408561,1.0,0.0,8.400000000000002,8.280000000000001,8.450000000000001,8.280000000000001,0.005970166986503975,-0.00841857046559579,0.01438873745209967,0.020323472971914242,0.022210471196915736,-1.0,-0.02619047619047621,2018-09-05 07:00:00
2018-08-31 07:00:00,8.45,8.72,8.42,8.52,1861800,989.54,163243740,1003.06,989.54,-0.0085832254499403,1.0,0.0,8.520000000000001,8.450000000000001,8.720000000000002,8.420000000000002,0.014184634991956381,0.0059347355198145265,0.00824989947214184,0.035009409666653016,0.021261931533233955,-1.0,-0.039906103286385,2018-09-05 07:00:00
2018-09-04 07:00:00,8.55,8.72,8.37,8.37,1072250,975.94,172128470,992.18,975.94,-0.0138390795688043,1.0,0.0,8.370000000000001,8.550000000000002,8.720000000000002,8.370000000000001,-0.0177624563398405,0.003514942107444592,-0.021277398447285076,0.04096535341950444,0.021548563112848088,-1.0,-0.02270011947431294,2018-09-05 07:00:00
2018-09-05 07:00:00,8.35,8.42,8.18,8.18,1639130,968.44,161390790,978.78,964.8,-0.0077145796569345,1.0,0.0,8.180000000000001,8.350000000000001,8.420000000000002,8.180000000000001,-0.022961733886728182,-0.002392345638619824,-0.02056938824810841,0.028917677639579586,0.0221117932827866,-1.0,-0.026894865525672218,2018-09-10 07:00:00
2018-09-06 07:00:00,8.3,8.3,8.06,8.06,958240,958.19,142238280,970.84,957.99,-0.0106404412966741,1.0,0.0,8.060000000000002,8.300000000000002,8.300000000000002,8.060000000000002,-0.01477859409611872,0.014563364187896728,-0.02934195828401532,0.029341958284015375,0.02162667529378369,1.0,0.02977667493796532,2018-09-12 07:00:00
2018-09-07 07:00:00,8.06,8.2,8.01,8.15,679850,968.9,152617370,969.34,955.5,0.0111153192310011,1.0,0.0,8.150000000000002,8.060000000000002,8.200000000000001,8.010000000000002,0.011104370734234356,0.0,0.011104370734234356,0.023443393189939415,0.02082314448991283,-1.0,-0.0233128834355828,2018-09-10 07:00:00
2018-09-10 07:00:00,8.18,8.25,7.91,7.96,1405240,970.34,150338320,974.59,968.19,0.0014851181541936,1.0,0.0,7.960000000000003,8.180000000000003,8.250000000000004,7.910000000000004,-0.02358892739647967,0.0036742233618845465,-0.02726315075836411,0.04208541856702702,0.021186453538175182,1.0,0.023869346733668362,2018-09-11 07:00:00
2018-09-11 07:00:00,7.96,8.15,7.91,8.15,1687080,985.06,158843940,985.06,967.92,0.0150560274773562,1.0,0.0,8.150000000000002,7.960000000000002,8.150000000000002,7.910000000000002,0.023588927396479713,-1.1102230246251565e-16,0.023588927396479713,0.029890145473208913,0.021470207155525854,1.0,0.024539877300613355,2018-09-13 07:00:00
2018-09-12 07:00:00,8.25,8.42,8.18,8.3,1592330,987.01,170858030,994.83,987.01,0.0019776180719074,1.0,0.0,8.300000000000002,8.250000000000002,8.420000000000002,8.180000000000001,0.018237587549781012,0.012195273093818206,0.006042314455962662,0.028917677639579586,0.02104604679390536,0.0,-0.002409638554217275,2018-09-19 07:00:00
2018-09-13 07:00:00,8.37,8.4,8.28,8.35,633830,987.95,148842470,992.96,984.92,0.0009519180854108,1.0,0.0,8.350000000000001,8.370000000000001,8.400000000000002,8.280000000000001,0.006006024060211728,0.008398369698831641,-0.002392345638619824,0.01438873745209967,0.020038942897035922,-1.0,-0.02395209580838309,2018-09-17 07:00:00
2018-09-14 07:00:00,8.4,8.42,8.2,8.35,1023380,991.34,149728940,995.55,989.56,0.0034254740991148,1.0,0.0,8.350000000000001,8.400000000000002,8.420000000000002,8.200000000000001,0.0,0.005970166986503975,-0.005970166986503908,0.026475673984027955,0.01908506311513859,-1.0,-0.02395209580838309,2018-09-17 07:00:00
2018-09-17 07:00:00,8.25,8.3,8.15,8.15,784500,987.61,146741120,993.83,987.02,-0.0037696803022742,1.0,0.0,8.150000000000002,8.250000000000002,8.300000000000002,8.150000000000002,-0.024243611609992624,-0.01204833851617448,-0.012195273093818243,0.018237587549781012,0.019914090747599925,1.0,0.057668711656441385,2018-09-20 07:00:00
2018-09-18 07:00:00,8.01,8.23,7.98,8.23,1784550,993.49,171104330,993.49,981.89,0.0059361135392836,1.0,0.0,8.230000000000002,8.010000000000002,8.230000000000002,7.980000000000002,0.009768087436207048,-0.0173271661725035,0.027095253608710654,0.030847603227261017,0.019152953987862504,1.0,0.04738760631834715,2018-09-20 07:00:00
2018-09-19 07:00:00,8.25,8.5,8.2,8.28,2806830,995.54,206247050,1001.83,994.5,0.0020613069947346,1.0,0.0,8.28,8.25,8.5,8.2,0.006056953708189461,0.002427185657610916,0.003629768050578731,0.03593200922606337,0.018275140203900253,1.0,0.04106280193236711,2018-09-20 07:00:00
2018-09-20 07:00:00,8.3,8.64,8.3,8.62,2648540,1004.74,179431950,1004.74,996.48,0.0091987770445383,1.0,0.0,8.62,8.3,8.64,8.3,0.04024211627843337,0.0024125464053841475,0.037829569873049355,0.040147068013411946,0.020903323189005917,1.0,0.022041763341067444,2018-09-27 07:00:00
2018-09-21 07:00:00,8.64,8.69,8.45,8.64,2304770,1002.97,273413180,1009.1,1000.39,-0.0017632033098013,1.0,0.0,8.640000000000002,8.640000000000002,8.690000000000001,8.450000000000001,0.0023174981403629256,0.0023174981403629256,0.0,0.02800649790821816,0.019903814761479753,0.0,0.003472222222222099,2018-09-28 07:00:00
2018-09-24 07:00:00,8.79,8.79,8.55,8.62,2067020,1011.29,169398920,1011.29,1007.45,0.0082611453511812,1.0,0.0,8.62,8.79,8.79,8.55,-0.002317498140362924,0.01721212888112099,-0.01952962702148393,0.027683428748416648,0.019062648740591777,1.0,0.022041763341067444,2018-09-27 07:00:00
2018-09-25 07:00:00,8.62,8.96,8.55,8.77,2965510,1010.74,198241540,1014.53,1008.67,-0.0005440077679995,1.0,0.0,8.77,8.62,8.96,8.55,0.017251721708489962,0.0,0.017251721708489962,0.04683894403817033,0.01854186887364029,-1.0,-0.02850627137970352,2018-10-01 07:00:00
2018-09-26 07:00:00,8.79,8.96,8.77,8.77,2331850,1009.61,219897580,1014.86,1007.44,-0.0011186181778715,1.0,0.0,8.77,8.79,8.96,8.77,0.0,0.002277905312993867,-0.002277905312993954,0.02143342060274768,0.017717101625938772,-1.0,-0.02850627137970352,2018-10-01 07:00:00
2018-09-27 07:00:00,8.77,8.84,8.72,8.81,1415180,1015.37,180962780,1017.78,1010.49,0.0056889604192056,1.0,0.0,8.81,8.77,8.84,8.72,0.004550633563996509,0.0,0.004550633563996509,0.013667638728663615,0.016852756728477365,-1.0,-0.03291713961407505,2018-10-01 07:00:00
2018-09-28 07:00:00,8.79,8.84,8.67,8.67,2019590,1017.13,224567020,1020.84,1015.4,0.0017318577514408,1.0,0.0,8.670000000000002,8.790000000000001,8.840000000000002,8.670000000000002,-0.01601864915563749,-0.0022727282510024553,-0.013745920904635014,0.019418085857101516,0.01723716589574082,-1.0,-0.017301038062284002,2018-10-01 07:00:00
2018-10-01 07:00:00,8.62,8.69,8.45,8.52,2019540,1012.88,225044930,1023.87,1012.88,-0.004187177609381,1.0,0.0,8.52,8.62,8.69,8.45,-0.01745244995122639,-0.00578370611684903,-0.011668743834377378,0.02800649790821816,0.01751648471466243,1.0,0.03169014084507027,2018-10-04 07:00:00
2018-10-02 07:00:00,8.45,8.64,8.42,8.5,1167700,1018.79,203932870,1021.51,1012.88,0.0058178903759527,1.0,0.0,8.5,8.45,8.64,8.42,-0.0023501773449535156,-0.008249899472141949,0.005899722127188322,0.02579275456172898,0.01669303920696836,1.0,0.03411764705882314,2018-10-04 07:00:00
2018-10-03 07:00:00,8.5,8.69,8.5,8.59,987810,1020.4,160155660,1024.59,1016.47,0.0015790586797059,1.0,0.0,8.59,8.5,8.69,8.5,0.010532572499893152,0.0,0.010532572499893152,0.022106775781029778,0.01614962507549368,1.0,0.023282887077997305,2018-10-04 07:00:00
2018-10-04 07:00:00,8.69,8.79,8.59,8.79,1304560,1023.62,183870790,1024.68,1020.4,0.0031506567094719,1.0,0.0,8.789999999999997,8.689999999999998,8.789999999999997,8.589999999999998,0.023015975700921266,0.011574203281136486,0.01144177241978486,0.023015975700921485,0.01665195698476926,-1.0,-0.025028441410694047,2018-10-10 07:00:00
2018-10-05 07:00:00,8.74,8.86,8.64,8.69,1902650,1008.39,206650560,1020.77,1008.39,-0.0149903644122566,1.0,0.0,8.689999999999998,8.739999999999998,8.859999999999998,8.639999999999999,-0.011441772419784942,-0.0057045220296413615,-0.005737250390143459,0.025144181801025164,0.0164830965496284,-1.0,-0.08170310701956274,2018-10-11 07:00:00
2018-10-08 07:00:00,8.59,8.89,8.55,8.69,3366990,996.12,185949540,1006.13,996.12,-0.0122425463099271,1.0,0.0,8.689999999999998,8.589999999999998,8.889999999999999,8.549999999999999,0.0,-0.011574203281136678,0.011574203281136706,0.03899576657714434,0.015693235814660405,-1.0,-0.08170310701956274,2018-10-11 07:00:00
2018-10-09 07:00:00,8.69,8.79,8.67,8.72,2863320,996.19,178954450,1001.87,996.19,7.027018890515006e-05,1.0,0.0,8.719999999999997,8.689999999999996,8.789999999999996,8.669999999999996,0.0034462986435874277,-2.2204460492503136e-16,0.003446298643587649,0.013745920904635136,0.014933065231887876,-1.0,-0.017201834862385357,2018-10-10 07:00:00
2018-10-10 07:00:00,8.72,8.79,8.57,8.57,1476310,993.96,171846560,999.62,991.22,-0.0022410380456766,1.0,0.0,8.569999999999997,8.719999999999997,8.789999999999996,8.569999999999997,-0.017351505311199875,0.0,-0.017351505311199875,0.02534697908739706,0.015374210020566395,-1.0,-0.06884480746791122,2018-10-11 07:00:00
2018-10-11 07:00:00,8.11,8.3,7.98,7.98,6901570,945.89,344023630,972.21,938.83,-0.0495706811769973,1.0,0.0,7.979999999999998,8.109999999999996,8.299999999999997,7.979999999999998,-0.07132932114797091,-0.05516986448236705,-0.016159456665603977,0.03931710334083484,0.02606819264339252,0.0,0.016290726817042467,2018-10-18 07:00:00
2018-10-12 07:00:00,7.81,8.13,7.69,8.06,1240530,970.08,203631780,970.08,933.35,0.0252522591022448,1.0,0.0,8.059999999999999,7.809999999999998,8.129999999999999,7.689999999999999,0.009975145056819745,-0.021533447610122772,0.03150859266694248,0.05564014004216675,0.025287495473781705,0.0,-2.220446049250313e-16,2018-10-19 07:00:00
2018-10-15 07:00:00,8.06,8.06,7.86,7.89,958320,951.64,123102110,970.08,951.64,-0.0191917303097775,1.0,0.0,7.889999999999997,8.059999999999997,8.059999999999997,7.859999999999998,-0.02131742166075431,-2.2204460492503136e-16,-0.021317421660754083,0.025126950077421644,0.02455399413903294,1.0,0.032953105196451116,2018-10-17 07:00:00
2018-10-16 07:00:00,7.91,8.06,7.84,8.01,1996370,963.37,117735940,963.69,950.36,0.0122507419841116,1.0,0.0,8.009999999999996,7.909999999999997,8.059999999999997,7.839999999999996,0.015094626222484888,0.002531646921779505,0.012562979300705398,0.0276747221562205,0.02424363930287397,-1.0,-0.06367041198501888,2018-10-22 07:00:00
2018-10-17 07:00:00,8.06,8.2,8.06,8.15,1104280,971.6,137768810,975.27,969.06,0.0085066431302625,1.0,0.0,8.149999999999997,8.059999999999997,8.199999999999996,8.059999999999997,0.01732716617250353,0.006222795438269086,0.011104370734234356,0.01722059775167034,0.023973845168327623,-1.0,-0.07975460122699407,2018-10-22 07:00:00
2018-10-18 07:00:00,8.06,8.15,8.06,8.11,865300,963.47,126109950,970.75,962.68,-0.0084028462399242,1.0,0.0,8.109999999999996,8.059999999999997,8.149999999999997,8.059999999999997,-0.00492005912544987,-0.011104370734234353,0.006184311608784522,0.011104370734234356,0.022816564406996104,-1.0,-0.07521578298397047,2018-10-22 07:00:00
2018-10-19 07:00:00,7.86,8.11,7.86,8.06,1283640,958.36,132371320,959.63,945.83,-0.0053178606249339,1.0,0.0,8.059999999999997,7.859999999999997,8.109999999999996,7.859999999999997,-0.006184311608784545,-0.031311261686206286,0.02512695007742186,0.031311261686206196,0.021729508420170452,-1.0,-0.06947890818858582,2018-10-22 07:00:00
2018-10-22 07:00:00,8.11,8.11,7.5,7.5,7334150,953.51,133005070,963.79,953.51,-0.0050735776007013,1.0,0.0,7.499999999999996,8.109999999999994,8.109999999999994,7.499999999999996,-0.0720105359762724,0.006184311608784302,-0.07819484758505663,0.07819484758505672,0.029322848778640113,-1.0,-0.06533333333333335,2018-10-24 07:00:00
2018-10-23 07:00:00,7.32,7.47,7.03,7.42,1906270,939.68,181840880,950.42,925.29,-0.0146105208882486,1.0,0.0,7.4199999999999955,7.319999999999996,7.469999999999995,7.029999999999997,-0.010723963362975724,-0.024292692569044587,0.013568729206068796,0.06070829332215223,0.027893842390798333,-1.0,-0.055256064690026974,2018-10-24 07:00:00
2018-10-24 07:00:00,7.28,7.42,7.01,7.01,1265460,922.73,132105240,939.06,922.73,-0.0182027244419898,1.0,0.0,7.009999999999995,7.279999999999996,7.419999999999995,7.009999999999995,-0.05684135613279038,-0.019048194970694474,-0.037793161162095974,0.056841356132790316,0.030100609681802986,-1.0,-0.042796005706134066,2018-10-29 07:00:00
2018-10-25 07:00:00,6.59,7.11,6.59,7.11,1517540,910.17,163619880,912.07,885.34,-0.0137052720819211,1.0,0.0,7.109999999999996,6.589999999999995,7.109999999999996,6.589999999999995,0.01416454276865085,-0.06178435253208285,0.07594889530073379,0.07594889530073379,0.029873114891193382,-1.0,-0.03797468354430389,2018-10-26 07:00:00
2018-10-26 07:00:00,7.23,7.25,6.84,6.84,895590,900.82,133621650,918.16,900.82,-0.0103259356246654,1.0,0.0,6.839999999999995,7.229999999999996,7.249999999999996,6.839999999999995,-0.03871451218069051,0.016736792355523826,-0.05545130453621437,0.05821373723212445,0.029578384079593175,0.0,0.0204678362573103,2018-11-02 07:00:00
2018-10-29 07:00:00,6.93,6.93,6.69,6.71,917090,888.82,113424680,897.84,884.92,-0.0134107193031594,1.0,0.0,6.7099999999999955,6.929999999999995,6.929999999999995,6.689999999999996,-0.019188780650868653,0.0130720815673527,-0.032260862218221435,0.03524593906167467,0.028177327918797724,1.0,0.032786885245901676,2018-10-31 07:00:00
2018-10-30 07:00:00,6.69,6.84,6.45,6.67,836340,888.69,119547410,894.8,880.85,-0.0001462720324856,1.0,0.0,6.6699999999999955,6.689999999999996,6.839999999999995,6.449999999999996,-0.005979091056058071,-0.002985076843453285,-0.0029940142126047777,0.05870760082677791,0.02692535070034927,1.0,0.038980509745127456,2018-10-31 07:00:00
2018-10-31 07:00:00,6.71,6.93,6.71,6.93,790110,914.76,159222360,914.76,894.23,0.0289132674981948,1.0,0.0,6.929999999999996,6.709999999999996,6.929999999999996,6.709999999999996,0.03823995327427953,0.005979091056058231,0.03226086221822148,0.03226086221822148,0.0300127788530306,1.0,0.03896103896103886,2018-11-06 07:00:00
2018-11-01 07:00:00,6.93,7.01,6.79,6.79,700930,907.96,121693330,918.84,905.73,-0.0074614110206813,1.0,0.0,6.789999999999997,6.929999999999997,7.009999999999996,6.789999999999997,-0.020408871631206898,2.2204460492503128e-16,-0.020408871631207012,0.03188675947589385,0.028762334514936174,1.0,0.04270986745213534,2018-11-05 07:00:00
2018-11-02 07:00:00,6.84,7.03,6.84,6.98,601390,924.86,209087970,927.62,910.4,0.0184420499388008,1.0,0.0,6.979999999999998,6.839999999999997,7.029999999999998,6.839999999999997,0.027597975203676465,0.007336790063854308,0.020261185139822144,0.02739897418811456,0.029594836134668633,1.0,0.031518624641833526,2018-11-06 07:00:00
2018-11-05 07:00:00,6.98,7.08,6.91,7.08,462510,925.53,121121310,925.53,915.77,0.0007241716927569,1.0,0.0,7.0799999999999965,6.979999999999997,7.0799999999999965,6.909999999999997,0.014224990931347041,-1.1102230246251565e-16,0.01422499093134726,0.02430426992604995,0.028821399502885335,0.0,-0.01694915254237317,2018-11-12 07:00:00
2018-11-06 07:00:00,7.13,7.3,7.13,7.2,976720,922.05,120442560,931.27,921.93,-0.0037670943779312,1.0,0.0,7.199999999999996,7.1299999999999955,7.299999999999995,7.1299999999999955,0.01680711831638119,0.007037326720576084,0.00976979159580503,0.023563113728140902,0.028145423818003574,-1.0,-0.03750000000000009,2018-11-09 07:00:00
2018-11-07 07:00:00,7.2,7.2,6.93,7.03,513590,922.16,126800490,924.6,915.41,0.000119292271629,1.0,0.0,7.029999999999996,7.199999999999996,7.199999999999996,6.929999999999995,-0.023894320199436117,0.0,-0.023894320199436117,0.03822121282019788,0.027547699042185684,0.0,-0.00711237553342825,2018-11-14 07:00:00
2018-11-08 07:00:00,7.23,7.23,7.06,7.08,289610,926.28,136692720,932.86,925.54,0.0044578204570056,1.0,0.0,7.079999999999996,7.229999999999996,7.229999999999996,7.059999999999995,0.007087201883054831,0.028052330348099896,-0.020965128465044964,0.023793984665522645,0.02643003677909667,0.0,-0.016949152542373058,2018-11-15 07:00:00
2018-11-09 07:00:00,7.08,7.18,6.93,6.93,416080,914.29,131109630,925.31,914.29,-0.0130287569682991,1.0,0.0,6.929999999999995,7.079999999999996,7.179999999999995,6.929999999999995,-0.021414094503816584,0.0,-0.021414094503816584,0.03543956985832102,0.025725325354584844,0.0,0.01875901875901853,2018-11-16 07:00:00
2018-11-12 07:00:00,6.93,7.08,6.86,6.96,750960,918.12,109808760,918.99,903.95,0.0041802932502971,1.0,0.0,6.959999999999995,6.929999999999994,7.079999999999995,6.859999999999995,0.00431966114451638,-1.1102230246251565e-16,0.00431966114451638,0.03156646596783451,0.024630843859228743,1.0,0.08045977011494232,2018-11-19 07:00:00
2018-11-13 07:00:00,6.93,7.11,6.86,6.96,885810,905.38,132807600,910.2,903.48,-0.0139733559580007,1.0,0.0,6.959999999999995,6.929999999999994,7.109999999999995,6.859999999999995,0.0,-0.004319661144516507,0.00431966114451638,0.03579480207735577,0.023461616786680795,1.0,0.08045977011494232,2018-11-19 07:00:00
2018-11-14 07:00:00,6.96,7.11,6.96,6.98,477000,900.93,125187850,910.58,898.83,-0.0049271819374995,1.0,0.0,6.979999999999995,6.959999999999995,7.109999999999995,6.959999999999995,0.0028694424279529607,0.0,0.0028694424279529607,0.021322769468821244,0.022404995418711115,1.0,0.07736389684813738,2018-11-19 07:00:00
2018-11-15 07:00:00,6.89,7.08,6.89,6.96,562910,897.15,134989500,903.83,892.5,-0.0042044909775847,1.0,0.0,6.959999999999995,6.889999999999994,7.079999999999995,6.889999999999994,-0.0028694424279529316,-0.012977831748713989,0.010108389320761057,0.0272028226800612,0.021311512556781764,1.0,0.08045977011494232,2018-11-19 07:00:00
2018-11-16 07:00:00,7.03,7.13,6.98,7.06,734580,898.19,142498160,903.21,894.14,0.0011585550551187,1.0,0.0,7.059999999999994,7.029999999999995,7.129999999999995,6.979999999999995,0.01426557715882244,0.010007231476245396,0.004258345682577025,0.021262317651923313,0.02093405373796308,1.0,0.06515580736543902,2018-11-19 07:00:00
2018-11-19 07:00:00,7.11,7.52,7.11,7.52,1075710,916.06,123860310,916.06,900.61,0.0197002374985675,1.0,0.0,7.519999999999993,7.109999999999995,7.519999999999993,7.109999999999995,0.06312108645659768,0.007057192309998979,0.05606389414659884,0.05606389414659884,0.027829640288885335,0.0,-0.0066489361702127825,2018-11-26 07:00:00
2018-11-20 07:00:00,7.52,7.52,7.4,7.42,625260,919.02,126164590,919.02,909.76,0.0032260201921555,1.0,0.0,7.419999999999995,7.519999999999994,7.519999999999994,7.399999999999995,-0.013387080782459185,2.2204460492503128e-16,-0.013387080782459296,0.016086137751624225,0.027026797075625702,0.0,0.006738544474393482,2018-11-27 07:00:00
2018-11-21 07:00:00,7.3,7.59,7.25,7.52,1090450,922.56,119083100,922.56,907.47,0.0038445295455196,1.0,0.0,7.519999999999993,7.2999999999999945,7.589999999999994,7.249999999999995,0.013387080782459279,-0.016304709024943697,0.029691789807402783,0.04583012254095498,0.025897586498552037,0.0,-0.0026595744680850686,2018-11-28 07:00:00
2018-11-22 07:00:00,7.62,7.64,7.47,7.52,837390,924.42,114412140,926.15,922.02,0.0020140993717011,1.0,0.0,7.519999999999993,7.619999999999994,7.6399999999999935,7.4699999999999935,0.0,0.013210231736806482,-0.013210231736806575,0.022502604033703244,0.024662665170862536,0.0,0.0,2018-11-29 07:00:00
2018-11-23 07:00:00,7.42,7.57,7.37,7.52,772920,917.97,111905790,925.84,916.87,-0.0070018034738044,1.0,0.0,7.519999999999993,7.419999999999995,7.569999999999994,7.369999999999995,0.0,-0.013387080782459185,0.013387080782459279,0.026775361248112053,0.02348392936285904,0.0,0.013297872340425565,2018-11-30 07:00:00
2018-11-26 07:00:00,7.45,7.5,7.42,7.47,611080,921.03,90451440,921.96,914.43,0.0033278986667769,1.0,0.0,7.4699999999999935,7.449999999999994,7.499999999999994,7.419999999999995,-0.006671138817022535,-0.009352105570280288,0.0026809667532577425,0.010723963362975642,0.022536958266222117,1.0,0.03346720214190091,2018-12-03 07:00:00
2018-11-27 07:00:00,7.47,7.52,7.42,7.47,1289020,923.12,109001530,930.37,921.26,0.0022666278717013,1.0,0.0,7.4699999999999935,7.4699999999999935,7.519999999999993,7.419999999999995,0.0,0.0,0.0,0.013387080782459279,0.02144823169759858,1.0,0.03346720214190091,2018-12-03 07:00:00
2018-11-28 07:00:00,7.47,7.54,7.42,7.5,905990,930.2,96777710,930.2,922.03,0.0076403799035844,1.0,0.0,7.499999999999994,7.4699999999999935,7.539999999999994,7.419999999999995,0.004008021397538868,0.0,0.004008021397538868,0.016043124840575466,0.020409487949455227,1.0,0.029333333333333433,2018-12-03 07:00:00
2018-11-29 07:00:00,7.5,7.62,7.47,7.52,1119700,926.79,117424890,937.75,926.79,-0.0036726141044012,1.0,0.0,7.519999999999993,7.499999999999994,7.619999999999994,7.4699999999999935,0.0026631174194836284,0.0,0.0026631174194836284,0.019881370553828995,0.01941364353844749,1.0,0.02659574468085113,2018-12-03 07:00:00
2018-11-30 07:00:00,7.57,7.62,7.47,7.62,1330190,926.54,128769250,928.92,921.08,-0.0002697846595224,1.0,0.0,7.619999999999994,7.569999999999994,7.619999999999994,7.4699999999999935,0.013210231736806482,0.006626929487609078,0.006583302249197396,0.019881370553828995,0.018755486383338925,-1.0,-0.03280839895013121,2018-12-06 07:00:00
2018-12-03 07:00:00,7.74,7.79,7.67,7.72,1273000,951.59,158946860,951.59,937.1,0.0266770517304476,1.0,0.0,7.7199999999999935,7.739999999999994,7.789999999999994,7.669999999999994,0.0130379943381298,0.015625317903080815,-0.0025873235649510238,0.015524244503492171,0.01807705180435829,-1.0,-0.023316062176165775,2018-12-04 07:00:00
2018-12-04 07:00:00,7.67,7.74,7.54,7.54,1285730,958.84,177097760,960.44,950.89,0.0075899507486886,1.0,0.0,7.539999999999994,7.669999999999994,7.739999999999994,7.539999999999994,-0.02359218201682007,-0.006497748657520007,-0.017094433359300068,0.026179505581771078,0.019133314432122888,-1.0,-0.022546419098143256,2018-12-06 07:00:00
2018-12-05 07:00:00,7.47,7.54,7.35,7.5,1635120,957.14,153998080,960.87,946.97,-0.0017745492605474,1.0,0.0,7.499999999999994,7.4699999999999935,7.539999999999994,7.349999999999994,-0.005319161477599933,-0.009327182875138769,0.004008021397538868,0.025521868795119338,0.018318965488304844,1.0,0.022666666666666613,2018-12-11 07:00:00
2018-12-06 07:00:00,7.47,7.57,7.32,7.37,1426320,954.82,145040180,959.59,948.44,-0.0024268302042275,1.0,0.0,7.369999999999994,7.4699999999999935,7.569999999999993,7.319999999999994,-0.0174853143410195,-0.004008021397538822,-0.013477292943480646,0.033582739476137095,0.01828871838935457,1.0,0.027137042062415295,2018-12-07 07:00:00
2018-12-07 07:00:00,7.47,7.69,7.45,7.57,2192930,958.59,151647570,962.39,955.96,0.0039406137508592,1.0,0.0,7.569999999999995,7.469999999999994,7.689999999999995,7.449999999999995,0.026775361248112268,0.013477292943480861,0.013298068304631634,0.031706751126084544,0.019276550355774615,1.0,0.029062087186261465,2018-12-12 07:00:00
2018-12-10 07:00:00,7.47,7.57,7.45,7.5,722160,955.89,129252710,958.25,951.5,-0.0028206111216261,1.0,0.0,7.499999999999995,7.469999999999994,7.569999999999995,7.449999999999995,-0.009290046907092642,-0.013298068304631601,0.004008021397538868,0.015979035057889193,0.018638865360496786,1.0,0.022666666666666613,2018-12-11 07:00:00
2018-12-11 07:00:00,7.5,7.69,7.47,7.67,1703690,954.58,126821330,957.97,949.34,-0.0013713905010923,1.0,0.0,7.669999999999994,7.499999999999994,7.689999999999994,7.4699999999999935,0.02241359483690001,-1.1102230246251565e-16,0.02241359483690001,0.02902578437282681,0.018889550813923673,1.0,0.03780964797913966,2018-12-13 07:00:00
2018-12-12 07:00:00,7.76,7.81,7.69,7.79,1945900,961.28,143971260,961.28,956.0,0.0069942765270853,1.0,0.0,7.789999999999995,7.7599999999999945,7.809999999999994,7.689999999999995,0.015524244503492171,0.011665718815962635,0.0038585256875294997,0.015484180334041949,0.018369771961772634,1.0,0.021822849807445532,2018-12-13 07:00:00
2018-12-13 07:00:00,7.81,8.03,7.79,7.96,2013890,960.25,145835490,966.83,960.1,-0.0010720624696463,1.0,0.0,7.959999999999995,7.809999999999994,8.029999999999994,7.789999999999995,0.02158813997363484,0.002564103968937634,0.019024036004697143,0.030343668076013266,0.01825497521945693,-1.0,-0.025125628140703404,2018-12-14 07:00:00
2018-12-14 07:00:00,7.98,7.98,7.74,7.76,1317490,952.04,131393080,960.09,951.04,-0.0085866165106075,1.0,0.0,7.759999999999995,7.979999999999996,7.979999999999996,7.739999999999996,-0.025446665661164148,0.0025094116054259286,-0.027956077266590072,0.030536723860081702,0.01973722610373939,-1.0,-0.030927835051546282,2018-12-17 07:00:00
2018-12-17 07:00:00,7.69,7.74,7.52,7.52,1113550,933.65,143135290,948.09,933.65,-0.0195054150503177,1.0,0.0,7.519999999999996,7.689999999999997,7.739999999999997,7.519999999999996,-0.03141619623337881,-0.009061550677574632,-0.02235464555580422,0.02883554963988732,0.02140782437414969,-1.0,-0.022606382978723527,2018-12-18 07:00:00
2018-12-18 07:00:00,7.37,7.52,7.18,7.35,1909400,927.25,155653890,928.2,917.03,-0.0068784192953887,1.0,0.0,7.349999999999995,7.369999999999996,7.519999999999995,7.179999999999996,-0.022865824737003274,-0.020148431760503273,-0.0027173929765000266,0.046266754901615595,0.021447120582058533,1.0,0.025850340136054584,2018-12-21 07:00:00
2018-12-19 07:00:00,7.37,7.52,7.35,7.37,658110,919.24,119410210,927.03,914.55,-0.0086759746809949,1.0,0.0,7.369999999999995,7.369999999999995,7.519999999999993,7.349999999999994,0.002717392976499886,0.002717392976499886,0.0,0.02286582473700313,0.02046396908270159,1.0,0.023066485753053145,2018-12-21 07:00:00
2018-12-20 07:00:00,7.37,7.52,7.37,7.42,712020,918.24,107806880,921.79,914.18,-0.0010884473286527,1.0,0.0,7.4199999999999955,7.369999999999996,7.519999999999995,7.369999999999996,0.006761350978043925,2.2204460492503128e-16,0.006761350978043925,0.020148431760503238,0.019648408127694975,-1.0,-0.04582210242587614,2018-12-26 07:00:00
2018-12-21 07:00:00,7.42,7.54,7.35,7.54,736670,912.26,131219760,915.02,907.88,-0.0065337571962048,1.0,0.0,7.539999999999996,7.4199999999999955,7.539999999999996,7.349999999999995,0.016043124840575684,0.0,0.016043124840575684,0.025521868795119553,0.019404096240346416,-1.0,-0.022546419098143367,2018-12-25 07:00:00
2018-12-24 07:00:00,7.52,7.57,7.4,7.4,446180,908.56,109246400,916.41,908.56,-0.0040641085804568,1.0,0.0,7.399999999999996,7.519999999999995,7.569999999999996,7.399999999999996,-0.01874218180974064,-0.0026560440581162963,-0.01608613775162427,0.022713067239233435,0.01933347971700882,-1.0,-0.04324324324324347,2018-12-26 07:00:00
2018-12-25 07:00:00,7.23,7.37,6.96,7.37,2195490,897.94,168379500,897.94,882.17,-0.0117576776581885,1.0,0.0,7.369999999999995,7.229999999999995,7.369999999999995,6.959999999999995,-0.004062294008879016,-0.02324096403945085,0.01917867003057185,0.05723823185491696,0.01840659813134358,-1.0,-0.03934871099050208,2018-12-26 07:00:00
2018-12-26 07:00:00,7.42,7.42,7.08,7.08,638350,891.75,104065930,899.49,890.86,-0.0069174266862014,1.0,0.0,7.079999999999995,7.419999999999995,7.419999999999995,7.079999999999995,-0.04014379849561689,0.006761350978043925,-0.04690514947366071,0.04690514947366064,0.02099004330690159,1.0,0.04802259887005644,2018-12-27 07:00:00
2018-12-27 07:00:00,7.28,7.42,7.18,7.42,1515510,900.81,112522140,906.63,900.81,0.0101085343281457,1.0,0.0,7.419999999999995,7.279999999999996,7.419999999999995,7.179999999999995,0.04690514947366064,0.02785695450296628,0.01904819497069441,0.03287967411915621,0.025424600967280924,0.0,0.0,2019-01-07 07:00:00
2018-12-28 07:00:00,7.32,7.81,7.32,7.57,3848030,892.54,123558630,903.79,892.54,-0.0092230279904751,1.0,0.0,7.569999999999995,7.319999999999996,7.809999999999994,7.319999999999996,0.0200140102700684,-0.013568729206068678,0.033582739476137095,0.06479463587837432,0.024951714999718447,-1.0,-0.03302509907529727,2019-01-02 07:00:00
2019-01-02 07:00:00,7.59,7.64,7.32,7.32,580840,891.75,91857070,900.1,891.1,-0.0008855063376707,1.0,0.0,7.319999999999995,7.589999999999994,7.6399999999999935,7.319999999999995,-0.03358273947613726,0.0026385239581810205,-0.03622126343431827,0.042787275205208766,0.025986594168967442,1.0,0.027322404371584508,2019-01-08 07:00:00
2019-01-03 07:00:00,7.52,7.52,7.23,7.25,1106600,878.22,135125060,892.21,872.12,-0.0152886925150903,1.0,0.0,7.249999999999995,7.519999999999993,7.519999999999993,7.229999999999995,-0.00960885910663685,0.02695580998852808,-0.03656466909516486,0.039327101791075,0.024830140384662518,1.0,0.03724137931034477,2019-01-08 07:00:00
2019-01-04 07:00:00,7.15,7.47,7.15,7.42,646620,880.9,117664070,881.48,861.85,0.0030469803918394,1.0,0.0,7.419999999999995,7.149999999999996,7.469999999999994,7.149999999999996,0.02317758831270559,-0.013889112160666925,0.037066700473372564,0.04378264243880952,0.024855115559381042,0.0,0.022911051212937794,2019-01-11 07:00:00
2019-01-07 07:00:00,7.57,7.57,7.37,7.42,402340,889.64,87417130,896.63,885.3,0.0098727743984932,1.0,0.0,7.419999999999995,7.569999999999995,7.569999999999995,7.369999999999995,0.0,0.0200140102700684,-0.020014010270068355,0.026775361248112268,0.023641944020230267,1.0,0.052560646900269514,2019-01-14 07:00:00
2019-01-08 07:00:00,7.52,7.62,7.42,7.52,1239630,887.44,92128530,891.87,883.67,-0.0024759730838389,1.0,0.0,7.519999999999993,7.519999999999993,7.619999999999994,7.419999999999995,0.013387080782459279,0.013387080782459279,0.0,0.02659731251926585,0.022850612312221796,1.0,0.03856382978723416,2019-01-14 07:00:00
2019-01-09 07:00:00,7.45,7.57,7.45,7.5,285720,896.99,121796320,897.25,888.61,0.0107038002942315,1.0,0.0,7.499999999999994,7.449999999999994,7.569999999999994,7.449999999999994,-0.002663117419483662,-0.009352105570280288,0.006688988150796489,0.015979035057889193,0.021766476872700943,1.0,0.04133333333333322,2019-01-14 07:00:00
2019-01-10 07:00:00,7.47,7.57,7.47,7.47,464960,898.3,102404440,899.47,895.17,0.001459374510525,1.0,0.0,7.4699999999999935,7.4699999999999935,7.569999999999994,7.4699999999999935,-0.004008021397538822,-0.004008021397538822,0.0,0.013298068304631634,0.020755411097622616,1.0,0.045515394912985396,2019-01-14 07:00:00
2019-01-11 07:00:00,7.5,7.59,7.47,7.59,1212870,902.71,107782500,904.37,899.1,0.0048972618850678,1.0,0.0,7.589999999999994,7.499999999999994,7.589999999999994,7.4699999999999935,0.015936592262812597,0.004008021397538868,0.011928570865273812,0.015936592262812597,0.020290941113726004,1.0,0.02898550724637672,2019-01-14 07:00:00
2019-01-14 07:00:00,7.64,7.86,7.59,7.81,1996580,901.8,102797710,903.83,897.18,-0.0010085841332449,1.0,0.0,7.809999999999993,7.6399999999999935,7.859999999999994,7.589999999999994,0.028573372444055948,0.006566011770890454,0.022007360673165537,0.034955015033576634,0.020910457914573913,1.0,0.021766965428937413,2019-01-15 07:00:00
2019-01-15 07:00:00,7.81,8.01,7.79,7.98,1913730,909.68,106149230,909.68,898.92,0.0087001233294835,1.0,0.0,7.979999999999994,7.809999999999993,8.009999999999993,7.789999999999994,0.02153344761012295,0.0,0.02153344761012295,0.02784990119761088,0.020548096377247572,-1.0,-0.03884711779448613,2019-01-17 07:00:00
2019-01-16 07:00:00,7.98,8.06,7.84,7.84,1910950,908.7,107555090,912.48,906.39,-0.001077882615166,1.0,0.0,7.8399999999999945,7.979999999999995,8.059999999999995,7.8399999999999945,-0.01769957709940086,2.2204460492503128e-16,-0.017699577099400975,0.0276747221562205,0.0208111163529455,-1.0,-0.0216836734693876,2019-01-17 07:00:00
2019-01-17 07:00:00,7.84,7.86,7.67,7.67,851710,901.89,117379940,909.06,901.89,-0.0075224452948444,1.0,0.0,7.6699999999999955,7.839999999999995,7.859999999999996,7.6699999999999955,-0.0219222189831515,2.2204460492503128e-16,-0.021922218983151616,0.02446999106195036,0.021254238066020188,1.0,0.0312907431551499,2019-01-21 07:00:00
2019-01-18 07:00:00,7.64,7.86,7.64,7.79,698010,902.3,98216800,906.35,900.64,0.000454497593998,1.0,0.0,7.789999999999996,7.639999999999995,7.859999999999996,7.639999999999995,0.015524244503492171,-0.003919012200735719,0.01944325670422775,0.02838900326268611,0.020664071525036132,0.0,-0.01925545571245213,2019-01-25 07:00:00
2019-01-21 07:00:00,7.79,7.91,7.72,7.91,706590,911.05,119012350,911.74,903.09,0.0096507214954325,1.0,0.0,7.909999999999996,7.789999999999996,7.909999999999996,7.719999999999995,0.015286921896905647,0.0,0.015286921896905647,0.024313417742877787,0.02001889932482145,-1.0,-0.021491782553729633,2019-01-24 07:00:00
2019-01-22 07:00:00,7.91,7.91,7.81,7.86,631460,906.55,122327990,913.37,906.55,-0.0049515946240699,1.0,0.0,7.859999999999995,7.909999999999995,7.909999999999995,7.809999999999994,-0.006341175338447466,-1.1102230246251565e-16,-0.0063411753384473545,0.01272281792796797,0.019288948426048814,-1.0,-0.02798982188295185,2019-01-25 07:00:00
2019-01-23 07:00:00,7.81,7.91,7.76,7.81,1003670,908.18,104593270,910.12,905.12,0.0017964109684048,1.0,0.0,7.809999999999994,7.809999999999994,7.909999999999995,7.7599999999999945,-0.00638164258952072,-0.00638164258952072,0.0,0.019145447584435274,0.01855943656841216,-1.0,-0.021766965428937413,2019-01-25 07:00:00
2019-01-24 07:00:00,7.89,7.89,7.74,7.74,332870,908.79,93576170,910.59,906.59,0.0006714475449984,1.0,0.0,7.739999999999994,7.8899999999999935,7.8899999999999935,7.739999999999994,-0.00900327624995894,0.010191171006188283,-0.019194447256147065,0.01919444725614716,0.017963068716199217,0.0,-0.012919896640826933,2019-01-31 07:00:00
2019-01-25 07:00:00,7.74,7.76,7.62,7.64,761260,908.88,94869510,911.59,907.96,9.902787642822674e-05,1.0,0.0,7.6399999999999935,7.739999999999994,7.759999999999994,7.619999999999994,-0.013004084423206684,0.0,-0.013004084423206684,0.018205964496572517,0.01759706300246204,1.0,0.02617801047120416,2019-01-29 07:00:00
2019-01-28 07:00:00,7.64,7.81,7.64,7.72,305960,912.18,105335970,913.43,908.9,0.0036242667591503,1.0,0.0,7.7199999999999935,7.6399999999999935,7.809999999999993,7.6399999999999935,0.0104167608582558,0.0,0.0104167608582558,0.022007360673165537,0.017049895439296792,0.0,0.015544041450777257,2019-02-11 07:00:00
2019-01-29 07:00:00,7.72,7.86,7.67,7.84,467750,915.93,97050250,915.93,907.09,0.0041026035192599,1.0,0.0,7.839999999999994,7.7199999999999935,7.859999999999994,7.669999999999994,0.01542447032563173,0.0,0.01542447032563173,0.02446999106195036,0.016815698995836088,-1.0,-0.025510204081632737,2019-01-31 07:00:00
2019-01-30 07:00:00,7.84,7.84,7.76,7.84,395990,915.84,101720060,917.8,913.48,-9.826561202812028e-05,1.0,0.0,7.839999999999994,7.839999999999994,7.839999999999994,7.759999999999994,0.0,0.0,0.0,0.010256500167189061,0.016007090442139393,-1.0,-0.025510204081632737,2019-01-31 07:00:00
2019-01-31 07:00:00,7.89,7.91,7.64,7.64,741520,910.65,110220270,920.36,910.38,-0.0056830466834786,1.0,0.0,7.6399999999999935,7.8899999999999935,7.909999999999994,7.6399999999999935,-0.025841231183887443,0.006357300495466277,-0.03219853167935372,0.03473017860113343,0.01736377230251883,1.0,0.02617801047120416,2019-02-11 07:00:00
2019-02-01 07:00:00,7.74,7.74,7.62,7.69,312360,908.67,101242400,912.81,907.52,-0.0021766382843362,1.0,0.0,7.689999999999994,7.739999999999994,7.739999999999994,7.619999999999994,0.006523180339123476,0.01300408442320661,-0.0064809040840831155,0.015625317903080815,0.016661449272523467,1.0,0.01950585175552666,2019-02-11 07:00:00
2019-02-11 07:00:00,7.76,7.86,7.72,7.84,342800,926.1,105483580,926.1,915.86,0.0190002282160069,1.0,0.0,7.839999999999994,7.759999999999994,7.859999999999994,7.7199999999999935,0.019318050844763877,0.009061550677574732,0.010256500167189061,0.017972242404430436,0.016889724975475893,1.0,0.04336734693877542,2019-02-12 07:00:00
2019-02-12 07:00:00,7.89,8.23,7.89,8.18,2117750,937.54,172197210,938.64,926.98,0.0122772034248128,1.0,0.0,8.179999999999993,7.889999999999993,8.229999999999993,7.889999999999993,0.04245331625233912,0.006357300495466277,0.036096015756872865,0.04218987983119564,0.020203394348940612,0.0,-0.003667481662591565,2019-02-19 07:00:00
2019-02-13 07:00:00,8.2,8.37,8.18,8.18,1788150,945.25,176159810,945.25,937.34,0.0081900191700061,1.0,0.0,8.179999999999993,8.199999999999992,8.369999999999992,8.179999999999993,0.0,0.0024420036555515873,-0.0024420036555517443,0.022961733886728126,0.01929244627221891,0.0,0.0,2019-02-20 07:00:00
2019-02-14 07:00:00,8.15,8.3,8.11,8.15,685130,952.34,156655320,953.66,945.99,0.0074726711171364,1.0,0.0,8.149999999999993,8.149999999999993,8.299999999999994,8.109999999999992,-0.0036742233618842243,-0.0036742233618842243,0.0,0.023157646675230938,0.018540570700296105,0.0,-0.01104294478527601,2019-02-21 07:00:00
2019-02-15 07:00:00,8.13,8.28,8.08,8.13,1007190,950.89,145322500,955.4,948.26,-0.001523725751006,1.0,0.0,8.129999999999994,8.129999999999994,8.279999999999992,8.079999999999993,-0.002457003693052103,-0.002457003693052103,0.0,0.024451095864164336,0.017751763324710047,0.0,-0.012300123001229957,2019-02-22 07:00:00
2019-02-18 07:00:00,8.18,8.25,8.11,8.15,902630,961.3,169171360,961.3,953.32,0.0108881469345979,1.0,0.0,8.149999999999993,8.179999999999993,8.249999999999993,8.109999999999992,0.0024570036930520837,0.0061312270549363805,-0.0036742233618842243,0.01711533221926818,0.016889014663717176,-1.0,-0.025766871165644023,2019-02-25 07:00:00
2019-02-19 07:00:00,8.15,8.4,8.13,8.15,1574260,964.35,195093270,971.92,962.81,0.0031677641840349,1.0,0.0,8.149999999999993,8.149999999999993,8.399999999999993,8.129999999999994,0.0,0.0,0.0,0.0326707822895487,0.01609963404444796,-1.0,-0.025766871165644023,2019-02-25 07:00:00
2019-02-20 07:00:00,8.15,8.25,8.13,8.18,593860,970.58,145267490,972.75,963.29,0.0064395316921692,1.0,0.0,8.179999999999993,8.149999999999993,8.249999999999993,8.129999999999994,0.0036742233618843254,0.0,0.0036742233618843254,0.014652276786870415,0.015314511294236284,-1.0,-0.01833740831295827,2019-02-22 07:00:00
2019-02-21 07:00:00,8.15,8.23,8.03,8.06,1034660,987.57,162918220,987.57,970.31,0.0173535493909527,1.0,0.0,8.059999999999993,8.149999999999993,8.229999999999993,8.029999999999992,-0.01477859409611872,-0.0036742233618842243,-0.011104370734234353,0.024601486730308236,0.015544221640315792,0.0,0.012406947890819087,2019-02-28 07:00:00
2019-02-22 07:00:00,8.06,8.13,7.98,8.03,939920,988.91,199234030,993.16,982.86,0.0013559461318193,1.0,0.0,8.029999999999994,8.059999999999995,8.129999999999995,7.979999999999995,-0.003729028559866486,2.2204460492503128e-16,-0.003729028559866709,0.01862251209800185,0.014869694243280045,1.0,0.016189290161892966,2019-02-28 07:00:00
2019-02-25 07:00:00,8.03,8.08,7.94,7.94,1471100,994.43,192681550,999.9,992.72,0.0055663822167795,1.0,0.0,7.939999999999995,8.029999999999994,8.079999999999995,7.939999999999995,-0.011271252699625884,0.0,-0.011271252699625884,0.017478597273959545,0.014620122678375022,1.0,0.015113350125944391,2019-02-27 07:00:00
2019-02-26 07:00:00,7.91,8.06,7.89,7.98,855500,987.06,209790990,996.44,979.24,-0.007438880828142,1.0,0.0,7.979999999999994,7.909999999999994,8.059999999999993,7.8899999999999935,0.0050251362026729795,-0.0037854934794819676,0.008810629682154906,0.021317421660753975,0.013993665023158321,1.0,0.022556390977443774,2019-02-28 07:00:00
2019-02-27 07:00:00,8.06,8.18,8.03,8.06,1413820,990.27,204616980,994.46,988.09,0.0032468053586567,1.0,0.0,8.059999999999993,8.059999999999993,8.179999999999993,8.029999999999992,0.009975145056819524,0.009975145056819524,0.0,0.018507622655985455,0.01362323146472181,1.0,0.031017369727047273,2019-03-01 07:00:00
2019-02-28 07:00:00,8.36,8.39,8.13,8.16,1264580,965.47,197428310,990.25,965.47,-0.0253626038156438,1.0,0.0,8.159999999999995,8.359999999999994,8.389999999999995,8.129999999999995,0.012330612457478943,0.036544870578073346,-0.024214258120594512,0.03147959691939559,0.013380476338570856,1.0,0.018382352941176405,2019-03-01 07:00:00
2019-03-01 07:00:00,8.16,8.34,8.16,8.31,691940,979.63,147716480,980.82,970.54,0.0145599199514817,1.0,0.0,8.309999999999993,8.159999999999993,8.339999999999993,8.159999999999993,0.01821543989134112,-2.2204460492503136e-16,0.018215439891341337,0.021819047394639673,0.013598700669477118,1.0,0.04211793020457266,2019-03-04 07:00:00
2019-03-04 07:00:00,8.49,8.71,8.49,8.66,2352560,993.99,209754090,994.46,983.33,0.0145521968899166,1.0,0.0,8.659999999999991,8.489999999999991,8.709999999999992,8.489999999999991,0.041255113706986826,0.02142939145589899,0.019825722251087762,0.02558279054115566,0.01715732811715633,-1.0,-0.01732101616628179,2019-03-05 07:00:00
2019-03-05 07:00:00,8.66,8.71,8.51,8.51,1911500,992.45,243416220,1000.25,987.92,-0.0015505127852084,1.0,0.0,8.509999999999991,8.659999999999991,8.709999999999992,8.509999999999991,-0.017472779989061056,0.0,-0.017472779989061056,0.02322984827912885,0.01795591773472877,1.0,0.027027027027027417,2019-03-07 07:00:00
2019-03-06 07:00:00,8.46,8.66,8.44,8.66,1219490,994.49,189551540,994.49,985.51,0.0020534094807122,1.0,0.0,8.659999999999991,8.459999999999992,8.659999999999991,8.43999999999999,0.017472779989061108,-0.005892768967150738,0.02336554895621191,0.02573241396647825,0.01748616240815448,0.0,-0.01501154734411081,2019-03-13 07:00:00
2019-03-07 07:00:00,8.9,8.9,8.74,8.74,1213790,994.03,187770040,1004.55,994.03,-0.0004626556516457,1.0,0.0,8.739999999999993,8.899999999999993,8.899999999999993,8.739999999999993,0.009195467093100615,0.027336554163750634,-0.018141087070650038,0.018141087070650003,0.016656953872684125,-1.0,-0.020594965675057142,2019-03-08 07:00:00
2019-03-08 07:00:00,8.64,8.74,8.53,8.56,595510,985.25,176347260,991.98,984.48,-0.0088719712125402,1.0,0.0,8.559999999999993,8.639999999999993,8.739999999999993,8.529999999999992,-0.020809999513793292,-0.011507606851479802,-0.009302392662313561,0.024320828163856383,0.017850724894322684,0.0,0.005841121495327117,2019-03-15 07:00:00
2019-03-11 07:00:00,8.51,8.61,8.51,8.53,591110,984.6,142651930,987.11,981.34,-0.0006599487510128,1.0,0.0,8.529999999999992,8.509999999999993,8.609999999999992,8.509999999999993,-0.0035108286500630816,-0.005858247568368093,0.0023474189183048913,0.011682375854356651,0.01712522850491942,0.0,2.220446049250313e-16,2019-03-18 07:00:00
2019-03-12 07:00:00,8.69,8.69,8.43,8.56,875530,1001.32,179893460,1001.32,990.46,0.0168389412239347,1.0,0.0,8.559999999999993,8.689999999999992,8.689999999999992,8.429999999999993,0.003510828650063021,0.0185835777737129,-0.015072749123649781,0.030376167263536487,0.016289631267008404,0.0,-0.005841121495327006,2019-03-19 07:00:00
2019-03-13 07:00:00,8.56,8.66,8.51,8.53,781410,1005.41,197620220,1009.77,1003.01,0.0040762889510096,1.0,0.0,8.529999999999992,8.559999999999993,8.659999999999993,8.509999999999993,-0.0035108286500630816,0.0,-0.0035108286500630816,0.017472779989061108,0.015626527871987962,0.0,2.220446049250313e-16,2019-03-20 07:00:00
2019-03-14 07:00:00,8.53,8.74,8.48,8.66,946160,1008.44,182827760,1011.39,1002.09,0.0030091638269028,1.0,0.0,8.659999999999995,8.529999999999994,8.739999999999995,8.479999999999995,0.015125361070756417,2.2204460492503128e-16,0.015125361070756198,0.03019973986363241,0.01533663114561918,-1.0,-0.01732101616628179,2019-03-19 07:00:00
2019-03-15 07:00:00,8.69,8.69,8.58,8.61,516080,1004.12,207003710,1008.22,1001.1,-0.0042930463040971,1.0,0.0,8.609999999999994,8.689999999999994,8.689999999999994,8.579999999999995,-0.005790404134704441,0.003458216702956889,-0.009248620837661247,0.012739025777429712,0.014869655335291058,-1.0,-0.03368176538908241,2019-03-21 07:00:00
2019-03-18 07:00:00,8.58,8.64,8.48,8.53,1140500,1011.86,188364570,1013.29,1007.92,0.0076786853347622,1.0,0.0,8.529999999999994,8.579999999999995,8.639999999999995,8.479999999999995,-0.009334956936051717,-0.003490404939768491,-0.005844551996283243,0.018692133012152546,0.014613103531074286,-1.0,-0.02461899179366933,2019-03-21 07:00:00
2019-03-19 07:00:00,8.53,8.64,8.43,8.51,1347540,1006.59,198984160,1014.51,1004.22,-0.0052218404964438,1.0,0.0,8.509999999999994,8.529999999999994,8.639999999999995,8.429999999999994,-0.0023474189183048965,0.0,-0.0023474189183048965,0.024605810802200194,0.013953195206891266,-1.0,-0.02232667450058745,2019-03-21 07:00:00
2019-03-20 07:00:00,8.51,8.53,8.43,8.53,588340,1002.3,180045630,1003.25,992.02,-0.0042710218293484,1.0,0.0,8.529999999999994,8.509999999999994,8.529999999999994,8.429999999999994,0.0023474189183048913,0.0,0.0023474189183048913,0.011792589489823624,0.013275777415133203,-1.0,-0.02461899179366933,2019-03-21 07:00:00
2019-03-21 07:00:00,8.53,8.61,8.32,8.32,926500,981.78,182708030,1006.37,981.78,-0.0206853873619613,1.0,0.0,8.319999999999995,8.529999999999994,8.609999999999994,8.319999999999995,-0.024927106670470454,0.0,-0.024927106670470454,0.03426206360652214,0.014912828205773105,-1.0,-0.06370192307692313,2019-03-25 07:00:00
2019-03-22 07:00:00,8.32,8.4,8.22,8.22,929840,988.71,151811080,990.07,981.3,0.0070338124745729,1.0,0.0,8.219999999999995,8.319999999999995,8.399999999999995,8.219999999999995,-0.012092045765028633,0.0,-0.012092045765028633,0.021661496781179467,0.014566429376936614,-1.0,-0.05231143552311446,2019-03-25 07:00:00
2019-03-25 07:00:00,8.01,8.06,7.72,7.79,1284190,970.07,177632670,976.53,964.76,-0.0190328293013145,1.0,0.0,7.789999999999995,8.009999999999994,8.059999999999995,7.719999999999994,-0.05372934918543176,-0.025879447987820835,-0.027849901197610914,0.04309919248185227,0.020817095776945658,1.0,0.04107830551989733,2019-03-26 07:00:00
2019-03-26 07:00:00,7.79,8.16,7.74,8.11,1045970,969.79,139645020,978.99,966.9,-0.0002886806284418,1.0,0.0,8.109999999999994,7.789999999999995,8.159999999999995,7.739999999999995,0.04025700824466468,0.0,0.04025700824466468,0.05284248137437998,0.024395017271218622,-1.0,-0.025893958076448786,2019-04-02 07:00:00
2019-03-27 07:00:00,8.11,8.27,8.01,8.11,801210,975.91,112974060,979.32,972.25,0.0062908158327719,1.0,0.0,8.109999999999994,8.109999999999994,8.269999999999994,8.009999999999994,0.0,0.0,0.0,0.03194374795533217,0.02321699155720373,-1.0,-0.025893958076448786,2019-04-02 07:00:00
2019-03-28 07:00:00,8.11,8.16,8.03,8.11,524600,982.98,122202110,983.18,972.6,0.0072184050137793,1.0,0.0,8.109999999999994,8.109999999999994,8.159999999999995,8.029999999999994,0.0,0.0,0.0,0.0160596410173454,0.022094689297210174,-1.0,-0.025893958076448786,2019-04-02 07:00:00
2019-03-29 07:00:00,8.24,8.24,8.01,8.03,1064390,980.76,131921800,988.24,980.76,-0.0022609927441884,1.0,0.0,8.029999999999994,8.239999999999995,8.239999999999995,8.009999999999994,-0.00991334016865127,0.015902475794058825,-0.025815815962710185,0.028309582841112547,0.021148001029473125,0.0,0.0,2019-04-05 07:00:00
2019-04-01 07:00:00,8.03,8.14,7.98,8.01,672770,988.53,137258330,988.53,982.8,0.007891209847768,1.0,0.0,8.009999999999994,8.029999999999994,8.139999999999995,7.979999999999995,-0.0024937668784023505,0.0,-0.0024937668784023505,0.01985176855273153,0.020116020049920545,0.0,0.006242197253433224,2019-04-08 07:00:00
2019-04-02 07:00:00,8.08,8.08,7.9,7.9,513890,985.81,139423310,996.41,985.48,-0.0027553528985344,1.0,0.0,7.899999999999995,8.079999999999995,8.079999999999995,7.899999999999995,-0.013828001607291964,0.00870111145273618,-0.022529113060028222,0.022529113060028104,0.019420255943543623,1.0,0.026582278481012578,2019-04-04 07:00:00
2019-04-03 07:00:00,7.9,7.98,7.85,7.98,458160,984.46,128758900,985.26,980.3,-0.0013703707728031,1.0,0.0,7.979999999999996,7.899999999999996,7.979999999999996,7.849999999999995,0.01007565198874164,2.2204460492503128e-16,0.01007565198874164,0.016424879667400548,0.018942500040129682,0.0,0.003759398496240518,2019-04-10 07:00:00
2019-04-04 07:00:00,8.06,8.24,7.98,8.11,854390,986.91,131989370,989.08,982.94,0.0024855823730358,1.0,0.0,8.109999999999994,8.059999999999995,8.239999999999995,7.979999999999995,0.01615945666560402,0.009975145056819524,0.006184311608784522,0.03206193245966288,0.018876110929093127,-1.0,-0.019728729963008673,2019-04-09 07:00:00
2019-04-05 07:00:00,8.16,8.22,8.03,8.03,424400,989.26,129755950,990.38,986.39,0.0023783390171194,1.0,0.0,8.029999999999994,8.159999999999995,8.219999999999995,8.029999999999994,-0.00991334016865127,0.0061463008486942255,-0.016059641017345392,0.023385681109418334,0.018165853036226046,0.0,-0.012453300124533051,2019-04-12 07:00:00
2019-04-08 07:00:00,8.06,8.16,8.01,8.06,442440,997.56,146953600,997.56,989.33,0.0083551084483725,1.0,0.0,8.059999999999995,8.059999999999995,8.159999999999995,8.009999999999994,0.0037290285598668544,0.0037290285598668544,0.0,0.018553407895747834,0.017354050220610248,-1.0,-0.01985111662531036,2019-04-16 07:00:00
2019-04-09 07:00:00,8.11,8.11,7.9,7.95,576810,988.48,152345600,1000.02,987.82,-0.0091438876007801,1.0,0.0,7.949999999999994,8.109999999999992,8.109999999999992,7.899999999999994,-0.013741627852296578,0.006184311608784302,-0.019925939461080837,0.02623510865434545,0.01693977944682713,0.0,-0.012578616352201477,2019-04-17 07:00:00
2019-04-10 07:00:00,7.95,8.01,7.85,8.01,538600,981.91,136497840,987.27,976.83,-0.0066687552703419,1.0,0.0,8.009999999999994,7.949999999999995,8.009999999999994,7.849999999999994,0.007518832414027319,2.2204460492503128e-16,0.007518832414027319,0.020177229285950785,0.016382696944260373,-1.0,-0.019975031210986538,2019-04-17 07:00:00
2019-04-11 07:00:00,8.06,8.06,7.93,8.01,170660,985.95,117588860,985.95,981.06,0.00410598891782,1.0,0.0,8.009999999999994,8.059999999999995,8.059999999999995,7.929999999999994,0.0,0.006222795438269086,-0.006222795438269185,0.016260520871780326,0.015588559365374115,-1.0,-0.019975031210986538,2019-04-17 07:00:00
2019-04-12 07:00:00,7.93,8.01,7.9,7.93,181060,982.9,111898230,984.69,980.26,-0.0030982578051113,1.0,0.0,7.9299999999999935,7.9299999999999935,8.009999999999993,7.899999999999994,-0.010037725433511373,-0.010037725433511373,0.0,0.013828001607291897,0.01506230660416327,-1.0,-0.020176544766708715,2019-04-18 07:00:00
2019-04-16 07:00:00,7.87,7.93,7.72,7.9,589210,977.17,130941660,978.53,963.06,-0.0058467466193184,1.0,0.0,7.899999999999994,7.869999999999994,7.9299999999999935,7.7199999999999935,-0.0037902761737806908,-0.0075949732174447485,0.0038046970436640664,0.026838671610071908,0.014336345285073694,-1.0,-0.016455696202531733,2019-04-18 07:00:00
2019-04-17 07:00:00,7.95,7.95,7.74,7.85,428410,972.1,148469420,980.71,972.1,-0.0052019591262419,1.0,0.0,7.8499999999999925,7.949999999999993,7.949999999999993,7.739999999999993,-0.006349227678659004,0.0063091691932645345,-0.012658396871923577,0.026770241064604832,0.013692497767851756,0.0,0.012738853503185155,2019-04-24 07:00:00
2019-04-18 07:00:00,7.74,7.82,7.58,7.77,713200,962.3,137181210,973.73,962.05,-0.0101324274646682,1.0,0.0,7.769999999999993,7.739999999999994,7.819999999999994,7.579999999999994,-0.010243367414760876,-0.014111844192681088,0.003868476777920332,0.031171354902939426,0.013224163212081924,1.0,0.023166023166023564,2019-04-24 07:00:00
2019-04-19 07:00:00,7.79,7.87,7.69,7.87,415540,966.21,96080150,971.73,965.46,0.004054949528445,1.0,0.0,7.869999999999994,7.789999999999994,7.869999999999994,7.689999999999994,0.012787898049755907,0.0025706955031008917,0.010217202546654914,0.023137278911759297,0.013486109474229733,1.0,0.017789072426937835,2019-04-26 07:00:00
2019-04-22 07:00:00,7.79,7.82,7.74,7.79,183530,965.86,115805120,966.69,959.33,-0.0003623057175242,1.0,0.0,7.789999999999995,7.789999999999995,7.819999999999995,7.739999999999995,-0.010217202546654827,-0.010217202546654827,0.0,0.010282866955584056,0.013074631332235222,1.0,0.020539152759948776,2019-04-24 07:00:00
2019-04-23 07:00:00,7.79,7.85,7.72,7.82,406930,968.0,112653940,970.98,964.35,0.002213191103301,1.0,0.0,7.819999999999996,7.789999999999996,7.849999999999995,7.719999999999995,0.0038436946745629363,2.2204460492503128e-16,0.0038436946745629363,0.01669916775763232,0.01258797132694264,1.0,0.01662404092071612,2019-04-24 07:00:00
2019-04-24 07:00:00,7.79,8.03,7.79,7.95,460410,976.92,121107830,978.71,969.66,0.0091726780973095,1.0,0.0,7.949999999999996,7.789999999999996,8.029999999999994,7.789999999999996,0.01648737410902083,-0.003843694674562827,0.020331068783583758,0.030343668076013266,0.013205560320399101,0.0,-0.0062893081761007386,2019-05-06 07:00:00
2019-04-25 07:00:00,7.95,7.98,7.87,7.9,252240,974.13,112382890,976.46,971.92,-0.0028600004118369,1.0,0.0,7.899999999999995,7.949999999999995,7.979999999999995,7.869999999999995,-0.006309169193264832,-1.1102230246251565e-16,-0.006309169193264721,0.01388034903240552,0.01269308280458508,1.0,0.013924050632911245,2019-04-26 07:00:00
2019-04-26 07:00:00,7.9,8.06,7.9,8.01,1040780,979.64,107350700,979.64,970.73,0.0056403922753774,1.0,0.0,8.009999999999994,7.899999999999995,8.059999999999995,7.899999999999995,0.013828001607291897,0.0,0.013828001607291897,0.02005079704556122,0.012854488053974586,-1.0,-0.013732833957552981,2019-05-06 07:00:00
2019-05-02 07:00:00,8.06,8.06,7.98,8.01,550180,978.5,123917210,979.93,975.51,-0.0011643704012961,1.0,0.0,8.009999999999994,8.059999999999995,8.059999999999995,7.979999999999995,0.0,0.006222795438269086,-0.006222795438269185,0.009975145056819524,0.012228274583548662,-1.0,-0.013732833957552981,2019-05-06 07:00:00
2019-05-03 07:00:00,7.98,8.01,7.79,7.98,715560,974.14,127740220,977.13,971.75,-0.004465756356468,1.0,0.0,7.979999999999994,7.979999999999994,8.009999999999993,7.789999999999994,-0.003752349618550464,-0.003752349618550464,0.0,0.02784990119761088,0.01170230865658259,-1.0,-0.013784461152882121,2019-05-08 07:00:00
2019-05-06 07:00:00,7.9,8.06,7.79,7.9,768930,957.97,133510960,964.89,955.41,-0.0167385682392181,1.0,0.0,7.899999999999995,7.899999999999995,8.059999999999995,7.789999999999995,-0.010075651988741476,-0.010075651988741476,0.0,0.03407269663588,0.011546211142362019,-1.0,-0.016455696202531733,2019-05-09 07:00:00
2019-05-07 07:00:00,7.9,7.9,7.82,7.9,433350,957.56,121330080,965.61,955.42,-0.0004280799635204,1.0,0.0,7.899999999999995,7.899999999999995,7.899999999999995,7.819999999999995,0.0,0.0,0.0,0.010178204915756052,0.010985680991497463,-1.0,-0.016455696202531733,2019-05-09 07:00:00
2019-05-08 07:00:00,7.85,7.87,7.79,7.87,255060,951.22,118717980,953.88,947.86,-0.0066430110490671,1.0,0.0,7.869999999999995,7.849999999999994,7.869999999999995,7.789999999999995,-0.0038046970436639714,-0.006349227678658892,0.0025445306349947947,0.010217202546654914,0.010489181948610067,-1.0,-0.01270648030495558,2019-05-09 07:00:00
2019-05-09 07:00:00,7.87,7.87,7.69,7.77,1361090,947.01,114863670,953.66,944.91,-0.0044357184354407,1.0,0.0,7.769999999999994,7.869999999999995,7.869999999999995,7.689999999999995,-0.01278789804975584,0.0,-0.01278789804975584,0.023137278911759297,0.010583438492134062,-1.0,-0.024453024453024552,2019-05-10 07:00:00
2019-05-10 07:00:00,7.77,7.77,7.58,7.58,638250,952.55,114647770,953.92,948.21,0.0058329462690275,1.0,0.0,7.579999999999994,7.769999999999993,7.769999999999993,7.579999999999994,-0.024756964725275884,-1.1102230246251565e-16,-0.024756964725275773,0.02475696472527575,0.012147758309796789,1.0,0.014511873350923521,2019-05-15 07:00:00
2019-05-13 07:00:00,7.58,7.69,7.37,7.5,740400,958.54,124693720,958.54,951.76,0.0062686944262227,1.0,0.0,7.499999999999994,7.579999999999994,7.689999999999994,7.369999999999995,-0.010610179112015571,0.0,-0.010610179112015571,0.0425030773163074,0.01170851961464046,1.0,0.02533333333333343,2019-05-15 07:00:00
2019-05-14 07:00:00,7.43,7.64,7.37,7.53,399670,965.34,135189670,965.34,952.28,0.007069077403332,1.0,0.0,7.529999999999994,7.4299999999999935,7.6399999999999935,7.369999999999995,0.003992021269537457,-0.009377161812597044,0.013369183082134417,0.03597989697718383,0.011456563257944473,1.0,0.021248339973439556,2019-05-15 07:00:00
2019-05-15 07:00:00,7.64,7.69,7.48,7.69,459300,975.64,154156590,977.65,967.95,0.0106132950202769,1.0,0.0,7.689999999999994,7.6399999999999935,7.689999999999994,7.479999999999994,0.02102574170575038,0.014502561366626901,0.006523180339123476,0.027687991531166734,0.013263565347323427,-1.0,-0.016905071521456594,2019-05-16 07:00:00
2019-05-16 07:00:00,7.69,7.69,7.56,7.56,352410,975.69,129973620,981.22,975.69,5.1247098144365857e-05,1.0,0.0,7.559999999999993,7.689999999999994,7.689999999999994,7.559999999999993,-0.017049593326111136,0.0,-0.017049593326111136,0.01704959332611099,0.013437599352929671,-1.0,-0.017195767195766876,2019-05-23 07:00:00
2019-05-17 07:00:00,7.56,7.64,7.56,7.58,204970,976.48,120457430,980.04,974.91,0.000809355786765,1.0,0.0,7.579999999999994,7.559999999999993,7.6399999999999935,7.559999999999993,0.0026420094628387975,0.0,0.0026420094628387975,0.010526412986987603,0.012900263429772215,-1.0,-0.019788918205804418,2019-05-23 07:00:00
2019-05-20 07:00:00,7.53,7.64,7.53,7.53,544480,987.13,134337940,987.13,974.47,0.0108474742233705,1.0,0.0,7.529999999999995,7.529999999999995,7.639999999999994,7.529999999999995,-0.006618157842477894,-0.006618157842477894,0.0,0.014502561366626901,0.01233012573490753,-1.0,-0.013280212483399612,2019-05-23 07:00:00
2019-05-21 07:00:00,7.53,7.66,7.53,7.58,836600,986.29,124573780,992.84,986.07,-0.0008513140139773,1.0,0.0,7.579999999999996,7.529999999999996,7.659999999999996,7.529999999999996,0.006618157842478074,2.2204460492503128e-16,0.006618157842478074,0.017116941940697707,0.012079464938228715,-1.0,-0.01978891820580464,2019-05-23 07:00:00
2019-05-22 07:00:00,7.56,7.64,7.5,7.56,894580,983.78,127215170,992.26,982.68,-0.0025481341862131,1.0,0.0,7.559999999999995,7.559999999999995,7.639999999999995,7.499999999999996,-0.0026420094628386965,-0.0026420094628386965,0.0,0.01849458263616431,0.011491161862861055,-1.0,-0.017195767195767098,2019-05-23 07:00:00
2019-05-23 07:00:00,7.5,7.56,7.43,7.43,556710,982.71,107963620,984.57,977.17,-0.0010882334571706,1.0,0.0,7.429999999999996,7.4999999999999964,7.559999999999996,7.429999999999996,-0.017345331461773732,-0.007968169649176734,-0.009377161812597044,0.017345331461773795,0.011852788267226484,-1.0,-0.014804845222072704,2019-05-29 07:00:00
2019-05-24 07:00:00,7.43,7.53,7.37,7.4,668090,970.03,128053180,983.14,970.03,-0.0129870625079698,1.0,0.0,7.399999999999997,7.429999999999996,7.529999999999997,7.3699999999999966,-0.0040458585195436835,0.0,-0.0040458585195436835,0.021477335610557095,0.011275150899688889,1.0,0.013513513513513375,2019-05-30 07:00:00
2019-05-27 07:00:00,7.43,7.45,7.29,7.37,810460,975.14,95899120,975.4,970.41,0.0052540515791921,1.0,0.0,7.3699999999999966,7.429999999999996,7.449999999999997,7.2899999999999965,-0.004062294008878904,0.004045858519543575,-0.008108152528422475,0.021710486370901342,0.01072564322998017,1.0,0.017639077340569687,2019-05-30 07:00:00
2019-05-28 07:00:00,7.37,7.37,7.29,7.37,636500,972.0,120728740,978.8,969.51,-0.0032252459729773,1.0,0.0,7.3699999999999966,7.3699999999999966,7.3699999999999966,7.2899999999999965,0.0,0.0,0.0,0.010914160180678553,0.010261500398077926,1.0,0.017639077340569687,2019-05-30 07:00:00
2019-05-29 07:00:00,7.4,7.4,7.29,7.32,679700,971.54,120297710,974.96,969.55,-0.000473363047418,1.0,0.0,7.319999999999996,7.399999999999996,7.399999999999996,7.289999999999996,-0.006807378228025125,0.004062294008878705,-0.010869672236903879,0.014976454189557259,0.00981725224663698,1.0,0.024590163934426146,2019-05-30 07:00:00
2019-05-30 07:00:00,7.32,7.5,7.29,7.5,2030560,969.34,105520020,974.56,967.21,-0.0022670138722789,1.0,0.0,7.499999999999996,7.319999999999996,7.499999999999996,7.289999999999996,0.024292692569044483,0.0,0.024292692569044483,0.028399474521697957,0.01256948206191052,-1.0,-0.02399999999999991,2019-06-03 07:00:00
2019-05-31 07:00:00,7.56,7.56,7.4,7.5,469280,959.88,114110930,969.94,959.88,-0.0098071508920111,1.0,0.0,7.499999999999996,7.559999999999995,7.559999999999995,7.399999999999996,0.0,0.007968169649176881,-0.007968169649176845,0.02139118998131756,0.011959632970842718,-1.0,-0.02399999999999991,2019-06-03 07:00:00
2019-06-03 07:00:00,7.45,7.45,7.29,7.32,886290,946.47,141641430,955.78,940.28,-0.0140690022227508,1.0,0.0,7.319999999999997,7.449999999999997,7.449999999999997,7.2899999999999965,-0.024292692569044472,-0.006688988150796429,-0.017603704418247976,0.021710486370901342,0.013382337504205213,0.0,-0.010928961748633781,2019-06-10 07:00:00
2019-06-04 07:00:00,7.32,7.5,7.29,7.32,865510,951.16,102807600,951.42,943.21,0.0049430179217165,1.0,0.0,7.319999999999997,7.319999999999997,7.4999999999999964,7.2899999999999965,0.0,0.0,0.0,0.028399474521697957,0.01276375271417093,0.0,-0.006830601092896016,2019-06-11 07:00:00
2019-06-05 07:00:00,7.37,7.45,7.27,7.32,691090,951.41,95438950,958.39,951.39,0.0002628024213971,1.0,0.0,7.319999999999997,7.3699999999999966,7.449999999999997,7.269999999999996,0.0,0.006807378228025108,-0.006807378228025014,0.02445774084604031,0.01217045975572249,-1.0,-0.013661202185792143,2019-06-12 07:00:00
2019-06-06 07:00:00,7.19,7.43,7.14,7.29,800170,948.21,100777880,951.35,939.35,-0.0033690980584381,1.0,0.0,7.2899999999999965,7.189999999999997,7.429999999999996,7.139999999999996,-0.004106781952653471,-0.017919156240264834,0.013812374287611371,0.03981308237817485,0.011585868878338105,-1.0,-0.01371742112482821,2019-06-13 07:00:00
2019-06-07 07:00:00,7.32,7.35,7.24,7.35,324280,958.28,97844860,958.28,950.94,0.0105640141301328,1.0,0.0,7.349999999999996,7.319999999999997,7.349999999999996,7.239999999999997,0.00819676720417849,0.004106781952653502,0.004089985251525066,0.0150791068271203,0.011498717981270666,-1.0,-0.014965986394557595,2019-06-10 07:00:00
2019-06-10 07:00:00,7.32,7.4,7.24,7.24,512280,962.9,118770610,966.9,958.6,0.0048095534054498,1.0,0.0,7.2399999999999975,7.319999999999998,7.399999999999998,7.2399999999999975,-0.015079106827120079,-0.004089985251524943,-0.010989121575595206,0.021858793812499017,0.011659905103067143,1.0,0.015193370165745845,2019-06-14 07:00:00
2019-06-11 07:00:00,7.11,7.27,7.11,7.27,775820,962.07,95697370,964.81,959.98,-0.0008623511550161,1.0,0.0,7.269999999999998,7.1099999999999985,7.269999999999998,7.1099999999999985,0.004135085147803017,-0.0181189625824753,0.02225404773027829,0.02225404773027829,0.011293666987856422,0.0,-0.006877579092159691,2019-06-18 07:00:00
2019-06-12 07:00:00,7.22,7.27,7.16,7.22,420480,954.17,100019840,960.6,953.83,-0.0082453604531571,1.0,0.0,7.219999999999998,7.219999999999998,7.269999999999998,7.159999999999998,-0.006901338640693157,-0.006901338640693157,0.0,0.015246310572873666,0.010832710682281267,1.0,0.018005540166204925,2019-06-14 07:00:00
2019-06-13 07:00:00,7.22,7.22,7.14,7.19,304510,950.08,98544550,954.17,946.29,-0.0042956610626698,1.0,0.0,7.189999999999999,7.219999999999998,7.219999999999998,7.139999999999998,-0.004163781171779501,0.0,-0.004163781171779501,0.011142176553241803,0.01031328201105588,1.0,0.022253129346314182,2019-06-14 07:00:00
2019-06-14 07:00:00,7.14,7.35,7.14,7.35,485540,953.61,115323520,954.7,948.65,0.0037085912578877,1.0,0.0,7.349999999999998,7.139999999999998,7.349999999999998,7.139999999999998,0.022009141491789848,-0.006978395381462369,0.028987536873252187,0.028987536873252187,0.012339878981747423,-1.0,-0.017687074829932037,2019-06-18 07:00:00
2019-06-17 07:00:00,7.24,7.32,7.19,7.27,224840,946.95,104932990,955.18,944.47,-0.0070084893515383,1.0,0.0,7.269999999999997,7.2399999999999975,7.319999999999998,7.189999999999998,-0.010944021679317479,-0.015079106827120305,0.004135085147803017,0.017919156240264755,0.012153294123224337,-1.0,-0.015130674002750921,2019-06-19 07:00:00
2019-06-18 07:00:00,7.19,7.27,7.16,7.22,453310,944.01,108309080,947.3,938.95,-0.0031095341720124,1.0,0.0,7.219999999999997,7.189999999999998,7.269999999999997,7.1599999999999975,-0.006901338640693157,-0.011065119812472575,0.004163781171779514,0.015246310572873666,0.011674977551492762,0.0,-0.0041551246537395725,2019-06-25 07:00:00
2019-06-19 07:00:00,7.16,7.27,7.16,7.16,228050,949.69,113819830,950.04,946.83,0.0059988562427985,1.0,0.0,7.1599999999999975,7.1599999999999975,7.269999999999997,7.1599999999999975,-0.008344971932180534,-0.008344971932180534,0.0,0.015246310572873666,0.011268687020598765,0.0,-0.006983240223463749,2019-06-26 07:00:00
2019-06-20 07:00:00,7.16,7.22,7.11,7.19,468860,959.18,129261230,962.33,948.97,0.0099431372344707,1.0,0.0,7.189999999999998,7.1599999999999975,7.219999999999997,7.109999999999998,0.0041811907604011106,0.0,0.0041811907604011106,0.015352709089585312,0.010911373343219434,-1.0,-0.011126564673157313,2019-06-26 07:00:00
2019-06-21 07:00:00,7.19,7.24,7.14,7.19,488460,959.2,172955940,964.52,959.12,2.085092630336611e-05,1.0,0.0,7.189999999999998,7.189999999999998,7.2399999999999975,7.139999999999997,0.0,0.0,0.0,0.01390843004613215,0.010395427937213772,-1.0,-0.011126564673157313,2019-06-26 07:00:00
2019-06-24 07:00:00,7.19,7.24,7.16,7.19,456990,962.85,113476250,967.11,959.8,0.0037980327125923,1.0,0.0,7.189999999999998,7.189999999999998,7.2399999999999975,7.1599999999999975,0.0,0.0,0.0,0.011111225425070849,0.009902324317727291,-1.0,-0.011126564673157313,2019-06-26 07:00:00
2019-06-25 07:00:00,7.16,7.19,7.08,7.19,504240,960.13,120760130,963.23,960.06,-0.0028289444653573,1.0,0.0,7.189999999999998,7.1599999999999975,7.189999999999998,7.079999999999997,0.0,-0.004181190760401158,0.0041811907604011106,0.015417264027327033,0.00943127889638964,-1.0,-0.011126564673157313,2019-06-26 07:00:00
2019-06-26 07:00:00,7.08,7.19,7.08,7.11,459280,959.13,119422620,962.7,958.38,-0.0010420683914553,1.0,0.0,7.109999999999997,7.0799999999999965,7.189999999999997,7.0799999999999965,-0.011188927917805964,-0.015417264027327054,0.004228336109521105,0.015417264027327033,0.009438629256323498,-1.0,-0.025316455696202667,2019-06-27 07:00:00
2019-06-27 07:00:00,7.11,7.11,6.93,6.93,393060,943.11,122886150,959.48,943.11,-0.0168436987460144,1.0,0.0,6.929999999999996,7.109999999999997,7.109999999999997,6.929999999999996,-0.025642430613337784,0.0,-0.025642430613337784,0.025642430613337652,0.011389125618671654,1.0,0.025974025974025983,2019-06-28 07:00:00
2019-06-28 07:00:00,6.9,7.11,6.85,7.11,1069540,949.94,122136760,949.94,939.12,0.0072158998822363,1.0,0.0,7.109999999999996,6.899999999999996,7.109999999999996,6.849999999999995,0.025642430613337652,-0.004338401598598242,0.029980832211935857,0.0372535915410158,0.014151346585182164,-1.0,-0.025316455696202667,2019-07-02 07:00:00
2019-07-01 07:00:00,7.11,7.11,6.85,7.03,424260,965.61,123426860,965.61,957.66,0.0163612012795682,1.0,0.0,7.029999999999996,7.109999999999996,7.109999999999996,6.849999999999995,-0.011315537992575984,0.0,-0.011315537992575984,0.0372535915410158,0.013767929881594594,-1.0,-0.01422475106685639,2019-07-02 07:00:00
2019-07-02 07:00:00,7.03,7.03,6.93,6.93,141520,961.98,107519450,966.76,959.8,-0.0037663655560732,1.0,0.0,6.929999999999995,7.029999999999996,7.029999999999996,6.929999999999995,-0.014326892620761733,0.0,-0.014326892620761733,0.014326892620761702,0.013561801850081307,0.0,0.00721500721500723,2019-07-09 07:00:00
2019-07-03 07:00:00,6.9,6.95,6.82,6.85,337630,960.39,113731280,961.67,956.91,-0.0016542084641081,1.0,0.0,6.849999999999996,6.899999999999997,6.949999999999997,6.819999999999997,-0.011611160927677808,-0.004338401598597907,-0.007272759329079921,0.018882187721330015,0.013115861424113605,1.0,0.021897810218978186,2019-07-04 07:00:00
2019-07-04 07:00:00,6.87,7.06,6.87,7.0,498440,973.04,135119630,973.04,961.65,0.013085739345488,1.0,0.0,6.9999999999999964,6.8699999999999966,7.059999999999996,6.8699999999999966,0.021661496781179467,0.002915453960124135,0.018746042821055412,0.027280945270892618,0.014753701565382341,0.0,-0.0071428571428570065,2019-07-11 07:00:00
2019-07-05 07:00:00,7.0,7.03,6.93,6.95,146780,975.34,117184620,975.34,970.16,0.0023609368484117,1.0,0.0,6.949999999999996,6.999999999999996,7.029999999999996,6.929999999999995,-0.007168489478612628,-1.1102230246251565e-16,-0.007168489478612516,0.014326892620761702,0.01411966977854537,0.0,-0.007194244604316391,2019-07-12 07:00:00
2019-07-08 07:00:00,7.03,7.03,6.9,6.9,300800,966.35,119061500,972.83,963.84,-0.0092600407271159,1.0,0.0,6.899999999999996,7.029999999999996,7.029999999999996,6.899999999999996,-0.00722024797348702,0.011445046245872878,-0.01866529421935986,0.018665294219359876,0.013505789830900308,0.0,0.007246376811594457,2019-07-15 07:00:00
2019-07-09 07:00:00,6.9,6.98,6.82,6.98,843160,969.05,126456270,969.05,963.05,0.0027901227152799,1.0,0.0,6.979999999999996,6.899999999999996,6.979999999999996,6.819999999999996,0.011527505171067414,0.0,0.011527505171067414,0.023189444918910354,0.01356552634403875,0.0,-0.004297994269340744,2019-07-16 07:00:00
2019-07-10 07:00:00,6.95,7.0,6.82,6.9,485280,973.65,124519570,974.96,971.19,0.0047356860008305,1.0,0.0,6.899999999999997,6.949999999999997,6.9999999999999964,6.819999999999997,-0.01152750517106727,-0.0043072571975802205,-0.00722024797348702,0.02605067719994255,0.013247730742566905,1.0,0.07681159420289863,2019-07-17 07:00:00
2019-07-11 07:00:00,6.9,7.03,6.87,6.95,404970,978.63,133659820,980.02,975.03,0.0051017382767889,1.0,0.0,6.9499999999999975,6.899999999999998,7.029999999999998,6.869999999999997,0.007220247973487097,2.2204460492503128e-16,0.007220247973487097,0.023022599588315547,0.012937539042426593,1.0,0.06906474820143882,2019-07-17 07:00:00
2019-07-12 07:00:00,6.93,7.06,6.9,6.9,569710,975.4,133003920,982.1,974.32,-0.0033059911484239,1.0,0.0,6.899999999999997,6.929999999999996,7.059999999999996,6.899999999999997,-0.007220247973487132,-0.002881846374889149,-0.00433840159859813,0.02292363990193681,0.01242250788331724,1.0,0.07681159420289863,2019-07-17 07:00:00
2019-07-15 07:00:00,6.9,7.0,6.9,6.95,883050,972.53,117696750,975.66,970.93,-0.0029467199301019,1.0,0.0,6.9499999999999975,6.899999999999998,6.999999999999997,6.899999999999998,0.007220247973487097,2.2204460492503128e-16,0.007220247973487097,0.01438873745209967,0.012146540459907457,1.0,0.06906474820143882,2019-07-17 07:00:00
2019-07-16 07:00:00,6.98,7.0,6.93,6.95,992790,982.11,142076680,982.11,975.05,0.0098023950285382,1.0,0.0,6.9499999999999975,6.979999999999998,6.999999999999997,6.929999999999997,0.0,0.00430725719758027,-0.004307257197580332,0.010050335853501506,0.01155962565582433,1.0,0.06906474820143882,2019-07-17 07:00:00
2019-07-17 07:00:00,7.0,7.43,6.93,7.43,1927730,982.57,142317410,985.59,979.05,0.0004682696504322,1.0,0.0,7.429999999999997,6.999999999999997,7.429999999999997,6.929999999999997,0.066784199152967,0.007168489478612497,0.05961570967435445,0.06966604552785587,0.023217838585954553,-1.0,-0.025572005383580176,2019-07-18 07:00:00
2019-07-18 07:00:00,7.32,7.43,7.24,7.24,788700,976.05,127216580,979.49,975.01,-0.0066577734157179,1.0,0.0,7.239999999999997,7.319999999999997,7.429999999999996,7.239999999999997,-0.025904652332042897,-0.014915530756447632,-0.010989121575595206,0.02590465233204276,0.02400708525847644,0.0,0.011049723756906271,2019-07-25 07:00:00
2019-07-19 07:00:00,7.24,7.56,7.22,7.29,669180,982.34,160649510,986.12,978.12,0.0064236660000597,1.0,0.0,7.2899999999999965,7.239999999999997,7.559999999999996,7.219999999999996,0.006882339622941738,0.0,0.006882339622941738,0.046016237286706764,0.0228756107920446,0.0,-0.009602194787379892,2019-07-26 07:00:00
2019-07-22 07:00:00,7.32,7.43,7.24,7.27,853290,982.04,135292770,985.13,980.08,-0.0003054398867147,1.0,0.0,7.269999999999997,7.319999999999998,7.429999999999997,7.2399999999999975,-0.0027472544751386955,0.004106781952653502,-0.0068540364277922565,0.02590465233204276,0.02182318125289463,0.0,-0.004126547455295726,2019-07-29 07:00:00
2019-07-23 07:00:00,7.32,7.32,7.16,7.27,502070,989.46,134713850,990.45,980.68,0.007527299046286,1.0,0.0,7.269999999999997,7.319999999999998,7.319999999999998,7.1599999999999975,0.0,0.006854036427792213,-0.0068540364277922565,0.02210034700066592,0.02076929358131401,-1.0,-0.028885832187070304,2019-07-30 07:00:00
2019-07-24 07:00:00,7.27,7.32,7.16,7.16,352490,988.41,132814770,994.85,986.34,-0.0010617483440668,1.0,0.0,7.159999999999998,7.269999999999998,7.3199999999999985,7.159999999999998,-0.015246310572873525,2.2204460492503128e-16,-0.015246310572873638,0.02210034700066592,0.020431428846506828,1.0,0.022346368715083775,2019-07-25 07:00:00
2019-07-25 07:00:00,7.16,7.43,7.16,7.32,1181200,994.95,141192240,997.49,986.85,0.0065948932150076,1.0,0.0,7.3199999999999985,7.159999999999998,7.429999999999998,7.159999999999998,0.02210034700066592,0.0,0.02210034700066592,0.037015877757113444,0.020502629063256117,-1.0,-0.03551912568306048,2019-07-30 07:00:00
2019-07-26 07:00:00,7.24,7.35,7.22,7.22,248780,993.35,118055590,998.52,992.97,-0.0016094154256021,1.0,0.0,7.219999999999997,7.2399999999999975,7.349999999999997,7.219999999999997,-0.01375537506848557,-0.010989121575595317,-0.002766253492890185,0.017845360320010387,0.020105242545098986,-1.0,-0.02216066481994472,2019-07-30 07:00:00
2019-07-29 07:00:00,7.19,7.27,7.19,7.24,564250,997.94,113384890,997.94,988.29,0.0046100850496163,1.0,0.0,7.239999999999997,7.189999999999997,7.269999999999996,7.189999999999997,0.00276625349289011,-0.004163781171779612,0.0069300346646696325,0.011065119812472607,0.019131891551785404,-1.0,-0.024861878453038777,2019-07-30 07:00:00
2019-07-30 07:00:00,7.22,7.22,7.0,7.06,832920,986.02,133259450,1002.77,986.02,-0.0120165158911114,1.0,0.0,7.059999999999996,7.219999999999995,7.219999999999995,6.9999999999999964,-0.025176154892474396,-0.002766253492890296,-0.02240990139958405,0.03094480384942149,0.019844868131570548,-1.0,-0.026912181303116234,2019-08-02 07:00:00
2019-07-31 07:00:00,6.85,7.06,6.82,6.93,1458230,991.66,130600410,993.4,982.64,0.0057036682273697,1.0,0.0,6.929999999999996,6.849999999999996,7.059999999999996,6.819999999999997,-0.018585238303338893,-0.030196399231016812,0.01161116092767806,0.03458557964977995,0.01957311144500192,-1.0,-0.02020202020202022,2019-08-05 07:00:00
2019-08-01 07:00:00,6.87,7.03,6.87,6.98,386190,997.39,135015390,997.39,990.88,0.0057615603940371,1.0,0.0,6.979999999999996,6.869999999999996,7.029999999999996,6.869999999999996,0.007189103572469256,-0.008695706967553932,0.015884810540023133,0.023022599588315547,0.01887064200875184,-1.0,-0.027220630372492782,2019-08-05 07:00:00
2019-08-02 07:00:00,6.95,6.95,6.85,6.87,362730,991.1,144127640,991.39,985.69,-0.0063264295813217,1.0,0.0,6.869999999999996,6.949999999999996,6.949999999999996,6.849999999999995,-0.015884810540023213,-0.004307257197580332,-0.011577553342442787,0.014493007302566824,0.01842606587836071,-1.0,-0.03784570596797665,2019-08-06 07:00:00
2019-08-05 07:00:00,6.87,6.98,6.79,6.79,638890,973.15,148292430,988.99,973.15,-0.0182772047240788,1.0,0.0,6.7899999999999965,6.8699999999999966,6.979999999999997,6.7899999999999965,-0.01171316466365309,2.2204460492503128e-16,-0.011713164663653203,0.027597975203676465,0.01770556285620089,-1.0,-0.026509572901325607,2019-08-06 07:00:00
2019-08-06 07:00:00,6.71,6.77,6.58,6.61,566070,964.61,170231190,966.15,958.39,-0.0088143581159503,1.0,0.0,6.609999999999996,6.7099999999999955,6.769999999999995,6.579999999999996,-0.02686728770700997,-0.011851990587014517,-0.015015297119995441,0.0284663415869577,0.018175599316348233,1.0,0.024205748865355314,2019-08-08 07:00:00
2019-08-07 07:00:00,6.71,6.71,6.58,6.64,532570,965.93,133866380,971.96,961.64,0.0013674932461426,1.0,0.0,6.639999999999995,6.7099999999999955,6.7099999999999955,6.579999999999996,0.004528309624747389,0.015015297119995434,-0.010486987495247962,0.01956420564636469,0.01759517460799698,1.0,0.01957831325301207,2019-08-08 07:00:00
2019-08-08 07:00:00,6.58,6.79,6.58,6.77,603210,975.24,157756080,975.83,964.21,0.0095922267343374,1.0,0.0,6.769999999999995,6.579999999999996,6.789999999999996,6.579999999999996,0.019389123435841163,-0.009077218151116652,0.0284663415869577,0.031416196233378914,0.018313573940961413,1.0,0.02363367799113747,2019-08-15 07:00:00
2019-08-09 07:00:00,6.77,6.82,6.69,6.77,234300,974.34,133550890,978.69,974.33,-0.0009232758480625,1.0,0.0,6.769999999999995,6.769999999999995,6.819999999999996,6.689999999999996,0.0,0.0,0.0,0.01924559771523356,0.017442284194758472,1.0,0.02363367799113747,2019-08-15 07:00:00
2019-08-12 07:00:00,6.74,6.74,6.64,6.74,321280,975.31,125710330,977.63,973.22,0.0009950504757623,1.0,0.0,6.739999999999996,6.739999999999996,6.739999999999996,6.639999999999995,-0.004441161999967825,-0.004441161999967825,0.0,0.014947961435873366,0.01659952723479961,1.0,0.028189910979228516,2019-08-15 07:00:00
2019-08-13 07:00:00,6.64,6.77,6.64,6.74,424590,966.83,142686780,973.09,964.03,-0.0087326906301817,1.0,0.0,6.739999999999996,6.639999999999995,6.769999999999995,6.639999999999995,0.0,-0.014947961435873252,0.014947961435873366,0.019389123435841163,0.015812378360311546,1.0,0.016320474777447913,2019-08-14 07:00:00
2019-08-14 07:00:00,7.07,7.07,6.74,6.85,302360,968.91,125458400,975.99,968.91,0.0021490497696231,1.0,0.0,6.849999999999994,7.069999999999995,7.069999999999995,6.739999999999995,0.0161887273499181,0.04780055498426569,-0.03161182763434754,0.04780055498426569,0.01606614924003243,1.0,0.08467153284671536,2019-08-20 07:00:00
2019-08-15 07:00:00,6.85,6.93,6.71,6.93,422370,979.38,131135680,979.38,955.76,0.0107479900737436,1.0,0.0,6.929999999999995,6.849999999999995,6.929999999999995,6.7099999999999955,0.01161116092767806,2.2204460492503128e-16,0.01161116092767806,0.03226086221822148,0.015730973722394934,1.0,0.07215007215007185,2019-08-20 07:00:00
2019-08-16 07:00:00,6.93,6.96,6.85,6.93,498670,980.0,156459560,985.61,974.88,0.000632853270619,1.0,0.0,6.929999999999995,6.929999999999995,6.9599999999999955,6.849999999999995,0.0,0.0,0.0,0.01593082207219449,0.01496362709825667,1.0,0.07215007215007185,2019-08-20 07:00:00
2019-08-19 07:00:00,6.85,6.96,6.85,6.96,371940,981.03,107980080,985.48,979.17,0.0010504684729103,1.0,0.0,6.959999999999995,6.849999999999994,6.959999999999995,6.849999999999994,0.00431966114451638,-0.011611160927678145,0.01593082207219449,0.01593082207219449,0.014283056954336373,1.0,0.06752873563218387,2019-08-20 07:00:00
2019-08-20 07:00:00,6.96,7.43,6.96,7.43,2533660,984.67,121108870,985.35,981.75,0.0037035195203096,1.0,0.0,7.4299999999999935,6.959999999999994,7.4299999999999935,6.959999999999994,0.06534638438333948,-1.1102230246251565e-16,0.06534638438333948,0.06534638438333948,0.023731352167322556,1.0,0.03364737550471064,2019-08-23 07:00:00
2019-08-21 07:00:00,7.46,7.68,7.46,7.46,1411240,994.38,146223360,995.44,983.3,0.0098128677056699,1.0,0.0,7.459999999999993,7.459999999999993,7.679999999999992,7.459999999999993,0.004029555486001642,0.004029555486001642,0.0,0.02906413294391112,0.02258947873745272,1.0,0.029490616621983934,2019-08-23 07:00:00
2019-08-22 07:00:00,7.43,7.65,7.43,7.49,679840,997.26,128389760,998.67,993.23,0.0028920909475661,1.0,0.0,7.489999999999993,7.429999999999993,7.649999999999992,7.429999999999993,0.004013383313458741,-0.004029555486001688,0.008042938799460449,0.029179789108776725,0.02150121333870153,1.0,0.025367156208277564,2019-08-23 07:00:00
2019-08-23 07:00:00,7.49,7.68,7.43,7.68,1236870,992.45,119796120,998.21,990.83,-0.004834884852487,1.0,0.0,7.679999999999993,7.489999999999994,7.679999999999993,7.4299999999999935,0.025050749630452552,2.2204460492503128e-16,0.025050749630452552,0.03309368842991301,0.021211339047023492,1.0,0.03645833333333326,2019-08-26 07:00:00
2019-08-26 07:00:00,7.57,8.01,7.54,7.96,2178250,982.88,151649840,984.61,977.0,-0.0096895960429694,1.0,0.0,7.959999999999991,7.569999999999992,8.009999999999991,7.539999999999992,0.03580945269671078,-0.014426479710223466,0.05023593240693416,0.060468579060403115,0.02182797972731269,-1.0,-0.035175879396984744,2019-09-03 07:00:00
2019-08-27 07:00:00,8.12,8.26,7.98,8.04,2096860,976.79,150855300,988.49,976.79,-0.0062153521817635,1.0,0.0,8.03999999999999,8.11999999999999,8.259999999999991,7.9799999999999915,0.010000083334583179,0.019901154317294806,-0.00990107098271157,0.03448617607116919,0.020763894749898888,-1.0,-0.04477611940298487,2019-09-03 07:00:00
2019-08-28 07:00:00,8.04,8.15,7.93,7.93,957610,977.26,117235850,981.35,977.1,0.0004810521829673,1.0,0.0,7.929999999999991,8.03999999999999,8.149999999999991,7.929999999999991,-0.013776047544118293,0.0,-0.013776047544118293,0.027364891606014838,0.021082236235760738,-1.0,-0.031525851197982124,2019-09-03 07:00:00
2019-08-29 07:00:00,7.93,8.07,7.9,7.9,871900,978.59,119663520,978.78,973.34,0.0013600227062445,1.0,0.0,7.899999999999992,7.929999999999992,8.069999999999991,7.899999999999992,-0.0037902761737805793,2.2204460492503128e-16,-0.0037902761737806908,0.021290722808881515,0.02038531585618513,-1.0,-0.027848101265822822,2019-09-03 07:00:00
2019-08-30 07:00:00,7.9,8.01,7.76,7.93,1046020,984.06,126205940,984.87,980.25,0.005574110680007,1.0,0.0,7.929999999999993,7.899999999999993,8.009999999999993,7.759999999999993,0.003790276173780827,2.2204460492503128e-16,0.003790276173780827,0.03170842688514058,0.01941778098816686,-1.0,-0.031525851197982346,2019-09-03 07:00:00
2019-09-03 07:00:00,7.98,7.98,7.63,7.68,769120,979.36,126148070,985.21,978.62,-0.0047875737003128,1.0,0.0,7.679999999999993,7.979999999999993,7.979999999999993,7.629999999999993,-0.03203348848717582,0.006285375814960957,-0.03831886430213677,0.04485056616535192,0.021876400428173553,-1.0,-0.03906250000000022,2019-09-10 07:00:00
2019-09-04 07:00:00,7.98,7.98,7.6,7.82,652330,977.63,121831910,979.91,973.37,-0.0017680217585687,1.0,0.0,7.819999999999992,7.979999999999992,7.979999999999992,7.599999999999992,0.018065007397638985,0.0383188643021366,-0.020253856904497686,0.04879016416943226,0.021285683854596,-1.0,-0.02813299232736599,2019-09-09 07:00:00
2019-09-05 07:00:00,7.79,7.93,7.76,7.82,400870,976.79,113824610,981.67,976.79,-0.0008595901103372,1.0,0.0,7.819999999999992,7.789999999999992,7.929999999999992,7.759999999999992,0.0,-0.003843694674562827,0.0038436946745629363,0.021670701451629158,0.020294115071740188,-1.0,-0.02813299232736599,2019-09-09 07:00:00
2019-09-06 07:00:00,7.85,7.85,7.71,7.71,283240,974.08,108569600,978.73,973.87,-0.002778249440642,1.0,0.0,7.709999999999992,7.849999999999992,7.849999999999992,7.709999999999992,-0.014166366981981668,0.0038289772370972515,-0.01799534421907894,0.01799534421907888,0.02007744628173966,-1.0,-0.042801556420233644,2019-09-10 07:00:00
2019-09-09 07:00:00,7.71,7.71,7.57,7.6,457630,974.12,104287810,975.03,972.47,4.1063545842958746e-05,1.0,0.0,7.599999999999991,7.70999999999999,7.70999999999999,7.569999999999991,-0.0143699402829529,-2.2204460492503136e-16,-0.014369940282952675,0.018325120125880476,0.019755435708026393,-1.0,-0.02894736842105261,2019-09-10 07:00:00
2019-09-10 07:00:00,7.54,7.71,7.38,7.38,701930,970.26,128339460,977.44,968.36,-0.0039704225211471,1.0,0.0,7.379999999999991,7.539999999999991,7.70999999999999,7.379999999999991,-0.029374608679904244,-0.007926065272420603,-0.021448543407483627,0.04374454896285696,0.02087582532550609,1.0,0.04471544715447151,2019-09-12 07:00:00
2019-09-11 07:00:00,7.38,7.49,7.32,7.46,477980,969.31,95091710,973.13,967.14,-0.0009795986491536,1.0,0.0,7.459999999999992,7.379999999999992,7.489999999999992,7.319999999999992,0.010781775603288413,2.2204460492503128e-16,0.010781775603288413,0.022958469555908,0.020229788943306858,1.0,0.03351206434316323,2019-09-12 07:00:00
2019-09-12 07:00:00,7.57,7.74,7.51,7.71,676820,976.07,123174240,976.07,972.31,0.0069498269839637,1.0,0.0,7.70999999999999,7.569999999999991,7.73999999999999,7.509999999999991,0.03296277335956834,0.014637653233687827,0.018325120125880476,0.030166221825592275,0.021768524827963064,1.0,0.03242542153047978,2019-09-17 07:00:00
2019-09-13 07:00:00,7.68,7.79,7.65,7.76,520880,987.22,145895070,987.22,975.95,0.0113586071124753,1.0,0.0,7.759999999999991,7.679999999999991,7.789999999999991,7.6499999999999915,0.006464146619889458,-0.0038986404156571976,0.010362787035546658,0.01813521204421236,0.020742406849983373,1.0,0.025773195876288568,2019-09-17 07:00:00
2019-09-16 07:00:00,7.82,7.98,7.74,7.87,1233460,989.86,138035800,992.6,986.72,0.0026706067221058,1.0,0.0,7.86999999999999,7.8199999999999905,7.979999999999991,7.73999999999999,0.014075728234184428,0.007702220362092303,0.006373507872092201,0.030536723860081702,0.020021429102504446,-1.0,-0.04574332909783985,2019-09-20 07:00:00
2019-09-17 07:00:00,7.79,7.98,7.79,7.96,830160,996.74,142632820,996.74,986.96,0.0069264346178691,1.0,0.0,7.959999999999989,7.789999999999989,7.97999999999999,7.789999999999989,0.011370937426979692,-0.010217202546655051,0.02158813997363484,0.024097551579060524,0.019178405206506453,-1.0,-0.025125628140703404,2019-09-19 07:00:00
2019-09-18 07:00:00,7.9,7.98,7.74,7.82,557030,995.15,140571130,998.4,993.94,-0.0015964740399386,1.0,0.0,7.8199999999999905,7.899999999999991,7.979999999999991,7.73999999999999,-0.01774444529907184,-0.007566240383315701,-0.010178204915756153,0.030536723860081702,0.01944044183899224,-1.0,-0.039641943734015306,2019-09-20 07:00:00
2019-09-19 07:00:00,7.82,7.87,7.68,7.76,531300,997.1,140440060,997.2,990.55,0.0019575862695178,1.0,0.0,7.759999999999991,7.819999999999991,7.869999999999991,7.679999999999991,-0.007702220362092239,2.2204460492503128e-16,-0.007702220362092351,0.024438515269731204,0.01874220411314683,-1.0,-0.03221649484536082,2019-09-20 07:00:00
2019-09-20 07:00:00,7.76,7.79,7.51,7.51,547830,990.36,167884480,998.56,990.36,-0.006782552442154,1.0,0.0,7.509999999999991,7.75999999999999,7.78999999999999,7.509999999999991,-0.032746868419084,-1.1102230246251565e-16,-0.03274686841908389,0.03660539410661344,0.020592327986115606,1.0,0.0332889480692411,2019-09-24 07:00:00
2019-09-23 07:00:00,7.51,7.79,7.51,7.63,907350,985.75,141445790,993.98,985.75,-0.0046657406348566,1.0,0.0,7.629999999999991,7.509999999999992,7.789999999999991,7.509999999999992,0.015852379520322257,2.2204460492503128e-16,0.015852379520322257,0.03660539410661344,0.020294599771545643,1.0,0.04587155963302769,2019-09-25 07:00:00
2019-09-24 07:00:00,7.6,7.79,7.6,7.76,660060,988.13,119577920,991.36,984.94,0.0024114952817491,1.0,0.0,7.759999999999992,7.599999999999992,7.789999999999992,7.599999999999992,0.01689448889876183,-0.003939598004080203,0.020834086902842053,0.02469261259037163,0.019971332929482357,1.0,0.028350515463917647,2019-09-25 07:00:00
2019-09-25 07:00:00,7.74,7.98,7.68,7.98,1558300,987.3,121420880,989.18,983.06,-0.0008403234220819,1.0,0.0,7.979999999999992,7.739999999999992,7.979999999999992,7.679999999999992,0.027956077266590135,-0.0025806465934916254,0.030536723860081702,0.03831886430213681,0.02059812172067572,1.0,0.0350877192982455,2019-10-01 07:00:00
2019-09-26 07:00:00,8.07,8.15,7.93,8.01,1465540,990.75,133043610,991.66,986.35,0.0034882874531403,1.0,0.0,8.009999999999991,8.069999999999991,8.149999999999991,7.929999999999991,0.003752349618550372,0.011215070820140003,-0.0074627212015896,0.027364891606014838,0.01959290409714153,1.0,0.03121098626716612,2019-10-01 07:00:00
2019-09-27 07:00:00,8.01,8.09,7.93,7.96,1126090,997.84,152087820,998.34,991.5,0.0071307107469094,1.0,0.0,7.959999999999991,8.009999999999991,8.089999999999991,7.929999999999991,-0.006261761223976222,0.0,-0.006261761223976222,0.019975695423643827,0.018891390688079344,1.0,0.03768844221105527,2019-10-01 07:00:00
2019-09-30 07:00:00,7.96,8.26,7.96,8.01,1806400,996.56,157737220,1004.17,996.51,-0.0012835942396165,1.0,0.0,8.009999999999991,7.959999999999991,8.259999999999991,7.959999999999991,0.006261761223976096,0.0,0.006261761223976096,0.03699558767659505,0.01799566463580907,1.0,0.03121098626716612,2019-10-01 07:00:00
2019-10-01 07:00:00,8.01,8.26,8.01,8.26,1334860,999.59,141547280,999.72,996.2,0.0030358463313191,1.0,0.0,8.259999999999991,8.009999999999991,8.259999999999991,8.009999999999991,0.030733826452618917,0.0,0.030733826452618917,0.030733826452618917,0.01900225561578378,0.0,-0.009685230024212843,2019-10-08 07:00:00
2019-10-02 07:00:00,8.34,8.45,8.23,8.26,2442440,991.19,155632190,1000.93,989.63,-0.0084389534263909,1.0,0.0,8.259999999999991,8.339999999999991,8.44999999999999,8.229999999999992,0.0,0.009638628837768793,-0.009638628837768745,0.02638042668010387,0.01816322971429987,-1.0,-0.02300242130750585,2019-10-09 07:00:00
2019-10-03 07:00:00,8.15,8.43,8.15,8.34,1708480,992.45,156298020,992.45,983.35,0.0012703919758211,1.0,0.0,8.339999999999991,8.149999999999991,8.42999999999999,8.149999999999991,0.009638628837768793,-0.013406660280115272,0.023045289117883918,0.03377884476099277,0.017324234593657176,-1.0,-0.0227817745803357,2019-10-04 07:00:00
2019-10-04 07:00:00,8.45,8.45,8.12,8.15,949980,987.59,153634840,994.81,987.59,-0.0049090015957316,1.0,0.0,8.149999999999991,8.44999999999999,8.44999999999999,8.11999999999999,-0.02304528911788402,0.013103224998427008,-0.03614851411631109,0.039836287195495874,0.018626221881861308,0.0,-0.01717791411042957,2019-10-11 07:00:00
2019-10-07 07:00:00,8.23,8.43,8.09,8.18,2871720,983.09,150412170,990.34,983.09,-0.0045669594469084,1.0,0.0,8.179999999999993,8.229999999999993,8.429999999999993,8.089999999999993,0.0036742233618845465,0.009768087436207266,-0.006093864074322892,0.04116804094336384,0.017718103125492966,-1.0,-0.020782396088019794,2019-10-10 07:00:00
2019-10-08 07:00:00,8.26,8.34,8.15,8.18,1055730,988.22,153446780,988.51,981.89,0.0052046726089539,1.0,0.0,8.179999999999993,8.259999999999993,8.339999999999993,8.149999999999993,0.0,0.009732436918231054,-0.009732436918231,0.023045289117883918,0.016879112999166876,-1.0,-0.020782396088019794,2019-10-10 07:00:00
2019-10-09 07:00:00,8.18,8.21,8.04,8.07,1166580,987.83,143783620,992.0,986.74,-0.0003947268592026,1.0,0.0,8.069999999999993,8.179999999999993,8.209999999999994,8.039999999999992,-0.01353866833279818,0.0,-0.01353866833279818,0.020923840273462002,0.016792776455052987,0.0,-0.003717472118959675,2019-10-16 07:00:00
2019-10-10 07:00:00,8.07,8.15,8.01,8.01,1249170,987.38,137745810,990.89,986.93,-0.000455647761793,1.0,0.0,8.009999999999991,8.069999999999991,8.149999999999991,8.009999999999991,-0.007462721201589824,-2.2204460492503136e-16,-0.0074627212015896,0.01732716617250353,0.016187114716568175,-1.0,-0.017478152309613137,2019-10-17 07:00:00
2019-10-11 07:00:00,8.01,8.09,7.96,8.01,873020,991.84,140671790,991.84,987.62,0.0045068335497045,1.0,0.0,8.009999999999991,8.009999999999991,8.089999999999991,7.959999999999991,0.0,0.0,0.0,0.016199731214108608,0.015397532928166138,-1.0,-0.017478152309613137,2019-10-17 07:00:00
2019-10-14 07:00:00,8.12,8.15,8.07,8.07,924530,993.57,171969840,997.25,992.5,0.001742713533065,1.0,0.0,8.069999999999991,8.11999999999999,8.149999999999991,8.069999999999991,0.007462721201589594,0.013639393093318764,-0.006176671891729062,0.009864444970914016,0.014800559208666374,-1.0,-0.02478314745972765,2019-10-17 07:00:00
2019-10-15 07:00:00,8.07,8.09,8.01,8.09,727710,993.05,131330520,994.75,990.74,-0.0005235022418738,1.0,0.0,8.08999999999999,8.06999999999999,8.08999999999999,8.00999999999999,0.0024752487885425305,-2.2204460492503136e-16,0.002475248788542752,0.009937969990132493,0.014084652485907555,-1.0,-0.027194066749072987,2019-10-17 07:00:00
2019-10-16 07:00:00,8.12,8.15,8.04,8.04,685620,994.46,157875510,997.41,993.42,0.0014188610236396,1.0,0.0,8.039999999999988,8.119999999999989,8.14999999999999,8.039999999999988,-0.00619964787952545,0.003701423103186184,-0.00990107098271157,0.013588844061896579,0.013580705715768299,-1.0,-0.021144278606965106,2019-10-17 07:00:00
2019-10-17 07:00:00,8.04,8.04,7.87,7.87,1161380,989.82,157134910,995.81,989.82,-0.0046767678525522,1.0,0.0,7.8699999999999894,8.039999999999988,8.039999999999988,7.8699999999999894,-0.021371020761563074,0.0,-0.021371020761563074,0.021371020761563133,0.01449820150656272,-1.0,-0.016518424396442244,2019-10-21 07:00:00
2019-10-18 07:00:00,7.87,7.93,7.82,7.82,953710,989.2,153487520,993.03,988.41,-0.0006265727686268,1.0,0.0,7.81999999999999,7.8699999999999894,7.929999999999989,7.81999999999999,-0.006373507872092118,0.0,-0.006373507872092118,0.01396848108953676,0.013865382087202427,1.0,0.017902813299232934,2019-10-25 07:00:00
2019-10-21 07:00:00,7.87,7.87,7.68,7.74,1261590,983.56,162867090,988.82,983.56,-0.0057178930699256,1.0,0.0,7.7399999999999896,7.8699999999999894,7.8699999999999894,7.679999999999989,-0.01028286695558403,0.006373507872092201,-0.016656374827676172,0.024438515269731204,0.013419578310084408,1.0,0.02067183462532296,2019-10-24 07:00:00
2019-10-22 07:00:00,7.74,7.85,7.71,7.76,512070,987.19,200609660,987.59,983.52,0.0036838808628392,1.0,0.0,7.759999999999988,7.739999999999989,7.849999999999988,7.709999999999988,0.0025806465934914914,-1.1102230246251565e-16,0.0025806465934914914,0.01799534421907888,0.012868363008495486,1.0,0.01804123711340222,2019-10-24 07:00:00
2019-10-23 07:00:00,7.76,7.85,7.76,7.79,407110,987.79,154015230,989.61,985.52,0.0006076011083239,1.0,0.0,7.789999999999989,7.759999999999989,7.849999999999989,7.759999999999989,0.003858525687529721,2.2204460492503128e-16,0.0038585256875294997,0.01153119759918964,0.0123808677983881,1.0,0.01412066752246477,2019-10-24 07:00:00
2019-10-24 07:00:00,7.82,7.96,7.82,7.9,768260,993.6,141378830,993.6,987.65,0.0058645866307156,1.0,0.0,7.89999999999999,7.81999999999999,7.959999999999989,7.81999999999999,0.014021899590318984,0.0038436946745629363,0.010178204915756052,0.01774444529907191,0.012696301926845682,-1.0,-0.03417721518987338,2019-10-29 07:00:00
2019-10-25 07:00:00,7.9,7.96,7.87,7.96,283570,996.57,136700300,996.67,992.91,0.002984671867022,1.0,0.0,7.95999999999999,7.899999999999991,7.95999999999999,7.86999999999999,0.0075662403833158766,2.2204460492503128e-16,0.0075662403833158766,0.011370937426979692,0.012302780206379227,-1.0,-0.013819095477387022,2019-10-28 07:00:00
2019-10-28 07:00:00,7.96,8.01,7.85,7.85,456670,996.48,149945220,999.94,996.48,-9.03138406574977e-05,1.0,0.0,7.84999999999999,7.95999999999999,8.00999999999999,7.84999999999999,-0.01391546806197467,0.0,-0.01391546806197467,0.020177229285950785,0.01248288700563395,-1.0,-0.028025477707006363,2019-10-29 07:00:00
2019-10-29 07:00:00,7.85,7.85,7.63,7.63,1104730,995.87,177823330,999.88,995.87,-0.000612342228083,1.0,0.0,7.62999999999999,7.849999999999989,7.849999999999989,7.62999999999999,-0.028425686497951422,-1.1102230246251565e-16,-0.028425686497951307,0.02842568649795129,0.014487675951253004,-1.0,-0.030144167758846763,2019-10-31 07:00:00
2019-10-30 07:00:00,7.63,7.79,7.57,7.68,533700,1000.89,160171570,1003.4,994.86,0.0050281561894742,1.0,0.0,7.679999999999989,7.629999999999989,7.7899999999999885,7.56999999999999,0.006531701863215059,-1.1102230246251565e-16,0.006531701863215059,0.028647792433299395,0.014107018564373562,-1.0,-0.03645833333333326,2019-10-31 07:00:00
2019-10-31 07:00:00,7.68,7.68,7.4,7.4,1465420,998.82,189105090,1004.4,998.58,-0.0020703009329953,1.0,0.0,7.39999999999999,7.679999999999989,7.679999999999989,7.39999999999999,-0.037139546949456655,0.0,-0.037139546949456655,0.037139546949456786,0.016990601484302616,1.0,0.027027027027027195,2019-11-04 07:00:00
2019-11-01 07:00:00,7.4,7.46,7.27,7.4,1296750,1015.59,200048280,1015.88,999.92,0.0166504211518537,1.0,0.0,7.39999999999999,7.39999999999999,7.459999999999989,7.269999999999989,0.0,0.0,0.0,0.025799122670241603,0.016256354039417175,1.0,0.027027027027027195,2019-11-04 07:00:00
2019-11-04 07:00:00,7.43,7.63,7.43,7.6,930510,1022.43,208479560,1023.92,1015.86,0.0067124225299572,1.0,0.0,7.59999999999999,7.42999999999999,7.62999999999999,7.42999999999999,0.02666824708216149,0.004045858519543796,0.022622388562617647,0.026561986566697848,0.01821111981387779,-1.0,-0.018421052631578783,2019-11-08 07:00:00
2019-11-05 07:00:00,7.6,7.63,7.54,7.54,610190,1024.34,172233290,1026.53,1021.63,0.0018663558234902,1.0,0.0,7.53999999999999,7.59999999999999,7.62999999999999,7.53999999999999,-0.007926065272420603,0.0,-0.007926065272420603,0.011865663276500982,0.017406914547721093,-1.0,-0.025198938992042397,2019-11-11 07:00:00
2019-11-06 07:00:00,7.54,7.74,7.51,7.63,989810,1024.91,183325470,1028.97,1023.42,0.0005563011001097,1.0,0.0,7.62999999999999,7.53999999999999,7.7399999999999896,7.50999999999999,0.011865663276500982,0.0,0.011865663276500982,0.030166221825592275,0.01713426928386275,-1.0,-0.022280471821756076,2019-11-08 07:00:00
2019-11-07 07:00:00,7.6,7.68,7.57,7.6,243190,1024.03,166863590,1028.45,1022.61,-0.0008589807940779,1.0,0.0,7.59999999999999,7.59999999999999,7.679999999999989,7.5699999999999905,-0.003939598004080314,-0.003939598004080314,0.0,0.014426479710223126,0.016316163690882183,-1.0,-0.018421052631578783,2019-11-08 07:00:00
2019-11-08 07:00:00,7.65,7.65,7.46,7.46,496050,1022.49,157942420,1027.39,1021.11,-0.0015049941272754,1.0,0.0,7.459999999999991,7.649999999999991,7.649999999999991,7.459999999999991,-0.018592833076615745,0.006557400546159261,-0.025150233622774895,0.025150233622774895,0.01633956681513998,1.0,0.022788203753351333,2019-11-15 07:00:00
2019-11-11 07:00:00,7.46,7.49,7.35,7.35,494350,1016.75,170775110,1024.77,1016.35,-0.0056295631306986,1.0,0.0,7.349999999999991,7.459999999999991,7.489999999999991,7.349999999999991,-0.014855100990924184,0.0,-0.014855100990924184,0.018868484304382954,0.015930849482260753,1.0,0.025850340136054584,2019-11-12 07:00:00
2019-11-12 07:00:00,7.4,7.65,7.4,7.54,1073180,1018.33,180969830,1021.84,1015.97,0.0015527648224726,1.0,0.0,7.539999999999992,7.399999999999992,7.6499999999999915,7.399999999999992,0.025521868795119553,0.006779686985378989,0.018742181809740664,0.033225647628320386,0.017622039802234864,0.0,0.003978779840848823,2019-11-19 07:00:00
2019-11-13 07:00:00,7.54,7.68,7.51,7.51,480830,1012.77,182266340,1020.09,1010.8,-0.0054748795116814,1.0,0.0,7.509999999999992,7.539999999999992,7.679999999999991,7.509999999999992,-0.003986716243821345,0.0,-0.003986716243821345,0.02238408138353722,0.016778606924370068,0.0,-1.1102230246251565e-16,2019-11-20 07:00:00
2019-11-14 07:00:00,7.54,7.54,7.46,7.46,289200,1012.3,192687960,1016.71,1010.6,-0.000464181493419,1.0,0.0,7.459999999999992,7.539999999999992,7.539999999999992,7.459999999999992,-0.006680051560373911,0.003986716243821383,-0.010666767804195192,0.010666767804195228,0.01602888907258453,1.0,0.02278820375335111,2019-11-15 07:00:00
2019-11-15 07:00:00,7.46,7.68,7.46,7.63,961380,1010.03,180804630,1015.16,1005.1,-0.0022449362402283,1.0,0.0,7.629999999999991,7.459999999999992,7.679999999999991,7.459999999999992,0.02253243108069606,0.0,0.02253243108069606,0.02906413294391112,0.01696991260983561,-1.0,-0.022280471821756187,2019-11-21 07:00:00
2019-11-18 07:00:00,7.65,7.68,7.51,7.51,385680,1002.91,165225780,1012.09,1002.63,-0.0070742592361692,1.0,0.0,7.509999999999991,7.649999999999991,7.67999999999999,7.509999999999991,-0.015852379520322327,0.00261780254207888,-0.018470182062401027,0.02238408138353722,0.016845508944347106,-1.0,-0.039946737683089206,2019-11-22 07:00:00
2019-11-19 07:00:00,7.51,7.6,7.49,7.57,392860,1008.35,158028030,1008.35,1001.35,0.0054095574575424,1.0,0.0,7.569999999999991,7.509999999999991,7.599999999999991,7.489999999999991,0.00795760167331414,0.0,0.00795760167331414,0.014579449763157238,0.016267989585755836,-1.0,-0.047556142668428114,2019-11-22 07:00:00
2019-11-20 07:00:00,7.65,7.65,7.51,7.51,243810,1000.56,182924030,1009.21,1000.56,-0.0077554883451997,1.0,0.0,7.509999999999991,7.649999999999991,7.649999999999991,7.509999999999991,-0.007957601673314088,0.010512580389086987,-0.018470182062401027,0.018470182062401055,0.01563664420713549,-1.0,-0.039946737683089206,2019-11-22 07:00:00
2019-11-21 07:00:00,7.54,7.57,7.46,7.46,488120,987.89,171731790,999.63,987.89,-0.012743766723488,1.0,0.0,7.459999999999991,7.539999999999991,7.569999999999991,7.459999999999991,-0.006680051560373911,0.003986716243821383,-0.010666767804195192,0.014637653233688045,0.014964745056369553,-1.0,-0.03351206434316356,2019-11-22 07:00:00
2019-11-22 07:00:00,7.46,7.51,7.18,7.21,664940,977.78,196749440,993.7,971.03,-0.0102866596623944,1.0,0.0,7.209999999999991,7.459999999999991,7.509999999999991,7.179999999999991,-0.034086462918811795,0.0,-0.034086462918811795,0.044936082715910534,0.017251962453803487,0.0,0.004160887656033285,2019-11-29 07:00:00
2019-11-25 07:00:00,7.29,7.4,7.21,7.21,524750,976.35,148285630,979.6,971.24,-0.0014635671682624,1.0,0.0,7.209999999999991,7.289999999999991,7.3999999999999915,7.209999999999991,0.0,0.011034594723709068,-0.01103459472370906,0.02601104891326635,0.016473527291453034,0.0,0.00832177531206657,2019-12-02 07:00:00
2019-11-26 07:00:00,7.21,7.43,7.21,7.29,581590,976.79,148016090,981.96,976.79,0.0004505565473476,1.0,0.0,7.28999999999999,7.20999999999999,7.42999999999999,7.20999999999999,0.011034594723709068,-1.1102230246251565e-16,0.011034594723709068,0.030056907432810077,0.016339768448522883,0.0,-0.015089163237311354,2019-12-03 07:00:00
2019-11-27 07:00:00,7.35,7.4,7.27,7.29,546410,978.17,157478720,982.76,978.17,0.001411793826179,1.0,0.0,7.28999999999999,7.34999999999999,7.399999999999991,7.26999999999999,0.0,0.00819676720417849,-0.008196767204178515,0.017723708664696212,0.015566420576725446,0.0,0.012345679012345734,2019-12-04 07:00:00
2019-11-28 07:00:00,7.29,7.35,7.21,7.29,550060,970.39,154471660,979.17,967.68,-0.0079854265121437,1.0,0.0,7.28999999999999,7.28999999999999,7.34999999999999,7.20999999999999,0.0,0.0,0.0,0.019231361927887592,0.014827415667875495,-1.0,-0.015089163237311354,2019-12-03 07:00:00
2019-11-29 07:00:00,7.32,7.32,7.21,7.24,227220,970.75,138896550,972.89,968.03,0.0003709160638875,1.0,0.0,7.23999999999999,7.3199999999999905,7.3199999999999905,7.20999999999999,-0.006882339622941789,0.004106781952653502,-0.010989121575595206,0.015141376676362476,0.014169343685045816,1.0,0.01933701657458564,2019-12-04 07:00:00
2019-12-02 07:00:00,7.27,7.32,7.07,7.27,601600,959.31,180421680,972.91,958.3,-0.0118546925745119,1.0,0.0,7.269999999999991,7.269999999999991,7.319999999999991,7.069999999999991,0.004135085147803017,0.004135085147803017,0.0,0.034749848064738804,0.01363811448658325,1.0,0.015130674002751032,2019-12-04 07:00:00
2019-12-03 07:00:00,7.24,7.32,7.18,7.18,455030,953.43,176408390,960.82,950.96,-0.0061482674305682,1.0,0.0,7.179999999999991,7.239999999999991,7.319999999999991,7.179999999999991,-0.012456908485295154,-0.004135085147802879,-0.008321823337492217,0.019310944913087522,0.01334007179038851,1.0,0.027855153203342642,2019-12-04 07:00:00
2019-12-04 07:00:00,7.27,7.38,7.16,7.38,380030,965.9,162142410,965.9,950.44,0.0129943005785538,1.0,0.0,7.37999999999999,7.26999999999999,7.37999999999999,7.15999999999999,0.027474255552248337,0.012456908485294996,0.015017347066953131,0.03026365763982693,0.015680265971888215,0.0,0.0027100271002711285,2019-12-11 07:00:00
2019-12-05 07:00:00,7.43,7.46,7.35,7.4,792350,963.27,159548260,967.92,962.16,-0.0027265628527465,1.0,0.0,7.3999999999999915,7.429999999999991,7.459999999999991,7.349999999999991,0.0027063615977430673,0.006752220117286871,-0.0040458585195436835,0.014855100990924278,0.014940573897549263,1.0,0.02297297297297307,2019-12-12 07:00:00
2019-12-06 07:00:00,7.4,7.43,7.35,7.38,284110,963.56,139312750,965.41,960.99,0.0003010125461921,1.0,0.0,7.37999999999999,7.399999999999991,7.42999999999999,7.34999999999999,-0.0027063615977431367,-1.1102230246251565e-16,-0.0027063615977430252,0.010825545504922545,0.01423601487490976,1.0,0.02574525745257472,2019-12-12 07:00:00
2019-12-09 07:00:00,7.38,7.46,7.35,7.43,561950,966.06,183348640,967.57,962.59,0.0025911852062064,1.0,0.0,7.429999999999991,7.379999999999991,7.459999999999991,7.349999999999991,0.006752220117286871,2.2204460492503128e-16,0.006752220117286651,0.014855100990924278,0.013701539168073732,-1.0,-0.014804845222072704,2019-12-10 07:00:00
2019-12-10 07:00:00,7.46,7.46,7.32,7.32,429740,960.3,170738810,966.58,955.14,-0.0059802084409751,1.0,0.0,7.3199999999999905,7.45999999999999,7.45999999999999,7.3199999999999905,-0.014915530756447632,0.004029555486001642,-0.018945086242449304,0.018945086242449203,0.013832239108327007,1.0,0.03415300546448097,2019-12-12 07:00:00
2019-12-11 07:00:00,7.32,7.4,7.29,7.4,281710,961.78,158554160,961.78,954.56,0.0015399986394913,1.0,0.0,7.3999999999999915,7.319999999999991,7.3999999999999915,7.289999999999991,0.010869672236904111,2.2204460492503128e-16,0.010869672236903891,0.014976454189557259,0.01363351532982883,1.0,0.02297297297297307,2019-12-12 07:00:00
2019-12-12 07:00:00,7.43,7.6,7.43,7.57,1405630,968.17,154590800,968.39,962.72,0.0066219574085114,1.0,0.0,7.569999999999991,7.429999999999991,7.599999999999991,7.429999999999991,0.022713067239233435,0.004045858519543575,0.018667208719689705,0.022622388562617647,0.014642427184825335,-1.0,-0.022457067371202122,2019-12-17 07:00:00
2019-12-13 07:00:00,7.63,7.74,7.54,7.57,743620,966.18,172536910,971.84,965.93,-0.0020575394339702,1.0,0.0,7.569999999999991,7.629999999999991,7.73999999999999,7.539999999999991,0.0,0.007894777847008283,-0.00789477784700815,0.026179505581771078,0.013944746227110639,-1.0,-0.022457067371202122,2019-12-17 07:00:00
2019-12-16 07:00:00,7.57,7.6,7.51,7.54,462300,961.47,202440060,966.0,960.39,-0.0048867889639441,1.0,0.0,7.539999999999991,7.569999999999991,7.599999999999991,7.509999999999991,-0.003970885429492732,0.0,-0.003970885429492732,0.011912781516241961,0.013388254043030033,-1.0,-0.018567639257294433,2019-12-17 07:00:00
2019-12-17 07:00:00,7.54,7.54,7.4,7.4,393420,954.03,239321700,962.79,954.03,-0.0077682457992805,1.0,0.0,7.3999999999999915,7.539999999999991,7.539999999999991,7.3999999999999915,-0.01874218180974064,0.0,-0.01874218180974064,0.018742181809740664,0.014117971366055424,-1.0,-0.014864864864865046,2019-12-18 07:00:00
2019-12-18 07:00:00,7.4,7.46,7.29,7.29,641100,951.13,183063780,954.18,949.86,-0.0030443660792858,1.0,0.0,7.28999999999999,7.399999999999991,7.45999999999999,7.28999999999999,-0.014976454189557474,-1.1102230246251565e-16,-0.014976454189557361,0.023051868195102635,0.014125097511370028,1.0,0.015089163237311354,2019-12-19 07:00:00
2019-12-19 07:00:00,7.29,7.43,7.24,7.4,421800,952.26,178790140,955.85,946.74,0.001187355332073,1.0,0.0,7.39999999999999,7.289999999999989,7.429999999999989,7.2399999999999896,0.014976454189557259,-1.1102230246251565e-16,0.014976454189557259,0.02590465233204276,0.014356217097408952,1.0,0.018918918918918948,2019-12-24 07:00:00
2019-12-20 07:00:00,7.38,7.43,7.38,7.4,268340,956.41,183446480,957.52,952.71,0.0043485846581875,1.0,0.0,7.39999999999999,7.379999999999989,7.429999999999989,7.379999999999989,0.0,-0.0027063615977430252,0.0027063615977430673,0.006752220117286651,0.013655645414128236,1.0,0.018918918918918948,2019-12-24 07:00:00
2019-12-23 07:00:00,7.4,7.43,7.32,7.4,449330,959.43,190141650,960.71,958.07,0.0031526667168364,1.0,0.0,7.39999999999999,7.39999999999999,7.429999999999989,7.31999999999999,0.0,0.0,0.0,0.014915530756447568,0.012989246638526087,1.0,0.018918918918918948,2019-12-24 07:00:00
2019-12-24 07:00:00,7.68,7.68,7.46,7.54,1537780,958.88,173207590,959.09,953.29,-0.000573421412671,1.0,0.0,7.53999999999999,7.679999999999989,7.679999999999989,7.45999999999999,0.018742181809740664,0.037139546949456786,-0.018397365139715943,0.02906413294391112,0.013606072633224218,1.0,0.02652519893899208,2019-12-25 07:00:00
2019-12-25 07:00:00,7.57,7.79,7.57,7.74,969440,960.92,195453740,962.83,957.5,0.0021252221771192,1.0,0.0,7.7399999999999896,7.5699999999999905,7.789999999999989,7.5699999999999905,0.026179505581771078,0.00397088542949272,0.022208620152278348,0.028647792433299395,0.014906065427130934,-1.0,-0.018087855297157618,2019-12-27 07:00:00
2019-12-26 07:00:00,7.74,7.85,7.63,7.63,1047700,958.59,160431180,962.11,957.43,-0.0024277040957005,1.0,0.0,7.62999999999999,7.7399999999999896,7.849999999999989,7.62999999999999,-0.014313842305270098,0.0,-0.014313842305270098,0.02842568649795129,0.015209330172430001,-1.0,-0.01572739187418093,2019-12-30 07:00:00
2019-12-27 07:00:00,7.68,7.68,7.6,7.6,569460,963.51,126605420,963.51,954.19,0.0051194118364601,1.0,0.0,7.59999999999999,7.679999999999989,7.679999999999989,7.59999999999999,-0.003939598004080314,0.006531701863215059,-0.010471299867295366,0.010471299867295216,0.014585451926027058,0.0,-0.003947368421052699,2020-01-06 07:00:00
2019-12-30 07:00:00,7.6,7.65,7.46,7.51,866360,965.03,147816130,967.52,962.47,0.001576322310909,1.0,0.0,7.50999999999999,7.59999999999999,7.649999999999991,7.45999999999999,-0.011912781516242,0.0,-0.011912781516242,0.02515023362277511,0.014461019532121451,1.0,0.015978695073235683,2019-12-31 07:00:00
2019-12-31 07:00:00,7.49,7.63,7.46,7.63,923890,960.99,144441990,965.71,958.22,-0.0041951858497747,1.0,0.0,7.62999999999999,7.48999999999999,7.62999999999999,7.45999999999999,0.015852379520322257,-0.0026666682469152284,0.01851904776723753,0.022532431080696278,0.014526505977273575,-1.0,-0.06159895150720851,2020-01-08 07:00:00
2020-01-02 07:00:00,7.57,7.68,7.57,7.63,866500,966.67,131523160,966.67,959.67,0.0058931724874842,1.0,0.0,7.62999999999999,7.5699999999999905,7.679999999999989,7.5699999999999905,0.0,-0.00789477784700815,0.007894777847008283,0.014426479710223126,0.013828344166906691,-1.0,-0.06159895150720851,2020-01-08 07:00:00
2020-01-03 07:00:00,7.63,7.82,7.63,7.68,2242240,965.14,149202550,970.88,965.14,-0.001584007039934,1.0,0.0,7.679999999999989,7.629999999999989,7.819999999999989,7.629999999999989,0.006531701863215059,-1.1102230246251565e-16,0.006531701863215059,0.024596709260854083,0.013235368798980749,-1.0,-0.01432291666666663,2020-01-06 07:00:00
2020-01-06 07:00:00,7.71,7.71,7.54,7.57,470820,955.79,140978550,963.2,955.59,-0.0097349448869532,1.0,0.0,7.56999999999999,7.709999999999988,7.709999999999988,7.539999999999989,-0.014426479710223353,0.003898640415657323,-0.018325120125880535,0.02229600555537322,0.013538954408263006,-1.0,-0.05416116248348757,2020-01-08 07:00:00
2020-01-07 07:00:00,7.51,7.68,7.51,7.54,424110,958.88,130272030,959.46,953.19,0.0032277130603899,1.0,0.0,7.539999999999989,7.509999999999989,7.679999999999989,7.509999999999989,-0.003970885429492732,-0.007957601673314088,0.003986716243821383,0.022384081383537435,0.012949499372904858,-1.0,-0.050397877984084904,2020-01-08 07:00:00
2020-01-08 07:00:00,7.49,7.49,7.16,7.16,2280630,948.98,179374340,955.84,945.28,-0.0103782131376196,1.0,0.0,7.1599999999999895,7.4899999999999896,7.4899999999999896,7.1599999999999895,-0.05171220104731048,-0.006653384490736548,-0.04505881655657395,0.045058816556574045,0.01988188074301151,0.0,0.0027932960893857217,2020-01-15 07:00:00
2020-01-09 07:00:00,7.24,7.38,7.24,7.27,553820,960.15,132773820,960.73,952.16,0.0117017986838665,1.0,0.0,7.26999999999999,7.23999999999999,7.37999999999999,7.23999999999999,0.015246310572873885,0.011111225425070849,0.004135085147803017,0.019152432214756137,0.019854226779534374,0.0,-0.015130674002750921,2020-01-16 07:00:00
2020-01-10 07:00:00,7.29,7.38,7.24,7.27,553300,968.54,163058830,969.71,961.17,0.0087002607189648,1.0,0.0,7.26999999999999,7.28999999999999,7.37999999999999,7.23999999999999,0.0,0.0027472544751389236,-0.002747254475138807,0.019152432214756137,0.018905535042464568,-1.0,-0.04264099037138913,2020-01-17 07:00:00
2020-01-13 07:00:00,7.27,7.35,7.16,7.16,946160,965.84,117952020,968.63,964.79,-0.0027915939509547,1.0,0.0,7.15999999999999,7.26999999999999,7.34999999999999,7.15999999999999,-0.015246310572873638,0.0,-0.015246310572873638,0.026190332252191074,0.018379313692414027,-1.0,-0.027932960893854664,2020-01-17 07:00:00
2020-01-14 07:00:00,7.18,7.24,7.05,7.18,715360,967.0,127784380,968.85,965.76,0.0012003064291622,1.0,0.0,7.179999999999991,7.179999999999991,7.239999999999991,7.049999999999991,0.0027894020875785922,0.0027894020875785922,0.0,0.02659358957344786,0.017595802592408796,-1.0,-0.03064066852367686,2020-01-17 07:00:00
2020-01-15 07:00:00,7.18,7.21,7.13,7.18,270530,967.56,112470420,967.69,964.84,0.0005789430316365,1.0,0.0,7.179999999999991,7.179999999999991,7.209999999999991,7.129999999999991,0.0,0.0,0.0,0.01115771687065314,0.016764796085377474,-1.0,-0.03064066852367686,2020-01-17 07:00:00
2020-01-16 07:00:00,7.18,7.21,7.13,7.16,553400,974.31,146756870,974.7,967.17,0.0069520896728159,1.0,0.0,7.15999999999999,7.17999999999999,7.20999999999999,7.12999999999999,-0.0027894020875786365,-1.1102230246251565e-16,-0.0027894020875785254,0.01115771687065314,0.015946537799631462,-1.0,-0.027932960893854664,2020-01-17 07:00:00
2020-01-17 07:00:00,7.18,7.18,6.96,6.96,1151600,978.96,117216890,980.02,973.79,0.0047612555196658,1.0,0.0,6.959999999999991,7.179999999999991,7.179999999999991,6.959999999999991,-0.028330506626225882,0.0027894020875785922,-0.031119908713804517,0.031119908713804472,0.016993336927487824,1.0,0.04022988505747116,2020-01-21 07:00:00
2020-01-20 07:00:00,6.96,7.02,6.96,7.02,294050,978.63,102398830,979.85,975.93,-0.0003371492530365,1.0,0.0,7.019999999999991,6.959999999999991,7.019999999999991,6.959999999999991,0.008583743691391435,0.0,0.008583743691391435,0.008583743691391435,0.01669700547526961,1.0,0.031339031339031376,2020-01-21 07:00:00
2020-01-21 07:00:00,7.02,7.24,7.02,7.24,497590,986.37,128887950,986.37,978.82,0.0078779033379506,1.0,0.0,7.23999999999999,7.01999999999999,7.23999999999999,7.01999999999999,0.030857988359905282,-1.1102230246251565e-16,0.030857988359905282,0.030857988359905282,0.019036504540690523,-1.0,-0.04281767955801119,2020-01-30 07:00:00
2020-01-22 07:00:00,7.24,7.32,7.18,7.18,876300,991.46,128966880,991.46,983.92,0.0051470664689511,1.0,0.0,7.17999999999999,7.23999999999999,7.3199999999999905,7.17999999999999,-0.008321823337492217,0.0,-0.008321823337492217,0.019310944913087522,0.01825332970698823,-1.0,-0.0348189415041783,2020-01-30 07:00:00
2020-01-30 07:00:00,7.18,7.18,6.82,6.93,1044820,959.58,181385230,977.72,954.0,-0.0326829155004434,1.0,0.0,6.92999999999999,7.179999999999989,7.179999999999989,6.8199999999999905,-0.03543956985832098,-1.1102230246251565e-16,-0.03543956985832086,0.05143991120476204,0.020163057532643552,-1.0,-0.03463203463203457,2020-01-31 07:00:00
2020-01-31 07:00:00,6.88,6.96,6.69,6.69,2053420,936.62,210630210,960.96,936.62,-0.0242180383763697,1.0,0.0,6.689999999999991,6.87999999999999,6.95999999999999,6.689999999999991,-0.03524593906167472,-0.0072411612565595855,-0.028004777805115146,0.0395656002061911,0.021278699675715527,-1.0,-0.06726457399103136,2020-02-03 07:00:00
2020-02-03 07:00:00,6.35,6.55,6.24,6.24,2361500,928.14,246408370,930.37,891.85,-0.009095066877836,1.0,0.0,6.239999999999991,6.349999999999991,6.54999999999999,6.239999999999991,-0.06963369175880076,-0.0521590612355368,-0.017474630523263885,0.048484867265824086,0.027553422195619837,1.0,0.03525641025641035,2020-02-10 07:00:00
2020-02-04 07:00:00,6.38,6.38,6.16,6.27,1463880,929.09,178000400,934.91,919.33,0.0010230290086364,1.0,0.0,6.269999999999992,6.379999999999992,6.379999999999992,6.159999999999993,0.0047961722634930135,0.022187914975362356,-0.01739174271186922,0.03509131981126998,0.026779582833035605,1.0,0.030303030303030276,2020-02-10 07:00:00
2020-02-05 07:00:00,6.27,6.33,6.24,6.3,1089750,925.91,163682070,936.33,921.89,-0.0034285747871779,1.0,0.0,6.299999999999992,6.269999999999992,6.329999999999992,6.239999999999992,0.004773278752657812,0.0,0.004773278752657812,0.014320053774748471,0.02595279564824242,1.0,0.03968253968253954,2020-02-11 07:00:00
2020-02-06 07:00:00,6.3,6.35,6.24,6.35,1495560,938.54,206129040,938.54,925.21,0.0135484386242678,1.0,0.0,6.349999999999992,6.299999999999992,6.349999999999992,6.239999999999992,0.007905179507113247,0.0,0.007905179507113247,0.01747463052326392,0.02527831046191059,1.0,0.03149606299212593,2020-02-11 07:00:00
2020-02-07 07:00:00,6.41,6.6,6.38,6.41,1322960,940.75,165020480,943.48,935.94,0.0023519531511918,1.0,0.0,6.409999999999991,6.409999999999991,6.599999999999991,6.379999999999991,0.00940445802797842,0.00940445802797842,0.0,0.033901551675681416,0.02463756552919108,1.0,0.090483619344774,2020-02-12 07:00:00
2020-02-10 07:00:00,6.41,6.55,6.3,6.46,1066490,930.73,129573270,935.87,926.61,-0.0107082049988654,1.0,0.0,6.459999999999991,6.409999999999991,6.549999999999991,6.299999999999992,0.007770046861931858,0.0,0.007770046861931858,0.03891541624967341,0.02383884950815609,1.0,0.08204334365325083,2020-02-12 07:00:00
2020-02-11 07:00:00,6.44,6.6,6.44,6.55,1438680,934.67,159265510,936.04,931.55,0.0042243013391392,1.0,0.0,6.549999999999991,6.4399999999999915,6.599999999999991,6.4399999999999915,0.013835731852650008,-0.0031007776782481593,0.016936509530898255,0.024541108916117445,0.023400359863325657,1.0,0.06717557251908413,2020-02-12 07:00:00
2020-02-12 07:00:00,6.58,6.99,6.58,6.99,2679770,937.68,187439280,943.11,937.34,0.0032152136011042,1.0,0.0,6.989999999999991,6.579999999999992,6.989999999999991,6.579999999999992,0.06501550659855848,0.0045696956900654895,0.060445810908493,0.060445810908493,0.03035744637594552,1.0,0.03576537911301858,2020-02-17 07:00:00
2020-02-13 07:00:00,6.99,7.16,6.99,7.16,1908600,938.24,153479610,939.1,934.47,0.0005970404032525,1.0,0.0,7.15999999999999,6.989999999999991,7.15999999999999,6.989999999999991,0.02402942472683526,0.0,0.02402942472683526,0.02402942472683526,0.02956213140022124,1.0,0.046089385474860745,2020-02-19 07:00:00
2020-02-14 07:00:00,7.16,7.24,7.07,7.18,983250,937.45,172195600,940.65,936.47,-0.0008423567292174,1.0,0.0,7.179999999999991,7.159999999999991,7.239999999999991,7.069999999999991,0.0027894020875785922,2.2204460492503128e-16,0.0027894020875785922,0.023760726489143662,0.028127092983672802,1.0,0.043175487465181295,2020-02-19 07:00:00
2020-02-17 07:00:00,7.13,7.4,7.13,7.24,1394660,934.77,149349950,938.52,931.66,-0.0028629133654172,1.0,0.0,7.239999999999991,7.129999999999991,7.3999999999999915,7.129999999999991,0.008321823337492278,-0.0069881486339282515,0.01530997197142051,0.03716876578391958,0.026775319074191877,1.0,0.03453038674033171,2020-02-19 07:00:00
2020-02-18 07:00:00,7.27,7.35,7.21,7.35,1300470,927.93,164327840,934.98,926.01,-0.0073442108168883,1.0,0.0,7.349999999999991,7.269999999999991,7.349999999999991,7.209999999999991,0.0150791068271203,0.004135085147803017,0.01094402167931743,0.019231361927887592,0.025644141581280047,-1.0,-0.05306122448979578,2020-02-24 07:00:00
2020-02-19 07:00:00,7.46,7.68,7.46,7.49,1452330,928.76,161801070,931.66,925.86,0.0008940642275108,1.0,0.0,7.489999999999992,7.459999999999992,7.679999999999991,7.459999999999992,0.018868484304382954,0.014855100990924278,0.004013383313458741,0.02906413294391112,0.024694851657403108,-1.0,-0.026702269692924108,2020-02-21 07:00:00
2020-02-20 07:00:00,7.6,7.63,7.46,7.46,925570,938.13,183636850,938.13,930.41,0.0100381690195046,1.0,0.0,7.459999999999992,7.599999999999992,7.629999999999991,7.459999999999992,-0.004013383313458676,0.014579449763157238,-0.01859283307661586,0.02253243108069606,0.023735057493184785,-1.0,-0.06702412868632712,2020-02-24 07:00:00
2020-02-21 07:00:00,7.29,7.46,7.27,7.29,908390,933.09,179503790,940.53,932.32,-0.0053868729360759,1.0,0.0,7.289999999999991,7.289999999999991,7.459999999999991,7.269999999999991,-0.023051868195102833,-0.023051868195102833,0.0,0.025799122670241603,0.02423639180923636,-1.0,-0.04526748971193406,2020-02-24 07:00:00
2020-02-24 07:00:00,6.93,7.07,6.82,6.96,1755640,903.34,255965410,917.49,903.34,-0.0324026539653886,1.0,0.0,6.959999999999992,6.929999999999992,7.069999999999992,6.819999999999992,-0.0463240716742384,-0.050643732818754915,0.00431966114451638,0.03600100805311063,0.027495226679244356,0.0,-0.015804597701149503,2020-03-02 07:00:00
2020-02-25 07:00:00,6.96,7.1,6.82,7.07,943960,909.67,186008510,909.67,893.95,0.0069828911272242,1.0,0.0,7.069999999999992,6.959999999999992,7.099999999999992,6.819999999999992,0.015681005562153075,0.0,0.015681005562153075,0.04023531219189897,0.026649029158755035,-1.0,-0.031117397454031193,2020-03-02 07:00:00
2020-02-26 07:00:00,7.05,7.13,6.93,6.99,557830,895.97,131173700,903.27,894.25,-0.0151749661078953,1.0,0.0,6.989999999999991,7.049999999999991,7.129999999999991,6.929999999999991,-0.01137992366276267,-0.0028328630843043124,-0.008547060578458297,0.028451421224392762,0.02559157365593643,1.0,0.027181688125894166,2020-03-03 07:00:00
2020-02-27 07:00:00,7.07,7.07,6.99,7.02,665060,898.44,135468580,899.34,889.14,0.0027529957590603,1.0,0.0,7.019999999999991,7.069999999999991,7.069999999999991,6.989999999999991,0.004282661792000728,0.011379923662762581,-0.0070972618707617705,0.011379923662762581,0.02439060092406663,1.0,0.0698005698005697,2020-03-04 07:00:00
2020-02-28 07:00:00,6.96,7.02,6.82,6.93,1095910,882.19,184315860,887.07,872.46,-0.0182524737221181,1.0,0.0,6.929999999999991,6.959999999999991,7.01999999999999,6.819999999999991,-0.012903404835907841,-0.008583743691391442,-0.004319661144516507,0.02890374618234878,0.023507596443445623,1.0,0.03607503607503615,2020-03-03 07:00:00
2020-03-02 07:00:00,6.93,7.05,6.85,6.85,490500,884.43,173927240,886.45,877.31,0.0025359174020788,1.0,0.0,6.849999999999992,6.929999999999991,7.049999999999991,6.849999999999992,-0.011611160927677808,0.0,-0.011611160927677808,0.028778964550043327,0.022565854343578624,1.0,0.04817518248175179,2020-03-03 07:00:00
2020-03-03 07:00:00,6.96,7.18,6.93,7.18,806940,890.61,176373200,896.39,890.06,0.0069632514993675,1.0,0.0,7.179999999999991,6.959999999999991,7.179999999999991,6.929999999999991,0.047050730785998855,0.015930822072194272,0.031119908713804472,0.03543956985832102,0.026138777914995574,1.0,0.04596100278551529,2020-03-04 07:00:00
2020-03-04 07:00:00,7.24,7.51,7.21,7.51,2211650,889.37,195439390,889.85,882.83,-0.0013932743071181,1.0,0.0,7.50999999999999,7.23999999999999,7.50999999999999,7.20999999999999,0.044936082715910534,0.008321823337492058,0.036614259378418314,0.04076651447918565,0.02799160469040807,-1.0,-0.0732356857523303,2020-03-09 07:00:00
2020-03-05 07:00:00,7.51,7.63,7.24,7.32,1144260,893.31,209158850,898.43,891.2,0.0044203181898856,1.0,0.0,7.3199999999999905,7.50999999999999,7.62999999999999,7.23999999999999,-0.02562513780282316,0.0,-0.02562513780282316,0.05246663889874064,0.028308635361974182,-1.0,-0.049180327868852514,2020-03-09 07:00:00
2020-03-06 07:00:00,7.27,7.46,7.13,7.46,919740,891.44,175600680,891.44,882.71,-0.0020955323538914,1.0,0.0,7.459999999999989,7.269999999999989,7.459999999999989,7.129999999999989,0.018945086242449203,-0.006854036427792368,0.025799122670241603,0.04524417978946494,0.027337926330352508,-1.0,-0.06702412868632701,2020-03-09 07:00:00
2020-03-09 07:00:00,7.05,7.13,6.96,6.96,2153190,835.49,273180820,875.8,834.67,-0.0648197536558873,1.0,0.0,6.95999999999999,7.04999999999999,7.129999999999989,6.95999999999999,-0.06937593986934114,-0.05652779739149212,-0.012848142477849024,0.02413176007987622,0.034273302412134304,-1.0,-0.06752873563218398,2020-03-12 07:00:00
2020-03-10 07:00:00,6.91,7.07,6.71,6.96,1396790,837.5,242825240,843.28,806.63,0.0024028846163103,1.0,0.0,6.95999999999999,6.90999999999999,7.0699999999999905,6.70999999999999,0.0,-0.0072098365667497555,0.00720983656674975,0.05226152892489104,0.032607793056766816,-1.0,-0.06752873563218398,2020-03-12 07:00:00
2020-03-11 07:00:00,6.96,7.07,6.49,6.96,1361650,811.35,278303370,844.94,794.54,-0.0317217367136757,1.0,0.0,6.95999999999999,6.95999999999999,7.0699999999999905,6.48999999999999,0.0,0.0,0.0,0.08559794919248286,0.031022547556976535,-1.0,-0.06752873563218398,2020-03-12 07:00:00
2020-03-12 07:00:00,6.55,6.93,6.49,6.49,2626960,769.25,311344630,778.06,762.12,-0.0532835127833944,1.0,0.0,6.48999999999999,6.54999999999999,6.929999999999989,6.48999999999999,-0.06991694363032973,-0.060714424699167845,-0.009202518931161894,0.06559728248581306,0.03592408221622699,0.0,-0.012326656394453184,2020-03-19 07:00:00
2020-03-13 07:00:00,6.05,6.49,6.05,6.44,2049070,761.78,289011560,764.69,723.42,-0.009758214112151,1.0,0.0,6.439999999999991,6.04999999999999,6.48999999999999,6.04999999999999,-0.007733990599736339,-0.0702042586732487,0.06247026807351241,0.07020425867324877,0.034171146055009455,0.0,-0.013975155279503548,2020-03-20 07:00:00
2020-03-16 07:00:00,6.35,6.46,6.16,6.35,971660,747.86,222784370,758.59,737.58,-0.0184420054086236,1.0,0.0,6.34999999999999,6.34999999999999,6.45999999999999,6.15999999999999,-0.014073727211662078,-0.014073727211662078,0.0,0.04755254024908206,0.0325496488348192,-1.0,-0.06929133858267733,2020-03-23 07:00:00
2020-03-17 07:00:00,6.08,6.35,6.0,6.35,2376460,745.78,202420360,750.03,721.84,-0.0027851441372102,1.0,0.0,6.34999999999999,6.07999999999999,6.34999999999999,5.999999999999991,0.0,-0.04345011692652465,0.043450116926524576,0.056695343676545086,0.03107551175874493,-1.0,-0.06929133858267733,2020-03-23 07:00:00
2020-03-18 07:00:00,6.46,6.6,6.38,6.46,1203540,747.66,205460100,752.65,742.12,0.0025176786386648,1.0,0.0,6.459999999999989,6.459999999999989,6.599999999999989,6.379999999999989,0.017174504889910215,0.017174504889910215,0.0,0.033901551675681416,0.030516391494382653,-1.0,-0.08513931888544901,2020-03-23 07:00:00
2020-03-19 07:00:00,6.27,6.46,6.19,6.41,1123970,725.94,308921920,733.43,714.02,-0.0294809624013895,1.0,0.0,6.4099999999999895,6.269999999999989,6.459999999999989,6.18999999999999,-0.007770046861931788,-0.029852963149681274,0.02208291628774953,0.0426942310980057,0.029034152158714743,-1.0,-0.07800312012480515,2020-03-23 07:00:00
2020-03-20 07:00:00,6.33,6.38,6.19,6.35,1511820,709.73,197474500,729.35,709.73,-0.0225827507616397,1.0,0.0,6.349999999999988,6.3299999999999885,6.379999999999988,6.18999999999999,-0.00940445802797863,-0.012559034776494022,0.0031545767485153453,0.03023301066019366,0.027638105078088455,-1.0,-0.06929133858267711,2020-03-23 07:00:00
2020-03-23 07:00:00,6.13,6.33,5.91,5.91,2354750,666.59,223310850,694.77,664.23,-0.0627094517588359,1.0,0.0,5.9099999999999895,6.129999999999989,6.3299999999999885,5.9099999999999895,-0.07180898148659338,-0.03526006295648016,-0.03654891853011325,0.06865440473807798,0.03289429197867504,0.0,-0.013536379018612266,2020-03-30 07:00:00
2020-03-24 07:00:00,5.86,5.94,5.55,5.94,1548700,659.21,212661260,666.28,652.27,-0.0111330158778528,1.0,0.0,5.93999999999999,5.85999999999999,5.93999999999999,5.54999999999999,0.005063301956546855,-0.008496227829085533,0.013559529785632294,0.06791120561621057,0.03172825122951469,-1.0,-0.03703703703703709,2020-03-31 07:00:00
2020-03-25 07:00:00,6.19,6.22,5.97,6.08,906180,690.25,209923920,690.25,667.58,0.0460117024271509,1.0,0.0,6.07999999999999,6.189999999999991,6.21999999999999,5.969999999999991,0.0232955626035223,0.04122595332195147,-0.017930390718429133,0.04102297934657735,0.031873580546238664,-1.0,-0.041118421052631526,2020-03-30 07:00:00
2020-03-26 07:00:00,6.19,6.19,5.91,6.08,1294140,694.21,171216480,700.76,680.1,0.005720657584255,1.0,0.0,6.07999999999999,6.189999999999991,6.189999999999991,5.909999999999991,0.0,0.017930390718429164,-0.017930390718429133,0.0462892552784979,0.030401965098660062,-1.0,-0.041118421052631526,2020-03-30 07:00:00
2020-03-27 07:00:00,6.08,6.11,5.94,6.08,1606100,696.06,212339560,703.22,682.52,0.0026613551208514,1.0,0.0,6.07999999999999,6.07999999999999,6.1099999999999905,5.9399999999999915,0.0,0.0,0.0,0.028217639808950323,0.028990259743872163,-1.0,-0.041118421052631526,2020-03-30 07:00:00
2020-03-30 07:00:00,5.97,5.97,5.66,5.83,2410670,662.26,194282800,665.56,657.36,-0.0497776354394456,1.0,0.0,5.829999999999991,5.969999999999991,5.969999999999991,5.659999999999991,-0.04198769561567457,-0.01825776857356488,-0.02372992704210966,0.0533230351894191,0.029612971002145997,1.0,0.04802744425385952,2020-04-06 07:00:00
2020-03-31 07:00:00,5.72,5.97,5.43,5.72,2440790,662.53,227893260,678.64,649.1,0.0004076117780754,1.0,0.0,5.71999999999999,5.71999999999999,5.96999999999999,5.429999999999991,-0.019048194970694703,-0.019048194970694703,0.0,0.09480779345866662,0.028312208222262037,1.0,0.03321678321678334,2020-04-01 07:00:00
2020-04-01 07:00:00,5.72,5.91,5.5,5.91,2103820,680.23,203313080,684.96,657.41,0.0263651364216078,1.0,0.0,5.90999999999999,5.71999999999999,5.90999999999999,5.499999999999991,0.03267702602630042,0.0,0.03267702602630042,0.07189773917958153,0.029900345073767383,1.0,0.03384094754653155,2020-04-06 07:00:00
2020-04-03 07:00:00,5.8,6.05,5.75,5.97,1998980,701.8,197918250,701.8,687.92,0.0312174868735065,1.0,0.0,5.96999999999999,5.79999999999999,6.04999999999999,5.74999999999999,0.01010109598650392,-0.018787913865633273,0.02888900985213707,0.05085841723349116,0.028869382040010317,1.0,0.03685092127303213,2020-04-09 07:00:00
2020-04-06 07:00:00,6.0,6.16,5.97,6.11,2045960,736.75,304964360,736.75,715.39,0.0486001584686894,1.0,0.0,6.109999999999991,5.999999999999991,6.159999999999991,5.969999999999991,0.02317984577899341,0.005012541823544414,0.018167303955448934,0.03132985014091786,0.02872286258803769,-1.0,-0.05073649754500831,2020-04-08 07:00:00
2020-04-07 07:00:00,6.11,6.11,5.91,6.02,1466540,746.69,276556810,749.13,730.28,0.0134014840749007,1.0,0.0,6.019999999999991,6.109999999999991,6.109999999999991,5.909999999999991,-0.014839513862774446,0.0,-0.014839513862774446,0.03328094176549715,0.027588040070646268,-1.0,-0.03654485049833889,2020-04-08 07:00:00
2020-04-08 07:00:00,6.0,6.0,5.8,5.8,1870160,748.02,203416250,748.36,730.12,0.0017796098922337,1.0,0.0,5.799999999999991,5.999999999999991,5.999999999999991,5.799999999999991,-0.03722934176835604,-0.0033277900926745796,-0.03390155167568146,0.033901551675681416,0.02815714479386055,1.0,0.06724137931034502,2020-04-09 07:00:00
2020-04-09 07:00:00,5.91,6.19,5.88,6.19,2464860,760.33,271131720,765.87,748.02,0.016322833979643,1.0,0.0,6.1899999999999915,5.909999999999991,6.1899999999999915,5.879999999999991,0.06507716914413125,0.01878791386563327,0.04628925527849811,0.0513783247859694,0.03439211564634584,0.0,0.030694668820678617,2020-04-16 07:00:00
2020-04-10 07:00:00,6.13,6.27,5.97,6.19,1529370,757.94,295263430,764.36,751.59,-0.0031483227280086,1.0,0.0,6.1899999999999915,6.129999999999991,6.269999999999991,5.969999999999991,0.0,-0.009740336748384754,0.009740336748384804,0.049029427240318606,0.032713521668659006,0.0,0.030694668820678617,2020-04-17 07:00:00
2020-04-13 07:00:00,6.11,6.19,6.02,6.05,1323760,765.79,200195470,774.62,757.94,0.0103037538816123,1.0,0.0,6.049999999999992,6.109999999999992,6.189999999999992,6.019999999999992,-0.022876814653754646,-0.013008313513000622,-0.009868501140754004,0.0278478273757753,0.0318858494952126,1.0,0.0363636363636366,2020-04-15 07:00:00
2020-04-14 07:00:00,6.0,6.3,5.97,6.24,2465220,767.41,229143390,769.53,753.85,0.0021132280235767,1.0,0.0,6.239999999999992,5.999999999999992,6.299999999999992,5.969999999999992,0.03092191033858636,-0.008298802814695066,0.03922071315328133,0.05380270599297641,0.03190577347737183,0.0,0.009615384615384803,2020-04-21 07:00:00
2020-04-15 07:00:00,6.24,6.33,6.16,6.27,1664740,777.22,255468260,777.22,768.01,0.0127022418323806,1.0,0.0,6.2699999999999925,6.239999999999993,6.329999999999993,6.159999999999993,0.0047961722634930135,2.2204460492503128e-16,0.0047961722634930135,0.02722345861065643,0.03036811978861114,0.0,0.004784688995215447,2020-04-22 07:00:00
2020-04-16 07:00:00,6.16,6.46,6.16,6.38,1739850,780.7,217009350,781.06,770.91,0.0044675025521028,1.0,0.0,6.379999999999992,6.159999999999993,6.459999999999992,6.159999999999993,0.01739174271186902,-0.01769957709940086,0.03509131981126998,0.04755254024908206,0.029279043060597632,-1.0,-0.02978056426332265,2020-04-23 07:00:00
2020-04-17 07:00:00,6.46,6.49,6.35,6.38,1868890,789.6,268469130,790.95,783.74,0.0113355349930265,1.0,0.0,6.379999999999992,6.459999999999992,6.489999999999992,6.349999999999992,0.0,0.012461220437812033,-0.012461220437812002,0.021807717811398484,0.027864821511995035,-1.0,-0.02978056426332265,2020-04-23 07:00:00
2020-04-20 07:00:00,6.46,6.46,6.3,6.41,1514450,794.97,304592700,797.49,786.73,0.0067778899739883,1.0,0.0,6.409999999999992,6.459999999999992,6.459999999999992,6.299999999999992,0.004691173575880239,0.012461220437812033,-0.007770046861931788,0.025079684397023606,0.026511266570953998,-1.0,-0.0343213728549141,2020-04-23 07:00:00
2020-04-21 07:00:00,6.3,6.33,6.0,6.3,2704130,766.84,368523950,789.37,761.96,-0.0360262034414115,1.0,0.0,6.299999999999993,6.299999999999993,6.329999999999993,5.999999999999993,-0.01730963753509162,-0.01730963753509162,0.0,0.05354076692802997,0.025943003438270742,0.0,-1.1102230246251565e-16,2020-04-28 07:00:00
2020-04-22 07:00:00,6.08,6.3,6.02,6.3,1130910,768.92,223471930,774.94,749.97,0.0027087582328107,1.0,0.0,6.299999999999993,6.079999999999993,6.299999999999993,6.0199999999999925,0.0,-0.03554493741941135,0.03554493741941129,0.04546237407675741,0.024678541744940857,0.0,-0.009523809523809601,2020-04-29 07:00:00
2020-04-23 07:00:00,6.35,6.35,6.19,6.19,552770,773.91,189393000,785.6,771.88,0.0064686548743649,1.0,0.0,6.189999999999993,6.3499999999999925,6.3499999999999925,6.189999999999993,-0.017614546700982208,0.007905179507113247,-0.025519726208095433,0.02551972620809546,0.02412723454367007,1.0,0.025848142164781596,2020-04-24 07:00:00
2020-04-24 07:00:00,6.19,6.46,6.08,6.35,3072790,776.66,226072090,778.3,767.31,0.0035470864047847,1.0,0.0,6.349999999999992,6.189999999999992,6.459999999999992,6.079999999999993,0.025519726208095242,-1.1102230246251565e-16,0.02551972620809546,0.06062462181643484,0.024286065518984233,-1.0,-0.02992125984251981,2020-05-04 07:00:00
2020-04-27 07:00:00,6.41,6.44,6.24,6.3,1095700,770.77,256843490,785.74,770.77,-0.0076126589829962,1.0,0.0,6.299999999999992,6.409999999999992,6.439999999999992,6.239999999999992,-0.007905179507113261,0.00940445802797842,-0.01730963753509173,0.03154835773492606,0.02327922327985478,0.0,-0.004761904761904634,2020-05-06 07:00:00
2020-04-28 07:00:00,6.3,6.33,6.22,6.3,497130,767.21,197231630,776.13,763.66,-0.004629457285687,1.0,0.0,6.299999999999992,6.299999999999992,6.329999999999992,6.219999999999992,0.0,0.0,0.0,0.017530329404996898,0.022144080573381335,-1.0,-0.022222222222222365,2020-05-04 07:00:00
2020-04-29 07:00:00,6.24,6.3,6.19,6.24,960250,769.11,210867100,772.62,768.19,0.00247344429373,1.0,0.0,6.239999999999992,6.239999999999992,6.299999999999992,6.189999999999992,-0.009569451016150672,-0.009569451016150672,0.0,0.017614546700982305,0.021287762211068956,1.0,0.02724358974358987,2020-05-08 07:00:00
2020-05-04 07:00:00,6.19,6.19,6.02,6.16,965810,762.47,253967720,769.73,761.64,-0.00867083874359,1.0,0.0,6.159999999999991,6.1899999999999915,6.1899999999999915,6.019999999999991,-0.012903404835908067,-0.008045095684831647,-0.004858309151076406,0.0278478273757753,0.020601101785877308,1.0,0.02272727272727293,2020-05-07 07:00:00
2020-05-05 07:00:00,6.08,6.24,6.08,6.24,339970,764.16,168997250,767.03,760.04,0.0022140278788619,1.0,0.0,6.239999999999992,6.079999999999992,6.239999999999992,6.079999999999992,0.012903404835908001,-0.013072081567352662,0.025975486403260736,0.025975486403260736,0.020070287364087953,1.0,0.02724358974358987,2020-05-08 07:00:00
2020-05-06 07:00:00,6.24,6.3,6.19,6.27,667010,782.59,209914330,782.59,765.37,0.0238317404507912,1.0,0.0,6.2699999999999925,6.239999999999993,6.299999999999993,6.189999999999993,0.0047961722634930135,2.2204460492503128e-16,0.0047961722634930135,0.017614546700982305,0.01914828173482642,1.0,0.02232854864433831,2020-05-08 07:00:00
2020-05-07 07:00:00,6.27,6.3,6.19,6.3,754260,796.54,214433830,796.54,782.59,0.0176684160254531,1.0,0.0,6.299999999999993,6.2699999999999925,6.299999999999993,6.189999999999993,0.004773278752657812,0.0,0.004773278752657812,0.017614546700982305,0.018262598224987575,1.0,0.04444444444444473,2020-05-11 07:00:00
2020-05-08 07:00:00,6.3,6.52,6.3,6.41,2580160,813.73,340156270,825.72,800.2,0.0213512678474084,1.0,0.0,6.409999999999993,6.299999999999993,6.5199999999999925,6.299999999999993,0.017309637535091824,0.0,0.017309637535091824,0.034324742541074676,0.018072187630636255,1.0,0.026521060842433775,2020-05-11 07:00:00
2020-05-11 07:00:00,6.58,6.58,6.27,6.58,1675860,828.33,268927930,828.33,812.48,0.0177830100618724,1.0,0.0,6.579999999999994,6.579999999999994,6.579999999999994,6.269999999999993,0.026175474404647237,0.026175474404647237,0.0,0.048258390692396576,0.01862928353636667,1.0,0.024316109422492405,2020-05-12 07:00:00
2020-05-12 07:00:00,6.58,6.82,6.46,6.74,945260,835.32,290069940,835.95,819.66,0.0084032592589221,1.0,0.0,6.739999999999994,6.579999999999994,6.819999999999994,6.459999999999995,0.024025179586989836,0.0,0.024025179586989836,0.05423015406086023,0.01866019908858162,-1.0,-0.020771513353116,2020-05-14 07:00:00
2020-05-13 07:00:00,6.69,6.77,6.55,6.63,1141710,834.21,338667310,839.59,815.13,-0.0013297157446147,1.0,0.0,6.629999999999993,6.689999999999993,6.7699999999999925,6.549999999999993,-0.016455120726444703,-0.0074460507840786744,-0.00900906994236608,0.03303603727702304,0.01904335823394898,1.0,0.02865761689291113,2020-05-20 07:00:00
2020-05-14 07:00:00,6.58,6.71,6.55,6.6,972630,832.4,273950180,836.19,826.17,-0.0021720747044813,1.0,0.0,6.5999999999999925,6.579999999999993,6.709999999999993,6.549999999999993,-0.004535155165391374,-0.007570058860545279,0.0030349036951538896,0.02413390133642987,0.018307075491845185,1.0,0.03333333333333344,2020-05-20 07:00:00
2020-05-15 07:00:00,6.58,6.63,6.41,6.6,1312550,827.03,258289700,838.47,824.59,-0.006472124458451,1.0,0.0,6.5999999999999925,6.579999999999993,6.629999999999993,6.409999999999993,0.0,-0.003034903695153936,0.0030349036951538896,0.033745533265192376,0.017444194427901183,1.0,0.03333333333333344,2020-05-20 07:00:00
2020-05-18 07:00:00,6.6,6.6,6.49,6.58,903500,837.01,224260950,837.61,823.08,0.0119950477883792,1.0,0.0,6.579999999999993,6.5999999999999925,6.5999999999999925,6.489999999999993,-0.003034903695153936,0.0,-0.003034903695153936,0.01680711831638119,0.0166955360836199,1.0,0.03647416413373872,2020-05-20 07:00:00
2020-05-19 07:00:00,6.58,6.74,6.55,6.58,1219190,845.92,293801450,854.25,844.15,0.0105887746377324,1.0,0.0,6.579999999999993,6.579999999999993,6.739999999999993,6.549999999999993,0.0,0.0,0.0,0.028594875277055096,0.015898781292433484,1.0,0.03647416413373872,2020-05-20 07:00:00
2020-05-20 07:00:00,6.58,6.88,6.55,6.82,2556190,852.91,235672860,852.91,842.21,0.0082292394731411,1.0,0.0,6.819999999999993,6.579999999999994,6.879999999999993,6.549999999999994,0.03582472651814501,2.2204460492503128e-16,0.0358247265181448,0.04915360229809159,0.018186484301054847,-1.0,-0.019061583577712593,2020-05-25 07:00:00
2020-05-21 07:00:00,6.82,6.91,6.74,6.74,760480,862.73,301190730,862.73,854.04,0.0114477480626645,1.0,0.0,6.739999999999994,6.819999999999994,6.909999999999994,6.739999999999994,-0.011799546931154942,2.2204460492503128e-16,-0.011799546931155055,0.0249097128553629,0.01806433654010503,0.0,-0.00741839762611296,2020-05-28 07:00:00
2020-05-22 07:00:00,6.69,6.8,6.63,6.74,734910,852.74,265002610,860.65,852.08,-0.0116470855592938,1.0,0.0,6.739999999999994,6.689999999999994,6.799999999999994,6.629999999999994,0.0,-0.0074460507840785626,0.007446050784078532,0.025317807984289786,0.017221311134178484,0.0,-0.00741839762611296,2020-05-29 07:00:00
2020-05-25 07:00:00,6.69,6.85,6.58,6.69,1204050,859.04,259643410,860.45,849.12,0.0073607922106073,1.0,0.0,6.689999999999993,6.689999999999993,6.849999999999992,6.579999999999993,-0.0074460507840786744,-0.0074460507840786744,0.0,0.04021390693690789,0.016707170653937363,0.0,0.007473841554558769,2020-06-01 07:00:00
2020-05-26 07:00:00,6.77,6.82,6.69,6.77,1006110,869.13,306464080,869.65,860.22,0.0116772246407866,1.0,0.0,6.769999999999993,6.769999999999993,6.819999999999994,6.689999999999994,0.011887212784046504,0.011887212784046504,0.0,0.01924559771523356,0.016145063106036597,-1.0,-0.020679468242245314,2020-05-27 07:00:00
2020-05-27 07:00:00,6.8,6.82,6.63,6.63,1059910,857.48,354487370,875.35,857.48,-0.0134948561621109,1.0,0.0,6.629999999999993,6.799999999999993,6.819999999999992,6.629999999999993,-0.020896282726412602,0.004421525257877256,-0.025317807984289897,0.028254667657599493,0.017001893185318213,1.0,0.033182503770738725,2020-06-02 07:00:00
2020-05-28 07:00:00,6.63,6.69,6.52,6.69,1242790,861.39,261439230,866.17,856.48,0.0045495083910995,1.0,0.0,6.689999999999992,6.629999999999992,6.689999999999992,6.519999999999992,0.00900906994236591,-1.1102230246251565e-16,0.009009069942366131,0.025739498201575676,0.016349987724549306,1.0,0.023916292974588638,2020-06-02 07:00:00
2020-05-29 07:00:00,6.69,6.71,6.58,6.69,605980,864.47,281746500,866.95,859.26,0.0035692388372123,1.0,0.0,6.689999999999992,6.689999999999992,6.709999999999992,6.579999999999992,0.0,0.0,0.0,0.01956420564636469,0.015561195647143476,1.0,0.023916292974588638,2020-06-02 07:00:00
2020-06-01 07:00:00,6.69,6.85,6.66,6.74,569410,878.67,418333970,878.67,868.97,0.0162927981925526,1.0,0.0,6.739999999999991,6.6899999999999915,6.849999999999991,6.659999999999991,0.007446050784078532,-1.1102230246251565e-16,0.007446050784078532,0.028129167721836015,0.014905566531113438,1.0,0.016320474777447913,2020-06-02 07:00:00
2020-06-02 07:00:00,6.8,7.1,6.8,6.85,3323690,874.8,442308030,882.73,874.53,-0.0044141117711867,1.0,0.0,6.84999999999999,6.79999999999999,7.099999999999989,6.79999999999999,0.0161887273499181,0.008862687257845104,0.007326040092072881,0.043172171865208574,0.014793495660088718,1.0,0.016058394160584077,2020-06-03 07:00:00
2020-06-03 07:00:00,6.85,7.05,6.85,6.96,892370,881.17,320477690,881.17,874.01,0.0072552810612552,1.0,0.0,6.959999999999991,6.849999999999992,7.049999999999991,6.849999999999992,0.01593082207219449,2.2204460492503128e-16,0.015930822072194272,0.028778964550043327,0.014560698613079938,1.0,0.02011494252873569,2020-06-08 07:00:00
2020-06-04 07:00:00,7.1,7.1,6.93,7.02,1056460,883.9,394395400,888.32,883.22,0.0030933642030342,1.0,0.0,7.019999999999991,7.099999999999991,7.099999999999991,6.929999999999991,0.008583743691391435,0.019915309700941516,-0.01133156600954997,0.024234970845457966,0.013899628952779916,1.0,0.042735042735042805,2020-06-10 07:00:00
2020-06-05 07:00:00,7.05,7.05,6.91,7.02,891190,886.22,451411820,886.59,878.5,0.0026212927128411,1.0,0.0,7.019999999999991,7.049999999999991,7.049999999999991,6.909999999999991,0.0,0.004264398786457518,-0.00426439878645754,0.02005797904459871,0.013308644163908506,1.0,0.042735042735042805,2020-06-10 07:00:00
2020-06-08 07:00:00,7.02,7.18,6.96,7.1,1976560,899.92,509361980,905.65,888.7,0.015340643704827,1.0,0.0,7.099999999999991,7.019999999999991,7.179999999999991,6.959999999999991,0.011331566009550018,0.0,0.011331566009550018,0.031119908713804472,0.012821497202312215,1.0,0.030985915492957927,2020-06-10 07:00:00
2020-06-09 07:00:00,7.13,7.21,7.02,7.05,1451000,899.43,450504980,904.89,898.87,-0.0005446411338678,1.0,0.0,7.049999999999991,7.129999999999991,7.209999999999991,7.019999999999991,-0.007067167223092443,0.004216450378934825,-0.011283617602027283,0.026705733259138005,0.012744692362886986,1.0,0.0382978723404257,2020-06-10 07:00:00
2020-06-10 07:00:00,7.02,7.4,6.93,7.32,1984620,900.0,514286390,902.69,890.3,0.0006335339736081,1.0,0.0,7.319999999999991,7.019999999999991,7.3999999999999915,6.929999999999991,0.03758271114904307,-0.00426439878645754,0.041847109935500504,0.06562018700831238,0.015778223772382905,-1.0,-0.06420765027322406,2020-06-11 07:00:00
2020-06-11 07:00:00,7.32,7.51,6.82,6.85,2818360,867.37,665612130,903.7,867.37,-0.0369291186405959,1.0,0.0,6.849999999999992,7.319999999999991,7.509999999999991,6.819999999999992,-0.06636167569908628,0.0,-0.06636167569908628,0.09637599392067256,0.02677011258667507,-1.0,-0.027737226277372184,2020-06-15 07:00:00
2020-06-12 07:00:00,6.52,6.8,6.52,6.8,1769700,863.52,582432110,863.52,841.44,-0.0044485858133822,1.0,0.0,6.799999999999991,6.519999999999991,6.799999999999991,6.519999999999991,-0.00732604009207301,-0.04937427633557253,0.04204823624349962,0.04204823624349962,0.025565020943108828,0.0,2.220446049250313e-16,2020-06-19 07:00:00
2020-06-15 07:00:00,6.77,6.8,6.35,6.66,1784580,832.47,470372440,868.16,832.47,-0.0366198737010833,1.0,0.0,6.659999999999992,6.769999999999992,6.799999999999992,6.349999999999992,-0.02080312762976306,-0.004421525257877263,-0.01638160237188577,0.06846779927746083,0.025075148270909616,0.0,0.02402402402402415,2020-06-22 07:00:00
2020-06-16 07:00:00,6.69,6.77,6.58,6.71,834780,856.13,359812660,858.7,844.67,0.028025048600418,1.0,0.0,6.709999999999992,6.689999999999992,6.769999999999992,6.579999999999992,0.007479466431292653,0.004494389587839267,0.0029850768434532774,0.0284663415869577,0.024036907026342317,1.0,0.0253353204172877,2020-06-23 07:00:00
2020-06-17 07:00:00,6.71,6.85,6.6,6.63,797480,854.44,311400140,861.05,852.27,-0.0019759501801933,1.0,0.0,6.629999999999993,6.709999999999993,6.849999999999992,6.5999999999999925,-0.011994146785819166,2.2204460492503128e-16,-0.011994146785819278,0.03717900324175403,0.02308194433107491,1.0,0.02564102564102555,2020-06-19 07:00:00
2020-06-18 07:00:00,6.55,6.63,6.49,6.63,807310,855.27,234958560,858.03,847.49,0.0009709249699692,1.0,0.0,6.629999999999993,6.549999999999993,6.629999999999993,6.489999999999993,0.0,-0.012139754550610659,0.012139754550610697,0.021342273481772575,0.021968011900390893,1.0,0.02564102564102555,2020-06-19 07:00:00
2020-06-19 07:00:00,6.6,6.82,6.6,6.8,1217400,868.56,372261840,868.56,857.77,0.0154194593641533,1.0,0.0,6.799999999999992,6.599999999999992,6.819999999999992,6.599999999999992,0.025317807984289786,-0.004535155165391486,0.02985296314968113,0.03278982282299097,0.022484112063632065,0.0,-0.01323529411764679,2020-06-26 07:00:00
2020-06-22 07:00:00,6.85,6.85,6.69,6.82,718120,871.28,330561410,872.94,867.37,0.0031267268438343,1.0,0.0,6.819999999999992,6.849999999999992,6.849999999999992,6.689999999999992,0.0029368596733097057,0.007326040092072881,-0.004389180418763096,0.023634778133996764,0.02140050554871801,0.0,-0.01612903225806428,2020-06-29 07:00:00
2020-06-23 07:00:00,6.71,6.93,6.71,6.88,1228080,868.2,400635460,873.2,864.02,-0.0035412919019377,1.0,0.0,6.879999999999992,6.709999999999993,6.929999999999992,6.709999999999993,0.008759180089881554,-0.01626052087178029,0.025019700961661718,0.03226086221822126,0.02050284614639769,-1.0,-0.024709302325581106,2020-06-26 07:00:00
2020-06-24 07:00:00,6.88,6.91,6.71,6.82,989120,859.71,340026770,873.13,857.58,-0.0098269797881067,1.0,0.0,6.819999999999992,6.879999999999992,6.909999999999991,6.709999999999992,-0.008759180089881465,0.0,-0.008759180089881465,0.02937068679598798,0.019740602989040613,0.0,-0.002932551319647758,2020-07-01 07:00:00
2020-06-25 07:00:00,6.69,6.85,6.63,6.85,630320,854.59,285078310,856.23,849.65,-0.0059733013166865,1.0,0.0,6.8499999999999925,6.689999999999993,6.8499999999999925,6.629999999999994,0.004389180418763187,-0.019245597715233518,0.023634778133996764,0.03264384807636267,0.018814849457871412,-1.0,-0.02043795620437938,2020-06-26 07:00:00
2020-06-26 07:00:00,6.77,7.05,6.71,6.71,682720,851.98,258644960,862.59,850.66,-0.0030587693853108,1.0,0.0,6.709999999999994,6.769999999999993,7.049999999999994,6.709999999999994,-0.020649701290543315,-0.011747565349950192,-0.008902135940593154,0.04942866584058699,0.019027587189642713,1.0,0.06706408345752624,2020-07-03 07:00:00
2020-06-29 07:00:00,6.71,6.71,6.33,6.71,1944850,829.36,335622750,846.53,826.0,-0.0269087333605325,1.0,0.0,6.709999999999994,6.709999999999994,6.709999999999994,6.329999999999995,0.0,0.0,0.0,0.05829871482750542,0.018102667722566364,1.0,0.06706408345752624,2020-07-03 07:00:00
2020-06-30 07:00:00,6.71,6.8,6.58,6.77,1882420,825.11,308543890,840.31,821.92,-0.0051376082349412,1.0,0.0,6.769999999999994,6.709999999999995,6.7999999999999945,6.579999999999995,0.008902135940593251,2.2204460492503128e-16,0.008902135940593251,0.03288786684483521,0.01748148606238458,1.0,0.057607090103397374,2020-07-03 07:00:00
2020-07-01 07:00:00,6.63,6.82,6.63,6.8,707110,843.49,251635370,844.26,826.38,0.0220313357712797,1.0,0.0,6.7999999999999945,6.629999999999995,6.819999999999995,6.629999999999995,0.004421525257877477,-0.020896282726412488,0.025317807984289786,0.028254667657599708,0.016685441224690022,1.0,0.05294117647058827,2020-07-03 07:00:00
2020-07-02 07:00:00,6.8,6.88,6.69,6.77,680740,842.38,190900470,845.66,838.48,-0.0013168277036761,1.0,0.0,6.769999999999994,6.7999999999999945,6.879999999999995,6.689999999999995,-0.004421525257877486,0.0,-0.004421525257877486,0.028004777805115146,0.015933882034380346,1.0,0.057607090103397374,2020-07-03 07:00:00
2020-07-03 07:00:00,6.77,7.18,6.74,7.16,1446490,847.61,172688260,848.16,843.25,0.0061894054949618,1.0,0.0,7.159999999999994,6.769999999999993,7.1799999999999935,6.739999999999994,0.05600889404837065,-1.1102230246251565e-16,0.05600889404837065,0.06323945813591718,0.022715884807267796,1.0,0.04189944134078205,2020-07-09 07:00:00
2020-07-06 07:00:00,7.16,7.21,6.99,7.16,734240,861.16,194421760,861.85,850.04,0.0158596932506472,1.0,0.0,7.159999999999994,7.159999999999994,7.209999999999994,6.989999999999994,0.0,0.0,0.0,0.030988395051138717,0.021663296931208855,1.0,0.04189944134078205,2020-07-09 07:00:00
2020-07-07 07:00:00,7.18,7.18,7.02,7.02,751350,863.42,284435650,870.63,863.42,0.0026209294943842,1.0,0.0,7.019999999999994,7.179999999999994,7.179999999999994,7.019999999999994,-0.019746762934834447,0.0027894020875785922,-0.022536165022413058,0.022536165022413127,0.021880134352899906,1.0,0.06267806267806253,2020-07-09 07:00:00
2020-07-08 07:00:00,6.96,7.16,6.91,7.16,1307570,864.5,184014420,865.58,859.98,0.0012500580358327,1.0,0.0,7.159999999999994,6.959999999999994,7.159999999999994,6.909999999999994,0.0197467629348345,-0.008583743691391555,0.02833050662622599,0.035540343192975714,0.021460992764252524,1.0,0.04189944134078205,2020-07-09 07:00:00
2020-07-09 07:00:00,7.16,7.57,7.16,7.46,4201640,876.46,259149310,878.36,867.45,0.0137397621441063,1.0,0.0,7.459999999999993,7.159999999999993,7.569999999999992,7.159999999999993,0.041045433243115166,-1.1102230246251565e-16,0.041045433243115166,0.05568308647680301,0.02326150661240831,0.0,0.0,2020-07-16 07:00:00
2020-07-10 07:00:00,7.38,7.49,7.29,7.38,866960,871.21,254910040,878.53,867.59,-0.0060080172940079,1.0,0.0,7.379999999999993,7.379999999999993,7.489999999999993,7.289999999999993,-0.010781775603288362,-0.010781775603288362,0.0,0.02706525150856135,0.022803797282947035,1.0,0.02574525745257472,2020-07-15 07:00:00
2020-07-13 07:00:00,7.38,7.71,7.35,7.54,2668160,868.72,203912630,876.83,866.99,-0.0028621860647984,1.0,0.0,7.539999999999994,7.379999999999995,7.709999999999994,7.349999999999994,0.021448543407483693,2.2204460492503128e-16,0.021448543407483475,0.047817874350492735,0.022197130070040243,-1.0,-0.050397877984085016,2020-07-20 07:00:00
2020-07-14 07:00:00,7.46,7.63,7.43,7.54,814620,868.11,204647390,868.11,860.28,-0.0007024291670244,1.0,0.0,7.539999999999994,7.459999999999994,7.629999999999994,7.4299999999999935,0.0,-0.010666767804195192,0.010666767804195228,0.026561986566697848,0.02122740432775342,-1.0,-0.050397877984085016,2020-07-20 07:00:00
2020-07-15 07:00:00,7.63,7.71,7.57,7.57,1022160,869.91,223490580,876.69,869.91,0.0020713232800048,1.0,0.0,7.569999999999994,7.629999999999994,7.709999999999994,7.569999999999994,0.00397088542949272,0.011865663276500982,-0.00789477784700815,0.018325120125880695,0.020206716085099278,-1.0,-0.05416116248348768,2020-07-20 07:00:00
2020-07-16 07:00:00,7.57,7.57,7.4,7.46,1148560,876.83,220943960,876.83,869.25,0.007923372915262,1.0,0.0,7.459999999999993,7.569999999999992,7.569999999999992,7.399999999999993,-0.014637653233688104,-2.2204460492503136e-16,-0.014637653233687879,0.022713067239233217,0.020232375796086097,-1.0,-0.04021447721179627,2020-07-20 07:00:00
2020-07-17 07:00:00,7.51,7.63,7.4,7.46,1010710,872.02,238997770,875.07,871.89,-0.005500771511112,1.0,0.0,7.459999999999993,7.509999999999993,7.629999999999992,7.399999999999993,0.0,0.0066800515603737875,-0.006680051560373911,0.030607845086241366,0.01928925388644565,-1.0,-0.04021447721179627,2020-07-20 07:00:00
2020-07-20 07:00:00,7.51,7.51,7.16,7.16,1066200,861.4,256105460,871.64,861.4,-0.012253386805765,1.0,0.0,7.159999999999993,7.509999999999993,7.509999999999993,7.159999999999993,-0.04104543324311526,0.0066800515603737875,-0.04772548480348914,0.04772548480348912,0.022806091374016367,-1.0,-0.05027932960893855,2020-07-24 07:00:00
2020-07-21 07:00:00,7.21,7.27,7.13,7.16,1101940,861.69,216046880,864.7,856.94,0.0003366045914469,1.0,0.0,7.159999999999993,7.209999999999993,7.2699999999999925,7.129999999999993,0.0,0.0069589703243035225,-0.0069589703243034574,0.019445057119223376,0.02169318012464192,-1.0,-0.05027932960893855,2020-07-24 07:00:00
2020-07-22 07:00:00,7.16,7.21,6.99,7.05,703280,855.08,207218280,864.0,854.97,-0.0077005454003772,1.0,0.0,7.049999999999994,7.159999999999994,7.209999999999994,6.989999999999994,-0.015482364148376875,2.2204460492503128e-16,-0.015482364148376988,0.030988395051138717,0.021133626370580944,-1.0,-0.03546099290780147,2020-07-24 07:00:00
2020-07-23 07:00:00,7.05,7.13,6.96,7.1,870080,856.75,221114760,857.22,851.97,0.001951128943638,1.0,0.0,7.0999999999999925,7.049999999999993,7.129999999999993,6.959999999999993,0.007067167223092353,-1.1102230246251565e-16,0.007067167223092353,0.02413176007987622,0.0202772464099647,-1.0,-0.04225352112676051,2020-07-24 07:00:00
2020-07-24 07:00:00,7.02,7.05,6.63,6.8,1752990,829.16,436845540,854.57,816.65,-0.0327330206234077,1.0,0.0,6.799999999999994,7.019999999999993,7.049999999999994,6.629999999999994,-0.043172171865208664,-0.011331566009549859,-0.031840605855658774,0.06142281262640614,0.023106652316150934,0.0,-0.013235294117647345,2020-07-31 07:00:00
2020-07-27 07:00:00,6.52,6.8,6.33,6.8,4211890,785.17,374271440,808.74,780.64,-0.0545128852851901,1.0,0.0,6.799999999999994,6.519999999999993,6.799999999999994,6.329999999999995,0.0,-0.04204823624349951,0.042048236243499404,0.07162237602597604,0.02202923190882605,0.0,0.002941176470588003,2020-08-03 07:00:00
2020-07-28 07:00:00,6.8,6.96,6.63,6.82,1497590,813.36,310645950,814.4,786.67,0.0352735611207854,1.0,0.0,6.819999999999993,6.799999999999993,6.959999999999993,6.629999999999994,0.0029368596733097057,-1.1102230246251565e-16,0.0029368596733097057,0.04857467014855697,0.021072544511152175,0.0,0.008797653958944052,2020-08-04 07:00:00
2020-07-29 07:00:00,6.74,6.8,6.46,6.8,1409900,790.84,311001410,800.39,779.82,-0.0280781442602258,1.0,0.0,6.799999999999992,6.739999999999992,6.799999999999992,6.459999999999992,-0.0029368596733099364,-0.011799546931155168,0.008862687257845324,0.05129329438755048,0.02004555520720874,1.0,0.02352941176470602,2020-08-05 07:00:00
2020-07-30 07:00:00,6.69,6.8,6.63,6.77,605280,801.13,163227530,802.97,794.88,0.0129275593215145,1.0,0.0,6.769999999999992,6.689999999999992,6.799999999999992,6.629999999999992,-0.004421525257877486,-0.016308738041923874,0.011887212784046504,0.02531780798429,0.019068399442173933,1.0,0.028064992614475814,2020-08-05 07:00:00
2020-07-31 07:00:00,6.63,6.85,6.63,6.71,905010,798.39,219670740,803.55,786.98,-0.0034260311594794,1.0,0.0,6.709999999999992,6.629999999999992,6.849999999999992,6.629999999999992,-0.008902135940593154,-0.020896282726412488,0.011994146785819242,0.032643848076362884,0.018203671393572325,1.0,0.0253353204172877,2020-08-04 07:00:00
2020-08-03 07:00:00,6.77,6.82,6.63,6.82,1061230,814.65,244789940,814.84,796.47,0.0201613732802491,1.0,0.0,6.819999999999992,6.769999999999992,6.819999999999992,6.629999999999992,0.016260520871780326,0.008902135940593251,0.0073583849311871785,0.028254667657599708,0.01838392845871957,1.0,0.02052785923753664,2020-08-05 07:00:00
2020-08-04 07:00:00,6.85,6.93,6.82,6.88,518480,827.57,251465920,827.57,820.2,0.0157351226695555,1.0,0.0,6.879999999999992,6.849999999999992,6.929999999999992,6.819999999999992,0.008759180089881554,0.004389180418763187,0.004369999671118388,0.01600034134644112,0.01780075248676528,0.0,-0.008720930232558044,2020-08-11 07:00:00
2020-08-05 07:00:00,6.88,6.99,6.8,6.96,1371480,837.8,264841620,839.52,820.74,0.0122857126944149,1.0,0.0,6.959999999999992,6.879999999999992,6.989999999999992,6.799999999999993,0.011560822401076006,0.0,0.011560822401076006,0.027557944063657778,0.017365453313730773,-1.0,-0.02298850574712652,2020-08-06 07:00:00
2020-08-06 07:00:00,6.93,6.96,6.8,6.8,713030,840.04,233729360,844.16,833.56,0.002670101238293,1.0,0.0,6.799999999999992,6.929999999999991,6.959999999999991,6.799999999999992,-0.02325686216426735,-0.004319661144516619,-0.01893720101975073,0.023256862164267183,0.017938746652241617,1.0,0.032352941176470695,2020-08-12 07:00:00
2020-08-07 07:00:00,6.82,6.85,6.52,6.82,938260,841.46,230026640,844.33,836.84,0.0016889685846679,1.0,0.0,6.819999999999992,6.819999999999992,6.849999999999992,6.519999999999992,0.0029368596733097057,0.0029368596733097057,0.0,0.04937427633557238,0.017134135097133355,1.0,0.029325513196480912,2020-08-12 07:00:00
2020-08-10 07:00:00,6.82,6.88,6.8,6.82,859180,843.2,277423110,849.52,843.2,0.0020656994512025,1.0,0.0,6.819999999999992,6.819999999999992,6.879999999999992,6.799999999999992,0.0,0.0,0.0,0.011696039763191236,0.016306271882516727,1.0,0.029325513196480912,2020-08-12 07:00:00
2020-08-11 07:00:00,6.82,6.85,6.77,6.82,369820,843.08,226765520,847.61,840.35,-0.0001423251182514,1.0,0.0,6.819999999999992,6.819999999999992,6.849999999999992,6.769999999999992,0.0,0.0,0.0,0.011747565349950235,0.015517634182983069,1.0,0.029325513196480912,2020-08-12 07:00:00
2020-08-12 07:00:00,6.82,7.1,6.82,7.02,2122580,846.92,238422860,848.54,842.88,0.0045443865188889,1.0,0.0,7.019999999999992,6.819999999999992,7.099999999999992,6.819999999999992,0.028903746182348995,0.0,0.028903746182348995,0.04023531219189897,0.01735824301904224,0.0,0.011396011396011207,2020-08-19 07:00:00
2020-08-13 07:00:00,7.1,7.1,6.96,7.02,971120,855.05,236129250,855.19,849.86,0.0095537075713271,1.0,0.0,7.019999999999992,7.099999999999992,7.099999999999992,6.959999999999992,0.0,0.011331566009550018,-0.01133156600954997,0.019915309700941516,0.016516846815554213,0.0,0.0,2020-08-20 07:00:00
2020-08-14 07:00:00,7.02,7.07,6.96,6.99,794740,850.74,285091480,860.32,848.38,-0.0050533877815411,1.0,0.0,6.989999999999992,7.019999999999992,7.069999999999992,6.959999999999992,-0.004282661792000736,0.0,-0.004282661792000736,0.015681005562153075,0.015801075608625998,0.0,0.008583690987124415,2020-08-21 07:00:00
2020-08-17 07:00:00,6.99,6.99,6.85,6.93,925430,850.15,215893300,852.05,841.62,-0.0006937544740268,1.0,0.0,6.929999999999992,6.989999999999992,6.989999999999992,6.849999999999992,-0.008620743043907088,0.0,-0.008620743043907088,0.020231903971585117,0.015294623673534525,1.0,0.020202020202020332,2020-08-18 07:00:00
2020-08-18 07:00:00,6.96,7.16,6.96,7.07,1985090,846.43,183415680,851.06,845.0,-0.0043852997931874,1.0,0.0,7.069999999999993,6.959999999999993,7.159999999999993,6.959999999999993,0.02000066670666965,0.004319661144516601,0.015681005562153075,0.02833050662622599,0.01575825354368451,0.0,0.004243281471003835,2020-08-25 07:00:00
2020-08-19 07:00:00,7.1,7.13,7.05,7.1,1433580,851.21,214883630,853.15,846.22,0.0056313619283646,1.0,0.0,7.099999999999991,7.099999999999991,7.129999999999991,7.049999999999991,0.0042343041387879424,0.0042343041387879424,0.0,0.0112836176020273,0.015006900101021415,1.0,0.026760563380281654,2020-08-26 07:00:00
2020-08-20 07:00:00,7.05,7.13,6.99,7.02,659540,848.21,232011660,856.99,847.44,-0.0035306199954322,1.0,0.0,7.019999999999992,7.049999999999992,7.129999999999992,6.989999999999992,-0.011331566009549859,-0.007067167223092331,-0.00426439878645754,0.019830678180485714,0.014831473469085036,1.0,0.038461538461538325,2020-08-26 07:00:00
2020-08-21 07:00:00,7.02,7.13,6.99,7.05,1431230,854.78,262789870,856.45,848.21,0.007715879242117,1.0,0.0,7.049999999999992,7.019999999999992,7.129999999999992,6.989999999999992,0.004264398786457518,0.0,0.004264398786457518,0.019830678180485714,0.014146854169810699,1.0,0.03404255319148919,2020-08-26 07:00:00
2020-08-24 07:00:00,7.13,7.27,7.07,7.1,2086710,868.68,345727410,868.68,860.35,0.0161306922076934,1.0,0.0,7.099999999999991,7.129999999999991,7.269999999999991,7.069999999999991,0.007067167223092353,0.01128361760202708,-0.004216450378934915,0.02789581163694648,0.013575881624746287,1.0,0.026760563380281654,2020-08-26 07:00:00
2020-08-25 07:00:00,7.13,7.18,6.99,7.1,2154980,874.12,342448420,877.57,870.92,0.0062428479089012,1.0,0.0,7.099999999999991,7.129999999999991,7.179999999999991,6.989999999999991,0.0,0.004216450378934825,-0.004216450378934915,0.026818826814413957,0.012922993189893282,1.0,0.026760563380281654,2020-08-26 07:00:00
2020-08-26 07:00:00,7.1,7.38,7.05,7.29,2319110,873.47,320824630,876.97,871.78,-0.0007438816083562,1.0,0.0,7.28999999999999,7.09999999999999,7.37999999999999,7.04999999999999,0.02640876197329701,-1.1102230246251565e-16,0.026408761973297223,0.045746021788204014,0.014399248894600895,-1.0,-0.017832647462277196,2020-08-31 07:00:00
2020-08-27 07:00:00,7.29,7.32,7.18,7.24,1263650,874.71,279106260,875.71,871.93,0.0014186184580033,1.0,0.0,7.23999999999999,7.28999999999999,7.3199999999999905,7.17999999999999,-0.006882339622941789,0.0,-0.006882339622941789,0.019310944913087522,0.014074693354509761,0.0,-0.008287292817679592,2020-09-04 07:00:00
2020-08-28 07:00:00,7.27,7.4,7.21,7.21,2092330,878.98,328738170,885.86,877.7,0.0048697414461668,1.0,0.0,7.20999999999999,7.26999999999999,7.399999999999991,7.20999999999999,-0.004152255100767307,0.004135085147803017,-0.00828734024857027,0.02601104891326635,0.013553000486153757,1.0,0.023578363384188616,2020-09-07 07:00:00
2020-08-31 07:00:00,7.35,7.4,7.16,7.16,2063120,881.65,333312960,888.44,879.26,0.0030330075561669,1.0,0.0,7.1599999999999895,7.349999999999989,7.39999999999999,7.1599999999999895,-0.006958970324303569,0.019231361927887373,-0.026190332252191,0.0329700192375699,0.013182482559462718,1.0,0.030726256983240274,2020-09-07 07:00:00
2020-09-01 07:00:00,7.13,7.24,7.13,7.18,1027820,891.73,285412810,892.51,880.79,0.0113682443230764,1.0,0.0,7.17999999999999,7.12999999999999,7.23999999999999,7.12999999999999,0.0027894020875785922,-0.004198746546349604,0.006988148633928163,0.01530997197142051,0.012546888783889635,1.0,0.027855153203342642,2020-09-07 07:00:00
2020-09-03 07:00:00,7.18,7.24,7.13,7.16,1377660,903.97,323223440,904.32,896.26,0.0136327778237974,1.0,0.0,7.1599999999999895,7.179999999999989,7.2399999999999896,7.129999999999989,-0.0027894020875786365,-1.1102230246251565e-16,-0.0027894020875785254,0.01530997197142051,0.012002783664082878,1.0,0.030726256983240274,2020-09-07 07:00:00
2020-09-04 07:00:00,7.1,7.18,7.07,7.18,1303070,901.54,316184660,903.11,893.86,-0.0026917618481539,1.0,0.0,7.17999999999999,7.09999999999999,7.17999999999999,7.0699999999999905,0.0027894020875785922,-0.008415196925284472,0.011204599012863062,0.015438903151651409,0.011428906594520824,1.0,0.027855153203342642,2020-09-07 07:00:00
2020-09-07 07:00:00,7.24,7.6,7.18,7.38,4945420,888.25,382825000,905.8,888.25,-0.0148511772515159,1.0,0.0,7.379999999999989,7.2399999999999896,7.599999999999989,7.179999999999989,0.027474255552248337,0.008321823337492058,0.019152432214756137,0.05684886423215259,0.013442898315025905,1.0,0.014905149051490652,2020-09-09 07:00:00
2020-09-08 07:00:00,7.4,7.51,7.38,7.43,1725590,890.14,266880030,894.58,884.88,0.0021255188249576,1.0,0.0,7.429999999999989,7.39999999999999,7.509999999999989,7.379999999999989,0.006752220117286651,0.0027063615977430673,0.004045858519543575,0.017461827163662288,0.01281935301443659,1.0,0.014804845222072816,2020-09-11 07:00:00
2020-09-09 07:00:00,7.4,7.51,7.29,7.49,1166460,889.32,282232270,892.4,881.57,-0.0009216279748262,1.0,0.0,7.48999999999999,7.399999999999991,7.50999999999999,7.28999999999999,0.008042938799460449,-0.0040458585195435725,0.012088797319004028,0.029731919755476535,0.012254063684764461,1.0,0.04806408544726293,2020-09-14 07:00:00
2020-09-10 07:00:00,7.49,7.51,7.43,7.43,1450980,888.82,283019010,896.78,888.82,-0.0005623854287944,1.0,0.0,7.429999999999989,7.4899999999999896,7.509999999999989,7.429999999999989,-0.008042938799460522,-1.1102230246251565e-16,-0.00804293879946041,0.010709607046375538,0.012242757735465182,1.0,0.014804845222072816,2020-09-11 07:00:00
2020-09-11 07:00:00,7.4,7.6,7.38,7.54,2018590,888.97,269585440,890.98,884.67,0.0001687488402522,1.0,0.0,7.53999999999999,7.399999999999991,7.59999999999999,7.37999999999999,0.014696323290197042,-0.0040458585195435725,0.018742181809740664,0.029374608679904317,0.01214836940666768,1.0,0.04111405835543769,2020-09-14 07:00:00
2020-09-14 07:00:00,7.57,7.9,7.57,7.85,2757700,894.57,318768720,895.31,891.89,0.0062796667331501,1.0,0.0,7.84999999999999,7.569999999999991,7.899999999999991,7.569999999999991,0.04029134977445238,0.003970885429492942,0.036320464344959405,0.04266969202361827,0.015843359505093437,1.0,0.020382165605095537,2020-09-16 07:00:00
2020-09-15 07:00:00,7.9,8.15,7.9,7.96,3450400,896.26,343362100,898.74,894.66,0.0018873935568245,1.0,0.0,7.959999999999989,7.89999999999999,8.14999999999999,7.89999999999999,0.013915468061974579,0.0063492276786587445,0.0075662403833158766,0.03115516777979548,0.015184775989016528,0.0,0.010050251256281229,2020-09-22 07:00:00
2020-09-16 07:00:00,7.9,8.04,7.85,8.01,1778680,897.47,262872740,897.58,894.63,0.0013491441672222,1.0,0.0,8.00999999999999,7.89999999999999,8.039999999999988,7.849999999999989,0.006261761223976096,-0.007566240383315813,0.013828001607291897,0.023915551396557932,0.014456876517321122,-1.0,-0.017478152309612915,2020-09-17 07:00:00
2020-09-17 07:00:00,7.93,8.01,7.71,7.87,2857800,894.04,371114920,899.41,890.93,-0.003829176718028,1.0,0.0,7.8699999999999894,7.929999999999989,8.00999999999999,7.709999999999989,-0.017632698650955923,-0.01003772543351126,-0.0075949732174447485,0.03817257350502981,0.0157880360353237,1.0,0.021601016518424387,2020-09-18 07:00:00
2020-09-18 07:00:00,7.9,8.18,7.79,8.04,1617820,900.95,303725090,902.11,895.82,0.0076992452709288,1.0,0.0,8.039999999999988,7.89999999999999,8.179999999999989,7.789999999999989,0.021371020761563133,0.0038046970436640664,0.017566323717899065,0.0488512907319988,0.015744343812669568,0.0,0.0,2020-09-25 07:00:00
2020-09-21 07:00:00,8.01,8.23,7.9,7.98,2222270,907.94,349431690,909.78,904.5,0.007728534949983,1.0,0.0,7.979999999999989,8.009999999999987,8.229999999999988,7.899999999999989,-0.007490671729157514,-0.0037383221106073268,-0.0037523496185502413,0.04092325521600263,0.01561275547752755,1.0,0.03884711779448624,2020-09-28 07:00:00
2020-09-22 07:00:00,7.9,8.07,7.87,8.04,1056290,906.19,367748340,909.69,902.47,-0.0019293000422467,1.0,0.0,8.039999999999988,7.89999999999999,8.06999999999999,7.8699999999999894,0.007490671729157659,-0.010075651988741476,0.017566323717899065,0.025095419852545674,0.014859740201298148,1.0,0.031094527363184188,2020-09-28 07:00:00
2020-09-23 07:00:00,8.04,8.09,7.96,7.98,1274730,912.5,324674020,913.52,908.97,0.006939088376087,1.0,0.0,7.979999999999989,8.039999999999987,8.089999999999987,7.959999999999988,-0.007490671729157514,-2.2204460492503136e-16,-0.00749067172915729,0.016199731214108608,0.014701247573465796,1.0,0.03884711779448624,2020-09-28 07:00:00
2020-09-24 07:00:00,7.93,8.12,7.93,8.04,1875070,908.58,357987680,914.51,907.32,-0.0043051442600274,1.0,0.0,8.039999999999988,7.929999999999989,8.119999999999989,7.929999999999989,0.007490671729157659,-0.006285375814960753,0.013776047544118333,0.023677118526829976,0.014009736109503962,1.0,0.031094527363184188,2020-09-28 07:00:00
2020-09-25 07:00:00,8.04,8.09,7.96,8.04,956720,908.27,326126870,911.3,905.56,-0.0003412499689114,1.0,0.0,8.039999999999988,8.039999999999988,8.08999999999999,7.959999999999989,0.0,0.0,0.0,0.016199731214108608,0.013408203028174854,1.0,0.031094527363184188,2020-09-28 07:00:00
2020-09-28 07:00:00,8.09,8.43,8.04,8.29,3498850,912.5,378529100,913.6,910.04,0.0046463942289388,1.0,0.0,8.289999999999988,8.08999999999999,8.429999999999989,8.039999999999988,0.03062088595632871,0.006199647879525429,0.024421238076803138,0.047367688822889276,0.014991818641353287,1.0,0.016887816646562248,2020-09-30 07:00:00
2020-09-29 07:00:00,8.48,8.62,8.18,8.32,2710770,903.98,438172690,917.49,903.98,-0.0093808492030122,1.0,0.0,8.31999999999999,8.47999999999999,8.619999999999989,8.179999999999989,0.003612285685913787,0.02266048065660828,-0.019048194970694474,0.05239293406094596,0.014295400125783507,1.0,0.07211538461538436,2020-10-01 07:00:00
2020-09-30 07:00:00,8.32,8.59,8.29,8.43,4110520,905.21,310162690,907.0,900.74,0.0013597247270958,1.0,0.0,8.429999999999989,8.31999999999999,8.58999999999999,8.289999999999988,0.013134517180646763,0.0,0.013134517180646763,0.035548766848960536,0.013738023234262174,1.0,0.058125741399762676,2020-10-01 07:00:00
2020-10-01 07:00:00,8.56,8.92,8.48,8.92,3530660,914.09,330218020,914.09,909.13,0.0097620738970726,1.0,0.0,8.919999999999987,8.559999999999988,8.919999999999987,8.479999999999988,0.05649917457815385,0.015303418139886487,0.04119575643826733,0.05058549678810624,0.019767692051749677,1.0,0.06838565022421528,2020-10-02 07:00:00
2020-10-02 07:00:00,8.95,9.53,8.92,9.53,4112670,909.91,501297560,916.67,897.72,-0.0045833413568444,1.0,0.0,9.529999999999987,8.949999999999987,9.529999999999987,8.919999999999987,0.06614877107419276,0.0033575856948459474,0.06279118537934678,0.06614877107419276,0.02490152302689463,1.0,0.06715634837355733,2020-10-05 07:00:00
2020-10-05 07:00:00,10.17,10.19,9.67,10.17,7500610,914.68,420759580,915.55,909.91,0.0052285838099357,1.0,0.0,10.169999999999987,10.169999999999987,10.189999999999987,9.669999999999987,0.06499749239435797,0.06499749239435797,0.0,0.05237853776943056,0.027732558493496356,-1.0,-0.03048180924287114,2020-10-06 07:00:00
2020-10-06 07:00:00,10.06,10.44,9.67,9.86,5528700,915.67,472545310,918.93,912.77,0.0010817604245548,1.0,0.0,9.859999999999989,10.05999999999999,10.439999999999987,9.66999999999999,-0.03095604144592448,-0.010875045388875178,-0.020080996057049244,0.0766162729892896,0.0307732518806256,1.0,0.03144016227180546,2020-10-09 07:00:00
2020-10-07 07:00:00,9.75,10.28,9.7,9.78,3920670,919.72,496266530,923.57,912.69,0.0044132381383513,1.0,0.0,9.779999999999989,9.74999999999999,10.279999999999989,9.699999999999989,-0.008146684567818138,-0.011218883604788177,0.003072199036970059,0.05807437451768192,0.030209040604615916,1.0,0.039877300613497146,2020-10-09 07:00:00
2020-10-08 07:00:00,9.78,9.89,9.5,9.89,5360750,918.84,446311540,922.08,913.89,-0.0009572709807678,1.0,0.0,9.889999999999992,9.77999999999999,9.889999999999992,9.499999999999991,0.011184661587895007,2.2204460492503128e-16,0.011184661587895007,0.04023234702812568,0.02874975271286391,0.0,0.0,2020-10-15 07:00:00
2020-10-09 07:00:00,10.17,10.22,9.86,10.17,3176960,924.0,343796560,924.0,917.7,0.0056000667286517,1.0,0.0,10.169999999999991,10.169999999999991,10.219999999999992,9.85999999999999,0.027918064425847697,0.027918064425847697,0.0,0.03586041616101446,0.027666087041929414,-1.0,-0.03048180924287125,2020-10-13 07:00:00
2020-10-12 07:00:00,10.39,10.58,10.03,10.03,4457970,925.83,414162820,933.13,923.28,0.0019785608374739,1.0,0.0,10.02999999999999,10.389999999999992,10.579999999999991,10.02999999999999,-0.013861608086624542,0.021401595050667594,-0.03526320313729196,0.05338482445630921,0.027744562567013534,1.0,0.03290129611166481,2020-10-19 07:00:00
2020-10-13 07:00:00,9.95,10.06,9.86,9.86,1934130,929.86,322972210,930.96,923.78,0.004343404701808,1.0,0.0,9.85999999999999,9.94999999999999,10.059999999999992,9.85999999999999,-0.017094433359300068,-0.0080080508033428,-0.009086382555957371,0.020080996057049126,0.027858833423755214,1.0,0.05070993914807298,2020-10-19 07:00:00
2020-10-14 07:00:00,9.84,9.86,9.64,9.81,2202370,940.18,386750560,940.18,929.86,0.011037309113038,1.0,0.0,9.809999999999993,9.839999999999993,9.859999999999992,9.639999999999993,-0.005083895037272062,-0.002030457550381729,-0.0030534374868902317,0.022565059992089725,0.02687144989587307,1.0,0.030581039755351203,2020-10-16 07:00:00
2020-10-15 07:00:00,9.89,10.0,9.61,9.89,2842470,942.76,439631740,945.93,938.7,0.0027403970541831,1.0,0.0,9.889999999999992,9.889999999999992,9.999999999999991,9.60999999999999,0.008121872057348933,0.008121872057348933,0.0,0.03978087001184467,0.025559909591126553,1.0,0.04752275025278041,2020-10-19 07:00:00
2020-10-16 07:00:00,9.95,10.44,9.92,10.11,3603210,943.3,395580380,946.23,935.98,0.0005726223076203,1.0,0.0,10.109999999999989,9.949999999999989,10.439999999999989,9.91999999999999,0.022000887397758944,0.006048405535880436,0.01595248186187863,0.0510916611577113,0.02466042138537125,1.0,0.02472799208704246,2020-10-19 07:00:00
2020-10-19 07:00:00,10.06,10.55,9.92,10.36,4382630,943.69,353154450,946.29,941.92,0.0004133567274369,1.0,0.0,10.359999999999989,10.05999999999999,10.54999999999999,9.91999999999999,0.02442720379895688,-0.004957868360786774,0.029385072159743682,0.06157293862529426,0.02387816774292516,1.0,0.04536679536679511,2020-10-20 07:00:00
2020-10-20 07:00:00,10.36,10.83,10.28,10.83,4615600,944.42,385659020,944.54,937.32,0.0007732600710489,1.0,0.0,10.829999999999986,10.359999999999985,10.829999999999986,10.279999999999985,0.044367824181561995,-3.33066907387547e-16,0.044367824181562425,0.052119800985880434,0.0248354006865365,-1.0,-0.025854108956602007,2020-10-21 07:00:00
2020-10-21 07:00:00,10.83,11.11,10.55,10.55,2639450,939.03,372347380,948.2,939.0,-0.0057235548745959,1.0,0.0,10.549999999999986,10.829999999999986,11.109999999999985,10.549999999999986,-0.026194201090823717,0.0,-0.026194201090823717,0.05171974372946301,0.026569816738579888,0.0,0.0,2020-10-28 07:00:00
2020-10-22 07:00:00,10.53,10.77,10.39,10.72,2432340,949.9,316297780,949.9,933.78,0.0115092883164394,1.0,0.0,10.719999999999986,10.529999999999985,10.769999999999985,10.389999999999986,0.01598529572058048,-0.0018975337761914996,0.017882829496771974,0.03592068605716104,0.025330045556406992,0.0,-0.013059701492537434,2020-10-29 07:00:00
2020-10-23 07:00:00,10.77,10.83,10.53,10.61,1967510,961.26,392430900,961.26,953.14,0.0118882079905412,1.0,0.0,10.609999999999985,10.769999999999985,10.829999999999986,10.529999999999985,-0.010314203016764235,0.0046533355256411285,-0.014967538542405465,0.0280917348670153,0.024924730769627985,0.0,-0.002827521206408945,2020-10-30 07:00:00
2020-10-26 07:00:00,10.72,11.05,10.55,10.77,6975230,950.8,404773940,970.15,950.8,-0.0109411884006391,1.0,0.0,10.769999999999984,10.719999999999985,11.049999999999985,10.549999999999985,0.014967538542405399,0.010314203016764044,0.0046533355256411285,0.04630456804168637,0.023779396327550183,0.0,-0.010213556174558547,2020-11-02 07:00:00
2020-10-27 07:00:00,10.72,10.8,10.58,10.66,2883500,946.47,414913610,954.72,946.28,-0.0045644610600588,1.0,0.0,10.659999999999986,10.719999999999986,10.799999999999986,10.579999999999986,-0.010266072430598521,-0.004653335525641048,-0.005612736904957548,0.02058070770002088,0.02338450236326289,0.0,0.005628517823639934,2020-11-03 07:00:00
2020-10-28 07:00:00,10.61,10.94,10.55,10.55,4443690,921.05,433068340,946.91,921.05,-0.0272249508277538,1.0,0.0,10.549999999999986,10.609999999999985,10.939999999999985,10.549999999999986,-0.010372558815622936,-0.004701466111806735,-0.005671092703816169,0.03629993707175948,0.022889709435191575,1.0,0.06540284360189563,2020-11-04 07:00:00
2020-10-29 07:00:00,10.61,10.86,10.55,10.58,2678150,919.08,355910070,925.84,914.33,-0.0021411538887236,1.0,0.0,10.579999999999986,10.609999999999985,10.859999999999985,10.549999999999986,0.002839566508077739,0.005671092703816103,-0.0028315261957383405,0.028960454583713848,0.021791406363617857,1.0,0.06238185255198481,2020-11-04 07:00:00
2020-10-30 07:00:00,10.77,10.77,10.44,10.58,2657280,925.47,297619160,926.32,911.2,0.006928546867816,1.0,0.0,10.579999999999986,10.769999999999985,10.769999999999985,10.439999999999985,0.0,0.01779906473814393,-0.017799064738143865,0.031119908713804687,0.020795510591186565,1.0,0.06238185255198481,2020-11-04 07:00:00
2020-11-02 07:00:00,10.58,10.75,10.58,10.66,1491620,933.68,273082480,933.68,924.14,0.0088320505267794,1.0,0.0,10.659999999999988,10.579999999999988,10.749999999999988,10.579999999999988,0.0075329923075454506,2.2204460492503128e-16,0.00753299230754523,0.015940328143518524,0.019794735101696045,1.0,0.05440900562851758,2020-11-04 07:00:00
2020-11-03 07:00:00,10.72,10.75,10.61,10.72,1424920,935.41,302847830,937.57,932.18,0.0018511687441846,1.0,0.0,10.719999999999986,10.719999999999986,10.749999999999986,10.609999999999985,0.005612736904957385,0.005612736904957385,0.0,0.013108801947780148,0.01882882145278053,1.0,0.048507462686566916,2020-11-04 07:00:00
2020-11-04 07:00:00,10.77,11.41,10.77,11.24,7604770,939.76,327410490,943.56,933.86,0.0046395876673477,1.0,0.0,11.239999999999984,10.769999999999984,11.409999999999984,10.769999999999984,0.04736768882288885,0.004653335525640907,0.042714353297247896,0.05772567270568721,0.02193656802870174,-1.0,-0.024021352313167266,2020-11-05 07:00:00
2020-11-05 07:00:00,11.33,11.33,10.97,10.97,2009220,937.75,270446750,945.51,937.75,-0.0021411345536338,1.0,0.0,10.969999999999985,11.329999999999984,11.329999999999984,10.969999999999985,-0.024314570178406145,0.007975230574369822,-0.03228980075277602,0.032289800752775995,0.02319390442014494,0.0,0.01731996353691856,2020-11-12 07:00:00
2020-11-06 07:00:00,10.97,11.13,10.86,11.05,1894420,938.29,249258850,941.2,934.63,0.0005756807050099,1.0,0.0,11.049999999999985,10.969999999999985,11.129999999999985,10.859999999999983,0.007266153676622977,0.0,0.007266153676622977,0.024557850781664184,0.022064545396362295,0.0,0.012669683257918063,2020-11-13 07:00:00
2020-11-09 07:00:00,11.05,11.27,11.0,11.16,3792160,951.99,369592050,951.99,942.15,0.0144954608675086,1.0,0.0,11.159999999999982,11.049999999999983,11.269999999999982,10.999999999999982,0.009905528989402801,-1.1102230246251565e-16,0.009905528989403022,0.02424905525331449,0.021016880234824672,-1.0,-0.024193548387096753,2020-11-10 07:00:00
2020-11-10 07:00:00,11.16,11.27,10.83,10.89,3855660,951.9,422041040,963.47,951.9,-9.45432772555731e-05,1.0,0.0,10.889999999999983,11.159999999999982,11.26999999999998,10.829999999999982,-0.024491020008295755,0.0,-0.024491020008295755,0.03982426703878553,0.022071762242123656,1.0,0.024793388429751984,2020-11-12 07:00:00
2020-11-11 07:00:00,10.86,11.02,10.8,10.91,2226740,952.22,353735780,956.65,947.61,0.0003361132733364,1.0,0.0,10.909999999999982,10.859999999999982,11.019999999999982,10.799999999999983,0.0018348629001102184,-0.0027586224390798624,0.004593485339190115,0.02016566959459442,0.021001268028960032,1.0,0.0229147571035746,2020-11-12 07:00:00
2020-11-12 07:00:00,10.91,11.33,10.8,11.16,2436400,959.28,320081130,959.28,953.62,0.0073869025405818,1.0,0.0,11.15999999999998,10.90999999999998,11.32999999999998,10.799999999999981,0.022656157108185332,-1.1102230246251565e-16,0.022656157108185547,0.04790794090974091,0.020797263989873093,1.0,0.032258064516129004,2020-11-17 07:00:00
2020-11-13 07:00:00,11.16,11.24,11.02,11.19,3034670,966.29,419678370,966.29,959.13,0.007280993127561,1.0,0.0,11.18999999999998,11.15999999999998,11.23999999999998,11.01999999999998,0.002684565370668983,0.0,0.002684565370668983,0.019767040740776582,0.019797510030586333,1.0,0.029490616621983934,2020-11-17 07:00:00
2020-11-16 07:00:00,11.24,11.58,11.16,11.36,5099720,950.79,484179810,972.98,950.5,-0.0161707782269907,1.0,0.0,11.359999999999982,11.239999999999982,11.579999999999982,11.159999999999982,0.015077890969171509,0.004458322141711449,0.010619568827460131,0.036943515191684276,0.01907290681213551,1.0,0.029049295774647765,2020-11-20 07:00:00
2020-11-17 07:00:00,11.49,11.52,11.36,11.52,2465550,968.9,371415910,968.9,953.22,0.0188681894192104,1.0,0.0,11.51999999999998,11.48999999999998,11.51999999999998,11.35999999999998,0.01398624197473987,0.011378678567659034,0.0026075634070807695,0.01398624197473987,0.01830130738945905,1.0,0.02170138888888884,2020-11-24 07:00:00
2020-11-18 07:00:00,11.52,11.69,11.41,11.49,2349900,973.53,446206150,974.3,966.32,0.004767233587459,1.0,0.0,11.48999999999998,11.51999999999998,11.68999999999998,11.40999999999998,-0.0026075634070808302,0.0,-0.0026075634070808302,0.024243611609992853,0.017634501287905453,1.0,0.024369016536118115,2020-11-24 07:00:00
2020-11-19 07:00:00,11.6,11.6,11.38,11.41,2308570,983.26,473474550,983.26,974.33,0.0099449406352035,1.0,0.0,11.40999999999998,11.59999999999998,11.59999999999998,11.379999999999981,-0.006986927986680115,0.009528006251654514,-0.01651493423833464,0.019147669414134073,0.0172139186468105,1.0,0.024539877300613577,2020-11-20 07:00:00
2020-11-20 07:00:00,11.44,11.85,11.38,11.69,2942400,990.0,471526920,990.0,980.72,0.0068313615150146,1.0,0.0,11.68999999999998,11.43999999999998,11.84999999999998,11.379999999999981,0.024243611609992853,0.0026258220776675858,0.021617789532325227,0.040470438882955206,0.01740636490960917,1.0,0.02566295979469646,2020-11-27 07:00:00
2020-11-23 07:00:00,11.74,12.05,11.66,11.69,2066260,994.19,450110750,995.9,985.38,0.0042233921429888,1.0,0.0,11.68999999999998,11.73999999999998,12.049999999999981,11.65999999999998,0.0,0.004268038915973332,-0.004268038915973405,0.032900479014317766,0.016672096094308305,1.0,0.02566295979469646,2020-11-27 07:00:00
2020-11-24 07:00:00,11.85,11.94,11.63,11.77,3227320,995.76,511566140,997.99,984.92,0.0015779294210976,1.0,0.0,11.769999999999978,11.849999999999978,11.939999999999978,11.62999999999998,0.006820145788208107,0.013594092097162972,-0.006773946308954917,0.026306141433883014,0.01586084718918015,1.0,0.018691588785046953,2020-11-27 07:00:00
2020-11-25 07:00:00,11.77,11.88,11.49,11.8,3422440,999.94,445346780,1002.31,996.8,0.0041890124893428,1.0,0.0,11.79999999999998,11.769999999999978,11.87999999999998,11.48999999999998,0.002545610199433818,0.0,0.002545610199433818,0.03337922207383461,0.015121898698551704,-1.0,-0.016949152542372836,2020-11-26 07:00:00
2020-11-26 07:00:00,11.69,11.82,11.58,11.6,2404020,1005.97,411338400,1005.97,994.91,0.0060122519594037,1.0,0.0,11.59999999999998,11.68999999999998,11.81999999999998,11.57999999999998,-0.017094433359300068,-0.009365755987642051,-0.00772867737165808,0.02051353983310303,0.015930861299337015,1.0,0.03362068965517251,2020-11-27 07:00:00
2020-11-27 07:00:00,11.6,12.38,11.6,11.99,4639810,1010.22,381723340,1010.22,1004.0,0.0042158787562946,1.0,0.0,11.98999999999998,11.59999999999998,12.37999999999998,11.59999999999998,0.033067870927104004,0.0,0.033067870927104004,0.06507716914413104,0.017579328403920097,1.0,0.03252710592160146,2020-11-30 07:00:00
2020-11-30 07:00:00,12.21,12.71,12.05,12.38,5399340,1003.08,450045450,1012.5,1002.61,-0.0070928623986982,1.0,0.0,12.379999999999981,12.209999999999981,12.709999999999981,12.049999999999981,0.03200929821702729,0.018182319083190547,0.01382697913383679,0.05332442526469871,0.018427353575887408,1.0,0.07350565428109834,2020-12-02 07:00:00
2020-12-01 07:00:00,12.27,12.93,12.27,12.43,8146210,1008.87,536207660,1008.87,988.71,0.0057556261178266,1.0,0.0,12.429999999999982,12.269999999999982,12.92999999999998,12.269999999999982,0.00403063826616986,-0.008925008533629993,0.012955646799799735,0.05239293406094596,0.017585337400842407,1.0,0.06918744971842283,2020-12-02 07:00:00
2020-12-02 07:00:00,12.99,13.29,12.76,13.29,5619890,1014.32,484658120,1015.86,1007.91,0.0053875446028008,1.0,0.0,13.289999999999978,12.98999999999998,13.289999999999978,12.75999999999998,0.0668989672025339,0.04406692515988849,0.02283204204264569,0.04069659480851,0.024316400909468003,1.0,0.06847253574115886,2020-12-03 07:00:00
2020-12-03 07:00:00,14.15,14.2,13.81,14.2,3521260,1019.8,496771120,1020.35,1014.06,0.0053880924013627,1.0,0.0,14.199999999999978,14.149999999999979,14.199999999999978,13.80999999999998,0.06623009188206117,0.06270275136409281,0.0035273405179684406,0.027848997186014357,0.027992309847354447,1.0,0.030985915492957927,2020-12-04 07:00:00
2020-12-04 07:00:00,14.64,15.11,14.17,14.64,6448020,1021.49,527019060,1025.17,1018.67,0.0016558160634956,1.0,0.0,14.63999999999998,14.63999999999998,15.109999999999978,14.169999999999979,0.030515543925950628,0.030515543925950628,0.0,0.06422972258205924,0.02685624680194677,-1.0,-0.07172131147540983,2020-12-10 07:00:00
2020-12-07 07:00:00,14.42,14.81,13.95,14.45,4605900,1029.98,473554480,1030.41,1022.14,0.0082770388748807,1.0,0.0,14.44999999999998,14.41999999999998,14.809999999999981,13.949999999999982,-0.01306309397472432,-0.015141376676362443,0.002078282701638149,0.05982312001233274,0.027414614279345568,-1.0,-0.05951557093425608,2020-12-10 07:00:00
2020-12-08 07:00:00,14.48,14.7,14.31,14.5,3643160,1029.26,501250780,1032.58,1025.63,-0.000699287144131,1.0,0.0,14.499999999999979,14.479999999999979,14.699999999999978,14.30999999999998,0.0034542348680873824,0.002073972399129172,0.0013802624689584903,0.026888900216331,0.026385688554272722,-1.0,-0.0627586206896551,2020-12-10 07:00:00
2020-12-09 07:00:00,14.59,14.59,14.31,14.31,3902570,1039.13,554755640,1039.55,1030.24,0.0095437271650223,1.0,0.0,14.30999999999998,14.589999999999979,14.589999999999979,14.30999999999998,-0.01319005585816918,0.00618771310816555,-0.019377768966334693,0.019377768966334783,0.02654877372397495,-1.0,-0.05031446540880502,2020-12-10 07:00:00
2020-12-10 07:00:00,14.28,14.28,13.59,13.59,7480540,1030.91,566339280,1044.1,1030.91,-0.0079419172631241,1.0,0.0,13.58999999999998,14.279999999999978,14.279999999999978,13.58999999999998,-0.05162436540530718,-0.0020986366569212492,-0.04952572874838592,0.04952572874838581,0.03184901365977656,1.0,0.05886681383370118,2020-12-14 07:00:00
2020-12-11 07:00:00,13.54,13.95,13.32,13.87,3403730,1045.96,413852370,1045.96,1030.06,0.0144932166586847,1.0,0.0,13.86999999999998,13.53999999999998,13.94999999999998,13.31999999999998,0.02039400616368791,-0.003685960678923502,0.024079966842611326,0.046212843155131626,0.03057475675254304,1.0,0.03749098774333093,2020-12-14 07:00:00
2020-12-14 07:00:00,14.03,14.59,13.79,14.39,3857790,1064.09,506310660,1064.09,1048.97,0.0171848498146379,1.0,0.0,14.38999999999998,14.02999999999998,14.589999999999979,13.78999999999998,0.036805286572536226,0.011469659787629349,0.02533562678490681,0.05639267072948376,0.030350027012222554,1.0,0.05003474635163285,2020-12-18 07:00:00
2020-12-15 07:00:00,14.37,14.48,13.81,14.01,4494850,1055.27,621133560,1067.45,1052.01,-0.0083233154527428,1.0,0.0,14.009999999999978,14.369999999999976,14.479999999999977,13.80999999999998,-0.02676216055036089,-0.0013908208083430757,-0.025371339742017832,0.04737541953636957,0.030998299128729187,1.0,0.07851534618129885,2020-12-18 07:00:00
2020-12-16 07:00:00,14.03,14.26,13.95,14.03,2877220,1066.99,556546890,1066.99,1057.21,0.0110449418488287,1.0,0.0,14.029999999999976,14.029999999999976,14.259999999999977,13.949999999999976,0.0014265337654537995,0.0014265337654537995,0.0,0.021978906718775382,0.029535767383191785,1.0,0.07697790449037778,2020-12-18 07:00:00
2020-12-17 07:00:00,13.9,14.42,13.76,14.31,4142520,1051.77,634682600,1066.99,1051.42,-0.0143671409709398,1.0,0.0,14.309999999999977,13.899999999999977,14.419999999999975,13.759999999999977,0.019760699453990036,-0.009309053977723412,0.02906975343171346,0.04685029935160539,0.028371783974727966,1.0,0.05590496156533886,2020-12-18 07:00:00
2020-12-18 07:00:00,14.31,15.22,14.31,15.11,6476930,1067.46,560068250,1068.56,1055.75,0.0148075354590713,1.0,0.0,15.109999999999975,14.309999999999977,15.219999999999976,14.309999999999977,0.0543981827162886,0.0,0.0543981827162886,0.06165175886518027,0.030408798660272816,-1.0,-0.032428855062872186,2020-12-24 07:00:00
2020-12-21 07:00:00,15.2,15.42,14.89,15.36,6100610,1081.08,660479750,1081.6,1070.86,0.0126785467766096,1.0,0.0,15.359999999999975,15.199999999999974,15.419999999999975,14.889999999999976,0.016409951434877855,0.005938651567582547,0.010471299867295437,0.0349755214392658,0.028951047950249817,-1.0,-0.04817708333333326,2020-12-24 07:00:00
2020-12-22 07:00:00,15.2,15.42,15.11,15.36,3156420,1083.45,695860800,1084.23,1077.06,0.0021898527136167,1.0,0.0,15.359999999999975,15.199999999999974,15.419999999999975,15.109999999999975,0.0,-0.010471299867295478,0.010471299867295437,0.02030859185053528,0.02780182859432075,-1.0,-0.02864583333333337,2020-12-23 07:00:00
2020-12-23 07:00:00,15.25,15.25,14.64,14.92,3666820,1078.9,742856110,1094.09,1077.92,-0.004208390607671,1.0,0.0,14.919999999999975,15.249999999999975,15.249999999999975,14.639999999999976,-0.029064132943911355,-0.007187224666105403,-0.021876908277805834,0.0408219945202552,0.02912782631378106,-1.0,-0.029490616621983934,2020-12-25 07:00:00
2020-12-24 07:00:00,14.86,15.0,13.9,14.62,5946530,1067.52,686557640,1084.76,1046.89,-0.0106038022670219,1.0,0.0,14.619999999999976,14.859999999999976,14.999999999999977,13.899999999999979,-0.02031214045398236,-0.004029555486001577,-0.016282584967980712,0.07616136096556395,0.028954943492703927,1.0,0.03146374829001353,2020-12-29 07:00:00
2020-12-25 07:00:00,14.42,14.92,14.31,14.48,2328570,1084.42,592212900,1084.42,1061.83,0.0157070805429879,1.0,0.0,14.479999999999976,14.419999999999975,14.919999999999975,14.309999999999977,-0.009622067364062207,-0.013774322464829512,0.004152255100767288,0.041744001207255146,0.027889529461535792,1.0,0.04143646408839774,2020-12-29 07:00:00
2020-12-28 07:00:00,14.64,14.75,14.39,14.45,4346940,1091.33,663869090,1096.11,1083.9,0.0063518540572993,1.0,0.0,14.449999999999974,14.639999999999974,14.749999999999973,14.389999999999976,-0.00207397239912926,0.010989121575595165,-0.01306309397472432,0.024709561886552163,0.026582638272023135,1.0,0.04359861591695502,2020-12-29 07:00:00
2020-12-29 07:00:00,14.48,15.28,14.37,15.08,5659820,1099.49,618010510,1102.79,1087.93,0.0074493000196943,1.0,0.0,15.079999999999973,14.479999999999976,15.279999999999973,14.369999999999974,0.04267494802136885,0.002073972399129172,0.04060097562223966,0.06140208364744089,0.027962096732830368,1.0,0.08289124668435033,2021-01-04 07:00:00
2020-12-30 07:00:00,15.47,15.8,15.11,15.11,3939190,1097.54,619802880,1108.83,1094.91,-0.0017751241558359,1.0,0.0,15.109999999999973,15.469999999999974,15.799999999999972,15.109999999999973,0.0019874137048381956,0.025533302005164845,-0.023545888300326695,0.044653163748272884,0.02663685483052808,1.0,0.0807412309728659,2021-01-04 07:00:00
2020-12-31 07:00:00,15.2,15.44,15.08,15.31,2312570,1103.87,500978800,1105.33,1096.27,0.0057508755259316,1.0,0.0,15.309999999999974,15.199999999999973,15.439999999999973,15.079999999999973,0.013149433384944231,0.005938651567582547,0.007210781817361842,0.023592182016820194,0.025419346561590766,1.0,0.06662312214239074,2021-01-04 07:00:00
2021-01-04 07:00:00,15.58,16.36,15.47,16.33,7909000,1120.47,709701600,1126.43,1113.59,0.0149260528404946,1.0,0.0,16.329999999999973,15.579999999999975,16.359999999999975,15.469999999999976,0.0644976973127815,0.01748183077300991,0.04701586653977149,0.05593666658962626,0.02974060223610097,1.0,0.06613594611145124,2021-01-05 07:00:00
2021-01-05 07:00:00,16.58,17.46,16.47,17.41,7069400,1132.55,710226500,1133.16,1116.49,0.0107234873721322,1.0,0.0,17.40999999999997,16.57999999999997,17.459999999999972,16.46999999999997,0.06404084679772386,0.015193242724774961,0.04884760407294898,0.05837200622190746,0.03227176533079121,1.0,0.06777713957495712,2021-01-12 07:00:00
2021-01-06 07:00:00,17.9,17.93,16.96,17.24,4237900,1143.21,725414800,1152.85,1133.7,0.0093683674602099,1.0,0.0,17.23999999999997,17.89999999999997,17.92999999999997,16.959999999999972,-0.009812488544550716,0.02775595906661161,-0.03756844761116229,0.055617657253284464,0.03177056254438652,1.0,0.0783062645011603,2021-01-12 07:00:00
2021-01-07 07:00:00,17.24,17.76,16.85,17.57,5114000,1156.49,719527100,1156.49,1143.44,0.0115494609018485,1.0,0.0,17.569999999999972,17.23999999999997,17.759999999999973,16.849999999999973,0.01896063696345883,0.0,0.01896063696345883,0.05259808076565338,0.03024587538333329,1.0,0.05805350028457612,2021-01-12 07:00:00
2021-01-08 07:00:00,17.68,17.88,17.29,17.43,3082700,1167.69,763095900,1176.33,1160.48,0.0096378823465108,1.0,0.0,17.42999999999997,17.67999999999997,17.87999999999997,17.28999999999997,-0.008000042667076265,0.0062411550104915165,-0.014241197677567886,0.033554470050169094,0.029605226823190195,1.0,0.06655192197360882,2021-01-12 07:00:00
2021-01-11 07:00:00,17.49,17.63,17.07,17.38,2381400,1184.89,776321700,1186.45,1175.0,0.0146225050547728,1.0,0.0,17.37999999999997,17.48999999999997,17.62999999999997,17.069999999999972,-0.00287273969468364,0.0034364294985810974,-0.006309169193264721,0.0322794596034296,0.02856215877457935,1.0,0.06962025316455711,2021-01-12 07:00:00
2021-01-12 07:00:00,17.41,18.59,17.07,18.59,5545800,1192.28,683329700,1192.28,1179.24,0.006217497113307,1.0,0.0,18.58999999999997,17.40999999999997,18.58999999999997,17.069999999999975,0.0673036818961068,0.0017246339428517237,0.06557904795325516,0.08530126492700323,0.03195054424230119,1.0,0.03604088219472823,2021-01-18 07:00:00
2021-01-13 07:00:00,18.79,18.9,18.34,18.46,4217000,1186.05,747161400,1200.82,1183.18,-0.0052389821845807,1.0,0.0,18.459999999999972,18.78999999999997,18.89999999999997,18.33999999999997,-0.007017572658646535,0.010701011692021294,-0.017718584350667803,0.030077455237277954,0.03122535579885065,1.0,0.04333694474539529,2021-01-18 07:00:00
2021-01-14 07:00:00,18.29,18.73,18.18,18.54,4045000,1187.4,737417900,1190.5,1178.84,0.0011375846515293,1.0,0.0,18.53999999999997,18.28999999999997,18.729999999999972,18.17999999999997,0.004324331063002803,-0.009251766671931887,0.013576097734934844,0.029804427706664492,0.029859607907085788,1.0,0.03883495145631066,2021-01-18 07:00:00
2021-01-15 07:00:00,18.79,18.87,18.43,18.62,4032600,1194.2,746215900,1197.74,1188.84,0.005710462276317,1.0,0.0,18.619999999999973,18.78999999999997,18.869999999999973,18.42999999999997,0.004305711711212013,0.013394253287664823,-0.009088541576452808,0.02359358769872701,0.028538307169189935,1.0,0.034371643394199625,2021-01-18 07:00:00
2021-01-18 07:00:00,19.92,19.92,19.01,19.26,6304500,1191.94,711741000,1200.85,1190.33,-0.0018942733249441,1.0,0.0,19.25999999999997,19.91999999999997,19.91999999999997,19.00999999999997,0.03379413452105833,0.06748798030753114,-0.03369384578647276,0.04675909565611448,0.027880861624900173,-1.0,-0.06905503634475596,2021-01-19 07:00:00
2021-01-19 07:00:00,19.23,19.45,17.93,17.93,3821000,1131.0,923105700,1191.94,1117.17,-0.0524800346718274,1.0,0.0,17.92999999999997,19.229999999999972,19.449999999999967,17.92999999999997,-0.07155511875293798,-0.0015588467692909678,-0.06999627198364702,0.08137178244741375,0.037119486541089125,-1.0,-0.04461795872838814,2021-01-26 07:00:00
2021-01-20 07:00:00,17.93,18.18,16.69,17.68,4201900,1134.68,802789200,1142.48,1098.05,0.0032484757213096,1.0,0.0,17.67999999999997,17.92999999999997,18.17999999999997,16.689999999999976,-0.014041230407544165,0.0,-0.014041230407544165,0.08551235107558885,0.035843943495331654,1.0,0.04242081447963808,2021-01-21 07:00:00
2021-01-21 07:00:00,18.07,18.43,17.13,18.43,3773300,1164.21,666008100,1164.21,1132.66,0.0256920725527323,1.0,0.0,18.42999999999997,18.069999999999972,18.42999999999997,17.129999999999974,0.0415457144722346,0.021819047394639888,0.01972666707759482,0.07314845934570337,0.03587200883664481,-1.0,-0.0705371676614216,2021-01-26 07:00:00
2021-01-22 07:00:00,18.4,18.73,18.15,18.23,3990300,1166.78,716238000,1175.72,1161.43,0.0022050725583139,1.0,0.0,18.229999999999972,18.39999999999997,18.729999999999972,18.14999999999997,-0.01091118299116027,-0.0016291070667920553,-0.009282075924368183,0.0314559557451375,0.034595267990292215,-1.0,-0.06034009873834334,2021-01-26 07:00:00
2021-01-25 07:00:00,17.96,18.9,17.96,18.29,6015400,1166.05,665737500,1172.18,1162.8,-0.000625849310775,1.0,0.0,18.289999999999974,17.959999999999976,18.899999999999974,17.959999999999976,0.0032858737122028934,-0.014921525816517962,0.01820739952872068,0.05101485919154311,0.03291866681743508,-1.0,-0.06342263531984704,2021-01-26 07:00:00
2021-01-26 07:00:00,18.34,18.34,17.02,17.13,4933000,1136.12,743159100,1166.05,1121.03,-0.0260030201326451,1.0,0.0,17.129999999999974,18.339999999999975,18.339999999999975,17.019999999999975,-0.06552315006674593,0.0027300044255444333,-0.06825315449229041,0.07469534368309079,0.03799820484701284,-1.0,-0.06946876824284864,2021-01-27 07:00:00
2021-01-27 07:00:00,16.85,17.05,15.94,15.94,6653000,1097.17,745071300,1132.99,1088.86,-0.0348848111413366,1.0,0.0,15.939999999999978,16.84999999999998,17.04999999999998,15.939999999999978,-0.07199963897395939,-0.0164806555376575,-0.05551898343630198,0.06731853036745705,0.04201783438494807,-1.0,-0.06900878293600998,2021-01-28 07:00:00
2021-01-28 07:00:00,14.84,15.2,14.84,14.84,2765800,1023.94,698605600,1052.16,1022.77,-0.0690762062309471,1.0,0.0,14.83999999999998,14.83999999999998,15.19999999999998,14.83999999999998,-0.07150543562283453,-0.07150543562283453,0.0,0.023969190112996402,0.044356067370920405,1.0,0.07951482479784366,2021-02-03 07:00:00
2021-01-29 07:00:00,13.81,15.36,13.81,14.84,8174300,1056.61,743995900,1076.11,998.33,0.031407738872172,1.0,0.0,14.83999999999998,13.809999999999983,15.359999999999978,13.809999999999983,0.0,-0.07193327031803359,0.07193327031803352,0.1063737602983252,0.04239262750495188,1.0,0.07951482479784366,2021-02-03 07:00:00
2021-02-01 07:00:00,14.53,15.31,14.09,14.81,4716600,1035.51,588446500,1074.52,1035.51,-0.0201716110454867,1.0,0.0,14.809999999999981,14.52999999999998,15.309999999999981,14.08999999999998,-0.002023609459526983,-0.02111076015704297,0.01908715069751592,0.08304088375900379,0.04044446641105521,1.0,0.08170155300472648,2021-02-03 07:00:00
2021-02-02 07:00:00,15.2,15.66,14.7,15.31,3892900,1075.53,554905500,1075.53,1029.36,0.037919504362086,1.0,0.0,15.309999999999977,15.199999999999976,15.659999999999975,14.699999999999976,0.033203581389884884,0.02599279957252307,0.007210781817361842,0.06326219677796653,0.040749890326225356,1.0,0.04637491835401719,2021-02-03 07:00:00
2021-02-03 07:00:00,15.64,16.25,15.44,16.02,4069400,1111.29,635966100,1113.24,1082.95,0.0327079393593106,1.0,0.0,16.01999999999998,15.63999999999998,16.24999999999998,15.439999999999978,0.04533173197062098,0.021325525447572723,0.02400620652304817,0.051131364179116554,0.04186159215100773,1.0,0.04681647940074929,2021-02-17 07:00:00
2021-02-04 07:00:00,16.02,16.25,15.58,15.75,3422300,1112.19,471356200,1117.88,1098.85,0.0008095418435531,1.0,0.0,15.749999999999979,16.01999999999998,16.24999999999998,15.579999999999979,-0.016997576368571136,0.0,-0.016997576368571136,0.04210486833314437,0.04006804115417816,1.0,0.06476190476190502,2021-02-17 07:00:00
2021-02-05 07:00:00,15.8,16.36,15.47,16.36,3989500,1126.91,458710000,1126.91,1112.19,0.0131483292963779,1.0,0.0,16.359999999999978,15.79999999999998,16.359999999999978,15.46999999999998,0.037998965902958926,0.0031695747612790395,0.03482939114167984,0.05593666658962626,0.04011673566760937,1.0,0.04034229828850888,2021-02-18 07:00:00
2021-02-08 07:00:00,16.36,17.07,15.25,15.91,5152900,1083.18,635387600,1127.06,1075.1,-0.0395782146441637,1.0,0.0,15.90999999999998,16.359999999999978,17.06999999999998,15.249999999999982,-0.027891488824905414,0.0,-0.027891488824905414,0.11274303375292864,0.039097051806400586,1.0,0.05405405405405417,2021-02-17 07:00:00
2021-02-09 07:00:00,15.91,16.3,15.53,16.11,2238000,1114.93,490182000,1114.93,1078.98,0.0288904634777754,1.0,0.0,16.10999999999998,15.909999999999982,16.299999999999983,15.529999999999982,0.012492354839187562,2.2204460492503128e-16,0.012492354839187562,0.048391470652121134,0.03745504312186979,1.0,0.040968342644320366,2021-02-17 07:00:00
2021-02-17 07:00:00,16.36,16.8,16.25,16.77,3014600,1155.78,459215000,1151.54,1127.46,0.0359838180477244,1.0,0.0,16.769999999999982,16.35999999999998,16.799999999999983,16.249999999999982,0.04015137864623454,0.015399133985718023,0.024752244660516558,0.03328597763346676,0.03771131540583252,0.0,0.02146690518783556,2021-02-24 07:00:00
2021-02-18 07:00:00,16.83,17.07,16.58,17.02,4573000,1174.38,585040700,1174.38,1148.66,0.0159649080403659,1.0,0.0,17.019999999999982,16.82999999999998,17.069999999999983,16.57999999999998,0.014797547310110654,0.0035714323675971795,0.011226114942513458,0.029125387099200487,0.03604592895151496,0.0,0.014688601645123534,2021-02-25 07:00:00
2021-02-19 07:00:00,16.8,17.68,16.8,17.38,4262200,1173.5,547575400,1178.18,1157.6,-0.0007496124514094,1.0,0.0,17.379999999999985,16.799999999999986,17.679999999999986,16.799999999999986,0.020930996692018183,-0.013010236736014551,0.03394123342803262,0.05105517080028417,0.03465785418331904,1.0,0.04142692750287713,2021-02-26 07:00:00
2021-02-22 07:00:00,17.41,17.57,16.91,17.1,3052500,1175.04,571176900,1182.67,1169.12,0.001311453260938,1.0,0.0,17.099999999999987,17.409999999999986,17.569999999999986,16.909999999999986,-0.016241656328631723,0.0017246339428517237,-0.01796629027148349,0.03828773928851683,0.03362379072252347,1.0,0.0584795321637428,2021-02-26 07:00:00
2021-02-23 07:00:00,17.13,17.46,16.85,17.18,3087500,1177.64,571704900,1184.32,1168.32,0.0022102462370211,1.0,0.0,17.179999999999982,17.12999999999998,17.459999999999983,16.849999999999984,0.0046674530474948,0.0017528488274139433,0.002914604220080849,0.03556189361308536,0.03198410736407782,1.0,0.053550640279395045,2021-02-26 07:00:00
2021-02-24 07:00:00,17.41,17.63,16.85,17.13,6517300,1162.01,572631700,1185.58,1154.36,-0.0133611715622316,1.0,0.0,17.129999999999985,17.409999999999986,17.629999999999985,16.849999999999987,-0.0029146042200805596,0.013298837223988514,-0.016213441444069263,0.04525133961140813,0.03048881739177976,1.0,0.05662580268534745,2021-02-26 07:00:00
2021-02-25 07:00:00,17.24,17.52,17.07,17.27,5124400,1165.43,493051100,1169.97,1155.74,0.0029388533852683,1.0,0.0,17.269999999999985,17.239999999999984,17.519999999999985,17.069999999999986,0.008139579822558817,0.006400952899518533,0.001738626923040219,0.02602054870189606,0.029040298590273714,1.0,0.04806022003474242,2021-02-26 07:00:00
2021-02-26 07:00:00,17.13,18.23,17.05,18.1,6989700,1168.47,528150000,1169.28,1148.88,0.0026050830963072,1.0,0.0,18.099999999999987,17.129999999999985,18.229999999999986,17.049999999999986,0.046941046113192914,-0.008139579822558743,0.05508062593575162,0.06691838496104598,0.030553897713201435,-1.0,-0.05690607734806641,2021-03-04 07:00:00
2021-03-01 07:00:00,18.34,18.4,17.96,18.1,3684900,1186.17,593011800,1186.82,1174.45,0.0150344285317118,1.0,0.0,18.099999999999987,18.339999999999986,18.399999999999984,17.959999999999987,0.0,0.013172528556538738,-0.01317252855653867,0.024203601740886184,0.029155208524497985,-1.0,-0.05690607734806641,2021-03-04 07:00:00
2021-03-02 07:00:00,18.15,18.18,17.88,17.9,4039900,1186.61,533302200,1196.16,1181.99,0.0003708729886826,1.0,0.0,17.899999999999984,18.149999999999984,18.179999999999986,17.879999999999985,-0.011111225425070946,0.0027586224390796607,-0.013869847864150502,0.016639319003964724,0.02826214296518888,-1.0,-0.046368715083798806,2021-03-04 07:00:00
2021-03-03 07:00:00,17.79,17.93,17.63,17.79,5704700,1186.95,584537200,1189.18,1180.25,0.0002864894945361,1.0,0.0,17.789999999999985,17.789999999999985,17.929999999999986,17.629999999999985,-0.0061642111689655015,-0.0061642111689655015,0.0,0.0168732912072628,0.027101734407902398,-1.0,-0.0404721753794266,2021-03-04 07:00:00
2021-03-04 07:00:00,17.79,17.9,16.69,17.07,5940300,1168.52,629649100,1191.9,1159.48,-0.0156490009302425,1.0,0.0,17.069999999999986,17.789999999999985,17.899999999999984,16.689999999999987,-0.041313964871394486,0.0,-0.041313964871394486,0.0699909751729656,0.029191991372532054,0.0,-0.006444053895723223,2021-03-11 07:00:00
2021-03-05 07:00:00,16.74,16.99,16.3,16.85,5172100,1168.69,568265900,1169.56,1155.6,0.0001454725936478,1.0,0.0,16.849999999999987,16.739999999999984,16.989999999999984,16.299999999999986,-0.01297188000797842,-0.01952147174502007,0.006549591737041734,0.04145982787112398,0.028033748581702374,1.0,0.04272997032640968,2021-03-12 07:00:00
2021-03-08 07:00:00,17.07,17.13,16.69,16.85,3977100,1168.27,627495500,1181.25,1164.02,-0.0003594413293526,1.0,0.0,16.849999999999987,17.069999999999986,17.129999999999985,16.689999999999987,0.0,0.012971880007978564,-0.01297188000797842,0.02602157466228467,0.026668672380827648,1.0,0.04272997032640968,2021-03-12 07:00:00
2021-03-09 07:00:00,16.71,17.24,16.11,16.85,4092600,1161.97,613096200,1166.42,1150.94,-0.005407181534725,1.0,0.0,16.849999999999987,16.709999999999987,17.239999999999984,16.109999999999985,0.0,-0.00834331419106843,0.00834331419106846,0.06779206804666402,0.025369771341491786,1.0,0.04272997032640968,2021-03-12 07:00:00
2021-03-10 07:00:00,16.91,17.02,16.58,16.88,2295100,1170.08,569498400,1170.59,1154.89,0.0069552820000012,1.0,0.0,16.87999999999999,16.90999999999999,17.01999999999999,16.579999999999988,0.0017788323694404528,0.0035545061121182333,-0.0017756737426779723,0.026191973438079292,0.024147396615323887,1.0,0.04087677725118488,2021-03-12 07:00:00
2021-03-11 07:00:00,17.13,17.13,16.85,16.96,3437600,1181.73,586252400,1183.73,1176.49,0.0099073439541806,1.0,0.0,16.95999999999999,17.12999999999999,17.12999999999999,16.84999999999999,0.004728141195946116,0.01470182316821754,-0.009973681972271407,0.016480655537657676,0.023030238465034963,1.0,0.035966981132075526,2021-03-12 07:00:00
2021-03-12 07:00:00,17.13,17.9,17.02,17.57,8198600,1181.56,595631800,1186.52,1178.14,-0.0001438672361777,1.0,0.0,17.56999999999999,17.12999999999999,17.899999999999988,17.01999999999999,0.035335271835248865,0.009973681972271393,0.02536158986297742,0.05041158970148122,0.02439702201254436,0.0,0.020489470688674016,2021-03-19 07:00:00
2021-03-15 07:00:00,17.68,17.88,17.43,17.52,4324300,1184.56,634609700,1186.06,1178.8,0.0025357983598196,1.0,0.0,17.51999999999999,17.67999999999999,17.87999999999999,17.42999999999999,-0.002849816690760456,0.0062411550104915165,-0.009090971701251963,0.025489910213438473,0.02327463157346384,1.0,0.023401826484018562,2021-03-19 07:00:00
2021-03-16 07:00:00,17.46,17.52,17.07,17.27,3373400,1179.9,629617900,1184.91,1171.76,-0.0039417084945897,1.0,0.0,17.26999999999999,17.45999999999999,17.51999999999999,17.06999999999999,-0.014372193349658112,-0.0034305350967891368,-0.010941658252868986,0.02602054870189606,0.022714809965590745,1.0,0.038216560509554354,2021-03-19 07:00:00
2021-03-17 07:00:00,17.13,17.35,17.1,17.24,3387900,1186.09,648766800,1186.09,1176.26,0.0052324939014876,1.0,0.0,17.239999999999988,17.12999999999999,17.34999999999999,17.09999999999999,-0.001738626923040245,-0.008139579822558743,0.006400952899518533,0.014514042884254012,0.02162070849582619,1.0,0.022621809744779675,2021-03-18 07:00:00
2021-03-18 07:00:00,17.29,17.96,17.16,17.63,6024700,1200.94,570101600,1200.94,1191.94,0.0124424004566347,1.0,0.0,17.62999999999999,17.28999999999999,17.95999999999999,17.15999999999999,0.02236973117423191,0.0028960344596522087,0.019473696714579783,0.0455659688142373,0.021580725374972694,-1.0,-0.025524673851389457,2021-03-23 07:00:00
2021-03-19 07:00:00,17.68,18.1,17.68,17.93,5792900,1194.05,600925800,1199.67,1191.96,-0.0057536933413247,1.0,0.0,17.929999999999993,17.679999999999993,18.099999999999994,17.679999999999993,0.0168732912072628,0.0028320607997186897,0.014041230407544084,0.02347788106228282,0.020965391368558146,-1.0,-0.041829336307863896,2021-03-23 07:00:00
2021-03-22 07:00:00,17.96,17.99,17.57,17.82,3742500,1194.43,626610700,1200.21,1189.31,0.0003181940005411,1.0,0.0,17.819999999999993,17.959999999999994,17.98999999999999,17.569999999999993,-0.0061538655743782235,0.0016717752570120244,-0.007825640831390377,0.023623145763435893,0.02017818935485894,-1.0,-0.03591470258136931,2021-03-23 07:00:00
2021-03-23 07:00:00,17.82,17.82,17.07,17.18,4698300,1183.45,643583000,1191.47,1177.1,-0.0092351826323922,1.0,0.0,17.179999999999993,17.819999999999993,17.819999999999993,17.069999999999993,-0.036575505486554,0.0,-0.036575505486554,0.042998885236314024,0.022607712508098295,-1.0,-0.023864959254947582,2021-03-25 07:00:00
2021-03-24 07:00:00,16.85,17.18,16.52,16.85,5067300,1161.81,649741100,1174.2,1154.22,-0.0184547676359829,1.0,0.0,16.849999999999994,16.849999999999994,17.179999999999993,16.519999999999992,-0.019395259757738533,-0.019395259757738533,0.0,0.03917414846327739,0.022230234241844345,0.0,-0.005341246290801127,2021-03-31 07:00:00
2021-03-25 07:00:00,16.85,17.07,16.49,16.77,2822700,1163.1,613916000,1170.76,1154.44,0.0011097204901557,1.0,0.0,16.769999999999992,16.849999999999994,17.069999999999993,16.48999999999999,-0.004759080963253368,0.0,-0.004759080963253368,0.034568400234841805,0.02115643326899355,1.0,0.050089445438282754,2021-04-01 07:00:00
2021-03-26 07:00:00,16.58,16.8,15.69,16.52,3871100,1162.21,630516500,1165.76,1137.9,-0.0007654893699846,1.0,0.0,16.519999999999992,16.57999999999999,16.799999999999994,15.689999999999992,-0.015019807742285538,-0.011394426127968605,-0.003625381614316857,0.06835531966427205,0.020463766590696476,1.0,0.025423728813559476,2021-03-30 07:00:00
2021-03-29 07:00:00,16.58,16.8,16.44,16.58,3139800,1175.68,592790900,1175.77,1165.78,0.0115233386116978,1.0,0.0,16.57999999999999,16.57999999999999,16.799999999999994,16.439999999999994,0.0036253816143168366,0.0036253816143168366,0.0,0.02166149678117925,0.01959504302828724,1.0,0.021712907117008573,2021-03-30 07:00:00
2021-03-30 07:00:00,17.06,17.09,16.76,16.94,2756700,1186.36,707543000,1187.29,1172.85,0.0090430922269655,1.0,0.0,16.939999999999994,17.05999999999999,17.089999999999993,16.759999999999994,0.021480539516759545,0.028539392356384165,-0.0070588528396245765,0.019498402073562477,0.020060197570540526,1.0,0.03955135773317586,2021-04-01 07:00:00
2021-03-31 07:00:00,17.0,17.06,16.7,16.76,1511900,1191.44,670504300,1196.45,1186.4,0.0042728637639404,1.0,0.0,16.759999999999994,16.999999999999993,17.05999999999999,16.699999999999992,-0.010682594169971285,0.0035356548323075758,-0.014218249002279025,0.021327822640823543,0.019311706731927145,1.0,0.050715990453460424,2021-04-01 07:00:00
2021-04-01 07:00:00,16.97,17.61,16.76,17.61,2053500,1216.1,637059200,1217.26,1192.83,0.0204863574093415,1.0,0.0,17.609999999999992,16.96999999999999,17.609999999999992,16.759999999999994,0.0494718274541776,0.012451984192197866,0.037019843261979775,0.0494718274541776,0.023986077657279163,1.0,0.06530380465644514,2021-04-08 07:00:00
2021-04-02 07:00:00,18.03,18.19,17.61,17.73,3454700,1224.45,608762900,1228.29,1221.07,0.0068427465785209,1.0,0.0,17.72999999999999,18.02999999999999,18.18999999999999,17.60999999999999,0.006791197578001534,0.023570114707110932,-0.016778917129109477,0.03240507002191614,0.022841870419552213,1.0,0.05809362662154549,2021-04-08 07:00:00
2021-04-05 07:00:00,17.79,17.97,17.49,17.67,3027200,1236.05,635303500,1245.28,1228.18,0.0094290477083914,1.0,0.0,17.66999999999999,17.78999999999999,17.969999999999988,17.489999999999988,-0.0033898337545114282,0.0033783815916271906,-0.0067682153461386275,0.027074411764957004,0.021825327447542817,1.0,0.06168647425014151,2021-04-08 07:00:00
2021-04-06 07:00:00,17.49,17.64,17.37,17.49,2170200,1239.96,656481800,1244.63,1231.14,0.0031583097403976,1.0,0.0,17.489999999999988,17.489999999999988,17.63999999999999,17.36999999999999,-0.010238997301094538,-0.010238997301094538,0.0,0.01542447032563173,0.02112976634124545,1.0,0.07261292166952571,2021-04-08 07:00:00
2021-04-07 07:00:00,17.34,17.94,17.18,17.79,3419700,1242.38,676166500,1242.38,1232.52,0.0019497738155607,1.0,0.0,17.78999999999999,17.33999999999999,17.93999999999999,17.17999999999999,0.01700721264723315,-0.008613317678114836,0.025620530325348046,0.04328694007454089,0.020628197587998096,1.0,0.05452501405283883,2021-04-08 07:00:00
2021-04-08 07:00:00,17.91,18.82,17.88,18.76,10477800,1234.89,633566500,1246.4,1232.26,-0.0060469975605214,1.0,0.0,18.75999999999999,17.90999999999999,18.81999999999999,17.87999999999999,0.05309044190033498,0.0067227143948767375,0.04636772750545834,0.05123736441186561,0.02474055983959574,-1.0,-0.03198294243070354,2021-04-13 07:00:00
2021-04-09 07:00:00,18.82,18.82,18.58,18.61,3320600,1231.66,655839000,1234.98,1227.6,-0.0026190442896513,1.0,0.0,18.60999999999999,18.81999999999999,18.81999999999999,18.579999999999988,-0.00802787292391929,0.0031931905791549855,-0.011221063503074285,0.012834400771541188,0.024012000271192446,-1.0,-0.024180548092423204,2021-04-13 07:00:00
2021-04-12 07:00:00,18.67,18.82,18.4,18.73,5356300,1252.45,857647000,1252.45,1232.35,0.0167387800228566,1.0,0.0,18.729999999999993,18.669999999999995,18.819999999999993,18.39999999999999,0.006427445801837903,0.0032188868994721515,0.0032085589023657505,0.022569469542293673,0.022839995870614617,-1.0,-0.03043246129204491,2021-04-13 07:00:00
2021-04-13 07:00:00,18.82,18.82,17.97,18.16,5191300,1248.33,977605500,1268.02,1247.66,-0.0032949749498327,1.0,0.0,18.159999999999993,18.819999999999993,18.819999999999993,17.96999999999999,-0.030905143282849976,0.004793617701236505,-0.03569876098408632,0.04621643336176601,0.024447369953832277,-1.0,-0.030286343612334843,2021-04-15 07:00:00
2021-04-14 07:00:00,17.91,18.16,17.73,18.09,3294800,1255.87,813503500,1255.87,1233.01,0.0060219014339305,1.0,0.0,18.089999999999993,17.909999999999993,18.159999999999993,17.729999999999993,-0.0038620737659435275,-0.013862157100526793,0.010000083334583399,0.023963253087030772,0.023339842684846533,-1.0,-0.026533996683250405,2021-04-15 07:00:00
2021-04-15 07:00:00,18.09,18.16,17.61,17.61,4035000,1247.25,771443700,1265.87,1247.25,-0.0068874317454595,1.0,0.0,17.609999999999992,18.089999999999993,18.159999999999993,17.609999999999992,-0.026892376899088983,0.0,-0.026892376899088983,0.030754450665032594,0.023860740281377992,-1.0,-0.05678591709256087,2021-04-22 07:00:00
2021-04-16 07:00:00,17.31,17.64,16.76,17.24,6207600,1238.71,948989400,1254.61,1227.14,-0.0068706122338419,1.0,0.0,17.23999999999999,17.30999999999999,17.639999999999993,16.759999999999994,-0.02123465727256775,-0.0171825533199969,-0.004052103952570886,0.05117395552470824,0.02352975946065535,1.0,0.024941995359629265,2021-04-19 07:00:00
2021-04-19 07:00:00,17.24,17.73,16.94,17.67,3177500,1260.58,773047000,1260.58,1233.77,0.0175014169849555,1.0,0.0,17.669999999999998,17.239999999999995,17.729999999999997,16.939999999999998,0.024636021096058475,2.2204460492503128e-16,0.024636021096058256,0.045580430862208234,0.023835524072618335,-1.0,-0.059988681380871656,2021-04-22 07:00:00
2021-04-20 07:00:00,17.82,17.85,17.0,17.34,2726600,1268.28,798483500,1286.32,1261.28,0.006089719316996,1.0,0.0,17.339999999999996,17.819999999999997,17.849999999999998,16.999999999999996,-0.018852314979209302,0.00845313571105819,-0.027305450690267446,0.04879016416943205,0.02337275316923999,-1.0,-0.04209919261822381,2021-04-22 07:00:00
2021-04-22 07:00:00,17.0,17.34,16.58,16.61,3356300,1227.82,732254600,1271.98,1227.82,-0.0324214126505982,1.0,0.0,16.609999999999996,16.999999999999996,17.339999999999996,16.579999999999995,-0.043011047727192345,-0.019802627296179754,-0.023208420431012584,0.04481882164524702,0.025463428455763288,-1.0,-0.03853100541842247,2021-04-27 07:00:00
2021-04-23 07:00:00,16.52,17.0,16.09,17.0,3311500,1248.53,684222800,1248.53,1216.15,0.0167266201070835,1.0,0.0,16.999999999999996,16.519999999999996,16.999999999999996,16.089999999999996,0.023208420431012674,-0.005433155532371495,0.028641575963384153,0.05501538305192423,0.025739335467594136,-1.0,-0.04294117647058826,2021-04-26 07:00:00
2021-04-26 07:00:00,17.0,17.0,16.27,16.27,2015500,1215.77,685386500,1251.25,1214.14,-0.026589238366593,1.0,0.0,16.269999999999996,16.999999999999996,16.999999999999996,16.269999999999996,-0.04389042282526968,0.0,-0.04389042282526968,0.04389042282526962,0.02741111698393808,0.0,0.022741241548863034,2021-05-05 07:00:00
2021-04-27 07:00:00,16.21,16.33,15.97,15.97,2776600,1219.75,544650900,1220.96,1204.14,0.003268298796798,1.0,0.0,15.969999999999999,16.209999999999997,16.329999999999995,15.969999999999999,-0.018610959004025148,-0.003694585483361564,-0.014916373520663532,0.02229194475545239,0.026312325764162554,1.0,0.04195366311834681,2021-05-05 07:00:00
2021-04-28 07:00:00,16.0,16.33,15.88,16.06,1726000,1229.55,589498400,1230.91,1217.49,0.0080023290712027,1.0,0.0,16.059999999999995,15.999999999999996,16.329999999999995,15.879999999999997,0.005619746291694365,0.0018767600128599625,0.003742986278834297,0.027943451163384026,0.02536082762978112,1.0,0.03611457036114585,2021-05-05 07:00:00
2021-04-29 07:00:00,16.09,16.7,16.03,16.24,2157900,1239.39,614232800,1239.39,1231.25,0.0079710743081046,1.0,0.0,16.239999999999995,16.089999999999996,16.699999999999996,16.029999999999998,0.011145626214916323,0.0018662524856762341,0.009279373729239999,0.04094675280124773,0.024713295742473853,1.0,0.039408866995073843,2021-05-06 07:00:00
2021-05-04 07:00:00,15.79,16.61,15.73,16.39,2559400,1242.2,712632600,1242.8,1212.56,0.0022646780499486,1.0,0.0,16.389999999999997,15.789999999999996,16.609999999999996,15.729999999999997,0.00919405802220662,-0.02810050646598109,0.0372945644881877,0.054435206555016935,0.023891743862408943,1.0,0.029896278218425776,2021-05-06 07:00:00
2021-05-05 07:00:00,16.52,16.73,16.49,16.64,3565600,1256.43,685433600,1265.93,1242.2,0.0113903650001608,1.0,0.0,16.639999999999997,16.519999999999996,16.729999999999997,16.489999999999995,0.015138042637324165,0.007900375337093549,0.007237667300230603,0.014449378427225238,0.02341828716274999,1.0,0.02704326923076894,2021-05-12 07:00:00
2021-05-06 07:00:00,16.64,17.18,16.52,16.88,4692300,1250.57,672398700,1261.49,1246.64,-0.0046749187654212,1.0,0.0,16.879999999999995,16.639999999999997,17.179999999999996,16.519999999999996,0.014320053774748471,0.0,0.014320053774748471,0.03917414846327739,0.022801142188208553,-1.0,-0.027251184834123032,2021-05-07 07:00:00
2021-05-07 07:00:00,16.88,16.94,16.3,16.42,2877300,1241.81,745215600,1250.5,1231.92,-0.0070294546350316,1.0,0.0,16.419999999999998,16.879999999999995,16.939999999999998,16.299999999999997,-0.0276293851435287,0.0,-0.0276293851435287,0.03851258141119168,0.023196769374545713,1.0,0.02436053593179044,2021-05-11 07:00:00
2021-05-10 07:00:00,16.27,16.61,16.06,16.33,2803400,1259.58,732066300,1259.58,1236.85,0.0142083393193752,1.0,0.0,16.329999999999995,16.269999999999996,16.609999999999996,16.059999999999995,-0.005496197041908668,-0.00917718279333585,0.003680985751427293,0.03367321510658802,0.022078282415138942,1.0,0.030006123698714138,2021-05-11 07:00:00
2021-05-11 07:00:00,16.27,17.31,16.21,16.82,7519400,1256.04,709535700,1272.55,1256.04,-0.0028144173894932,1.0,0.0,16.819999999999997,16.269999999999996,17.309999999999995,16.209999999999997,0.029564747562428363,-0.0036809857514272844,0.0332457333138556,0.065656033440533,0.02319771685639363,1.0,0.03269916765755032,2021-05-14 07:00:00
2021-05-12 07:00:00,16.94,17.18,16.76,17.09,3816800,1269.09,664157900,1269.09,1249.18,0.0103361935305652,1.0,0.0,17.089999999999993,16.939999999999994,17.179999999999993,16.759999999999994,0.01592484258269719,0.00710903467910614,0.008815807903591205,0.024750821502172133,0.022583155817105346,-1.0,-0.036863662960795796,2021-05-18 07:00:00
2021-05-13 07:00:00,17.06,17.31,16.94,17.03,4119800,1261.99,680368500,1273.49,1261.99,-0.0056102680458635,1.0,0.0,17.029999999999998,17.059999999999995,17.309999999999995,16.939999999999998,-0.0035170024529022972,-0.001756955063966362,-0.0017600473889360546,0.021606679964209462,0.02153354419091011,-1.0,-0.03347034644744595,2021-05-18 07:00:00
2021-05-14 07:00:00,17.03,17.61,16.94,17.37,6557900,1266.36,679016500,1271.45,1259.97,0.0034568033315044,1.0,0.0,17.369999999999994,17.029999999999994,17.609999999999992,16.939999999999994,0.019768085578416368,-2.2204460492503136e-16,0.019768085578416587,0.03878923328420639,0.021247681385013237,-1.0,-0.021301093839954044,2021-05-17 07:00:00
2021-05-17 07:00:00,17.37,17.55,16.88,17.0,3421000,1258.7,705839600,1277.83,1258.5,-0.0060672011735398,1.0,0.0,16.999999999999993,17.369999999999994,17.549999999999994,16.879999999999992,-0.021531236196797587,0.0,-0.021531236196797587,0.03892446074406398,0.021497198227200157,-1.0,-0.03176470588235292,2021-05-18 07:00:00
2021-05-18 07:00:00,16.94,17.0,16.39,16.46,4099800,1252.68,661244600,1262.22,1249.02,-0.0047941860892519,1.0,0.0,16.459999999999994,16.939999999999994,16.999999999999993,16.389999999999993,-0.032280148807292304,-0.003535654832307644,-0.028744493974984665,0.03654195130047776,0.022703213948396965,1.0,0.038274605103280734,2021-05-21 07:00:00
2021-05-19 07:00:00,16.15,16.36,15.97,16.09,5388000,1262.49,650916500,1262.71,1250.58,0.0078007051178585,1.0,0.0,16.089999999999993,16.14999999999999,16.359999999999992,15.969999999999994,-0.022735234244631974,-0.019013145580258323,-0.0037220886643735927,0.024127368947679872,0.02242676399856034,1.0,0.04164077066500971,2021-05-20 07:00:00
2021-05-20 07:00:00,16.06,16.82,15.91,16.76,4162400,1278.22,706187900,1278.22,1255.78,0.0123825237713009,1.0,0.0,16.759999999999998,16.059999999999995,16.819999999999997,15.909999999999997,0.04079713404964551,-0.0018662524856760381,0.042663386535321535,0.05562081219510656,0.02533057902786654,1.0,0.09069212410501182,2021-05-24 07:00:00
2021-05-21 07:00:00,16.88,17.31,16.7,17.09,5507700,1283.93,654126800,1289.03,1268.46,0.00445720153247,1.0,0.0,17.089999999999993,16.879999999999992,17.30999999999999,16.699999999999992,0.019498402073562262,0.0071343941138736705,0.012364007959688441,0.03587564976540843,0.024816543232767264,1.0,0.06963136337039244,2021-05-24 07:00:00
2021-05-24 07:00:00,17.09,18.28,17.09,18.28,13356900,1297.98,670713100,1299.83,1287.36,0.0108835231949955,1.0,0.0,18.279999999999998,17.089999999999996,18.279999999999998,17.089999999999996,0.0673140688985048,2.2204460492503128e-16,0.0673140688985046,0.0673140688985046,0.03079604914902192,1.0,0.04485776805251662,2021-05-28 07:00:00
2021-05-25 07:00:00,18.4,18.58,17.94,17.94,6398800,1308.58,639370500,1308.58,1297.23,0.0081333699849176,1.0,0.0,17.939999999999998,18.399999999999995,18.579999999999995,17.939999999999998,-0.01877470939535383,0.006543098588935887,-0.025317807984289783,0.0350528767550423,0.030374225336904814,1.0,0.04905239687848373,2021-05-27 07:00:00
2021-05-26 07:00:00,17.82,18.52,17.73,18.34,8263200,1316.7,676236800,1317.3,1304.68,0.0061860265525475,1.0,0.0,18.339999999999996,17.819999999999997,18.519999999999996,17.729999999999997,0.022051610197668645,-0.006711434587986916,0.028763044785655625,0.043593109131916705,0.029325927249961168,1.0,0.041439476553980725,2021-05-28 07:00:00
2021-05-27 07:00:00,18.34,19.43,18.34,18.82,8583300,1303.57,685085600,1319.67,1299.99,-0.0100219518579305,1.0,0.0,18.819999999999997,18.339999999999996,19.429999999999996,18.339999999999996,0.02583566732891489,0.0,0.02583566732891489,0.05773379656102984,0.028468725294039838,1.0,0.029224229543039604,2021-05-31 07:00:00
2021-05-28 07:00:00,19.25,19.37,18.91,19.1,5309000,1320.46,722285600,1323.09,1300.06,0.0128735062177923,1.0,0.0,19.1,19.25,19.37,18.91,0.014768200895350959,0.022590926576559815,-0.007822725681208932,0.024034594748538484,0.027139846908669253,1.0,0.03298429319371721,2021-06-01 07:00:00
2021-05-31 07:00:00,18.94,19.43,18.49,19.37,7717600,1328.05,700319900,1328.05,1307.56,0.0057315402078629,1.0,0.0,19.37,18.94,19.43,18.49,0.014037142366320384,-0.008412247294651967,0.022449389660972315,0.04958821799031527,0.02585422505511034,0.0,-0.012390294269488789,2021-06-07 07:00:00
2021-06-01 07:00:00,19.49,20.34,19.49,19.73,5572300,1337.78,600477200,1346.34,1328.84,0.0072998227247585,1.0,0.0,19.73,19.49,20.34,19.49,0.01841484261561936,0.006176036100564823,0.012238806515054561,0.04268787710094456,0.024729766228748413,-1.0,-0.027369488089204252,2021-06-02 07:00:00
2021-06-02 07:00:00,19.55,19.86,19.01,19.19,7367900,1340.78,755624100,1344.98,1330.82,0.0022400104940055,1.0,0.0,19.19,19.55,19.86,19.01,-0.02775101001491543,-0.009165033603149237,-0.018585976411766174,0.043742502116688585,0.026204297156768037,1.0,0.03335070349140179,2021-06-04 07:00:00
2021-06-03 07:00:00,19.43,19.67,19.13,19.52,7911900,1364.28,856882400,1366.0,1345.21,0.0173752827802289,1.0,0.0,19.520000000000003,19.430000000000003,19.670000000000005,19.130000000000003,0.01705027096533788,0.01242895336974021,0.004621317595597692,0.027836848948806395,0.02511055561906166,-1.0,-0.05122950819672145,2021-06-08 07:00:00
2021-06-04 07:00:00,19.55,20.04,19.55,19.83,7540200,1374.05,887731100,1374.05,1360.42,0.0071357662930676,1.0,0.0,19.830000000000002,19.550000000000004,20.040000000000003,19.550000000000004,0.01575636154675804,0.001535705446428386,0.014220656100329724,0.024754989785289193,0.024001727354843117,-1.0,-0.03530005042864348,2021-06-07 07:00:00
2021-06-07 07:00:00,19.95,19.98,18.46,19.13,7216200,1358.78,840122900,1375.74,1347.21,-0.0111753449135687,1.0,0.0,19.130000000000003,19.950000000000003,19.980000000000004,18.460000000000004,-0.03593815907954311,0.006033200804167913,-0.04197135988371091,0.07912554414570125,0.026486813252018238,-1.0,-0.03188708834291709,2021-06-08 07:00:00
2021-06-08 07:00:00,19.52,20.01,18.45,18.52,7883400,1319.88,874573200,1364.48,1318.11,-0.0290464149514886,1.0,0.0,18.52,19.52,20.01,18.45,-0.032406554234128394,0.020181797532784665,-0.052588351766913136,0.08116777810910598,0.027525306176151176,-1.0,-0.05345572354211636,2021-06-10 07:00:00
2021-06-09 07:00:00,18.17,18.49,17.39,18.35,6433300,1332.9,769829300,1339.14,1312.08,0.0098161962529468,1.0,0.0,18.350000000000005,18.170000000000005,18.490000000000002,17.390000000000004,-0.009221654717453794,-0.01907934680995314,0.009857692092499532,0.06133471703284167,0.026358594974772633,-1.0,-0.04468664850136239,2021-06-10 07:00:00
2021-06-10 07:00:00,18.1,18.24,17.39,17.53,7400000,1323.58,674214800,1336.71,1317.49,-0.0070168329819055,1.0,0.0,17.530000000000005,18.100000000000005,18.240000000000002,17.390000000000004,-0.04571587556743614,-0.013717636228799195,-0.03199823933863693,0.04772165627999346,0.028594204255277395,1.0,0.03251568739304078,2021-06-14 07:00:00
2021-06-11 07:00:00,17.53,18.1,17.39,17.88,5915700,1351.74,705032900,1352.47,1322.08,0.0210524647890394,1.0,0.0,17.880000000000003,17.530000000000005,18.100000000000005,17.390000000000004,0.019769070812224888,0.0,0.019769070812224888,0.040016609905588495,0.02815670255169754,1.0,0.039709172259507985,2021-06-15 07:00:00
2021-06-14 07:00:00,17.96,18.38,17.74,18.1,4313300,1361.72,715610800,1368.53,1352.73,0.0073559551285118,1.0,0.0,18.10000000000001,17.960000000000008,18.380000000000006,17.740000000000006,0.012229168526412383,0.004464293128685749,0.007764875397726602,0.03544114004610766,0.0271283005075215,1.0,0.03149171270718232,2021-06-16 07:00:00
2021-06-15 07:00:00,18.1,18.74,17.85,18.59,5490100,1367.36,706567000,1372.72,1356.59,0.0041332669100418,1.0,0.0,18.590000000000007,18.10000000000001,18.740000000000006,17.85000000000001,0.02671186346157251,0.0,0.02671186346157251,0.04865676858462788,0.027096688865407444,1.0,0.0328133405056481,2021-06-18 07:00:00
2021-06-16 07:00:00,18.74,19.27,18.59,18.67,7697300,1356.52,740320300,1370.14,1350.73,-0.0079592766393399,1.0,0.0,18.67000000000001,18.740000000000006,19.270000000000007,18.590000000000007,0.00429415582027864,0.008036475076923422,-0.0037423192566447424,0.0359256806929224,0.02578442581185408,1.0,0.0283877878950185,2021-06-18 07:00:00
2021-06-17 07:00:00,18.1,18.88,18.1,18.67,4574800,1359.92,712336800,1365.55,1337.49,0.0025032776541942,1.0,0.0,18.67000000000001,18.10000000000001,18.880000000000006,18.10000000000001,0.0,-0.03100601928185121,0.03100601928185118,0.04219122244557444,0.024534044847624895,1.0,0.0283877878950185,2021-06-18 07:00:00
2021-06-18 07:00:00,18.74,19.52,18.45,19.2,10892800,1377.77,750587000,1377.77,1363.52,0.0130403756091701,1.0,0.0,19.200000000000006,18.740000000000006,19.520000000000007,18.450000000000006,0.02799232148010438,0.0037423192566447467,0.024250002223459702,0.05637521049841026,0.02462395828879419,-1.0,-0.050000000000000266,2021-06-23 07:00:00
2021-06-21 07:00:00,19.16,19.41,18.98,19.09,5415900,1372.63,731280000,1381.74,1367.85,-0.0037376425129457,1.0,0.0,19.090000000000007,19.160000000000007,19.410000000000007,18.980000000000008,-0.005745641296079625,-0.0020855064910213707,-0.0036601348050582104,0.022402603999137138,0.023619982118595832,-1.0,-0.04452592980618153,2021-06-23 07:00:00
2021-06-22 07:00:00,19.23,19.3,18.81,18.95,3702100,1379.97,694747200,1385.98,1375.0,0.0053331522177784,1.0,0.0,18.950000000000003,19.230000000000004,19.300000000000004,18.810000000000002,-0.007360706209221081,0.007306921863031862,-0.014667628072253018,0.02571645259790092,0.022700528239933994,-1.0,-0.037467018469657054,2021-06-23 07:00:00
2021-06-23 07:00:00,18.88,18.91,18.2,18.24,7469200,1376.87,644736300,1388.33,1372.06,-0.0022489526462146,1.0,0.0,18.240000000000002,18.880000000000003,18.910000000000004,18.200000000000003,-0.038186946882250085,-0.0037007708110807325,-0.03448617607116932,0.03826928858761654,0.024811481539401596,1.0,0.0274122807017545,2021-06-28 07:00:00
2021-06-24 07:00:00,18.17,18.38,17.88,18.03,4146700,1379.72,538103500,1384.71,1372.99,0.0020677728755275,1.0,0.0,18.030000000000005,18.170000000000005,18.380000000000003,17.880000000000003,-0.01157994743095931,-0.0038451022381052885,-0.007734845192853946,0.027580347182172886,0.02379600672275932,1.0,0.03937881308929558,2021-06-28 07:00:00
2021-06-25 07:00:00,18.03,18.28,17.78,18.17,3732300,1390.12,518602200,1390.12,1372.8,0.0075094943198584,1.0,0.0,18.170000000000005,18.030000000000005,18.280000000000005,17.780000000000005,0.007734845192853907,0.0,0.007734845192853907,0.027733335940245473,0.022840739286796488,1.0,0.031370390753990174,2021-06-28 07:00:00
2021-06-28 07:00:00,18.13,18.81,18.03,18.74,6787100,1405.81,654617700,1406.02,1390.56,0.0112235747702116,1.0,0.0,18.740000000000006,18.130000000000006,18.810000000000006,18.03000000000001,0.03088839440219639,-0.00220385764132006,0.03309225204351632,0.042351606097712866,0.023810839786170473,-1.0,-0.028815368196371316,2021-06-30 07:00:00
2021-06-29 07:00:00,18.81,18.81,18.45,18.52,2988800,1410.04,609604200,1416.34,1406.87,0.0030044236602535,1.0,0.0,18.520000000000007,18.810000000000006,18.810000000000006,18.450000000000006,-0.011809047592242695,0.0037283665026628604,-0.015537414094905689,0.019324272826402842,0.02300670756001543,-1.0,-0.04589632829373613,2021-07-05 07:00:00
2021-06-30 07:00:00,18.52,18.52,18.2,18.2,2660800,1408.55,532318900,1419.61,1408.18,-0.0010572663202488,1.0,0.0,18.200000000000006,18.520000000000007,18.520000000000007,18.200000000000006,-0.017429635135283648,0.0,-0.017429635135283648,0.017429635135283596,0.022528453297914506,-1.0,-0.029120879120878795,2021-07-05 07:00:00
2021-07-01 07:00:00,18.2,18.45,18.03,18.42,3660900,1417.08,699282500,1417.27,1402.18,0.0060376099572857,1.0,0.0,18.420000000000012,18.20000000000001,18.45000000000001,18.030000000000012,0.012015436744411516,2.2204460492503128e-16,0.012015436744411297,0.02302733327131027,0.021803860676973968,-1.0,-0.04071661237785018,2021-07-05 07:00:00
2021-07-02 07:00:00,18.52,18.52,18.1,18.1,4055600,1420.27,653610300,1424.28,1415.82,0.0022485779647068,1.0,0.0,18.100000000000012,18.52000000000001,18.52000000000001,18.100000000000012,-0.01752509255538073,0.00541419839087232,-0.022939290946253115,0.022939290946253226,0.02139466303845215,-1.0,-0.02375690607734804,2021-07-05 07:00:00
2021-07-05 07:00:00,18.1,18.13,17.6,17.67,4773800,1411.13,743573700,1421.52,1394.12,-0.0064561925182517,1.0,0.0,17.670000000000012,18.100000000000012,18.13000000000001,17.600000000000012,-0.024043651940175007,0.0,-0.024043651940175007,0.029669122722653516,0.021430088900504938,-1.0,-0.06791171477079827,2021-07-06 07:00:00
2021-07-06 07:00:00,17.74,17.74,16.47,16.47,5408200,1354.79,773512600,1418.99,1354.79,-0.0407443410945412,1.0,0.0,16.470000000000006,17.740000000000006,17.740000000000006,16.470000000000006,-0.07032774214205641,0.003953690549828108,-0.07428143269188442,0.07428143269188439,0.028568446015390003,-1.0,-0.030358227079538502,2021-07-07 07:00:00
2021-07-07 07:00:00,16.25,16.47,15.51,15.97,5843200,1388.55,733801300,1388.55,1334.58,0.0246135764282255,1.0,0.0,15.970000000000006,16.250000000000007,16.470000000000006,15.510000000000007,-0.030828581962627836,-0.01344763541380234,-0.01738094654882547,0.06005556700110134,0.027875427363563753,1.0,0.031308703819661776,2021-07-08 07:00:00
2021-07-08 07:00:00,16.32,17.03,16.22,16.47,4320900,1374.68,528832600,1385.75,1363.92,-0.0100390604385795,1.0,0.0,16.470000000000006,16.320000000000007,17.03000000000001,16.220000000000006,0.0308285819626278,0.021679387309039955,0.009149194653587862,0.04873144598733018,0.029507022278979857,0.0,-0.01092896174863367,2021-07-15 07:00:00
2021-07-09 07:00:00,16.54,16.68,15.61,16.68,3355000,1347.14,713991100,1373.51,1335.9,-0.0202371500635835,1.0,0.0,16.68000000000001,16.54000000000001,16.68000000000001,15.61000000000001,0.012669852741051904,0.004241145405996428,0.008428707335055529,0.06629866240326004,0.028753207034391676,-1.0,-0.029976019184652425,2021-07-12 07:00:00
2021-07-12 07:00:00,16.39,16.39,15.54,16.18,5701400,1296.3,912737200,1340.65,1270.06,-0.0384697740731696,1.0,0.0,16.180000000000007,16.390000000000008,16.390000000000008,15.540000000000006,-0.03043448530025522,-0.0175390041748625,-0.012895481125392677,0.05325404781623701,0.02831530278636161,1.0,0.03708281829419069,2021-07-16 07:00:00
2021-07-13 07:00:00,15.97,16.22,15.61,16.18,2159900,1297.54,500178900,1307.73,1278.3,0.0009561114752351,1.0,0.0,16.180000000000007,15.970000000000008,16.220000000000006,15.610000000000007,0.0,-0.013063949403424514,0.013063949403424431,0.03833331415992621,0.027052064230708585,1.0,0.03708281829419069,2021-07-16 07:00:00
2021-07-14 07:00:00,16.11,16.68,15.76,16.15,3196900,1279.91,547973900,1305.37,1264.68,-0.0136804011396092,1.0,0.0,16.150000000000006,16.110000000000007,16.680000000000007,15.760000000000007,-0.0018558619616801562,-0.004335714441462677,0.0024798524797825334,0.05673531250086754,0.02578991997738027,1.0,0.03900928792569691,2021-07-16 07:00:00
2021-07-15 07:00:00,15.86,16.54,15.86,16.29,1987800,1293.92,419138600,1299.18,1270.77,0.0108866074058888,1.0,0.0,16.29000000000001,15.86000000000001,16.54000000000001,15.86000000000001,0.008631372945288358,-0.018119833461963313,0.026751206407251822,0.04198147338884321,0.02498222758633976,1.0,0.030079803560466578,2021-07-16 07:00:00
2021-07-16 07:00:00,16.29,16.89,16.25,16.78,4053500,1299.31,415120500,1304.37,1296.06,0.0041569839634965,1.0,0.0,16.780000000000012,16.29000000000001,16.89000000000001,16.25000000000001,0.02963627842510639,0.0,0.02963627842510639,0.03862882204396218,0.02602069210815298,-1.0,-0.06972586412395732,2021-07-19 07:00:00
2021-07-19 07:00:00,16.08,16.68,15.61,15.61,5933700,1243.51,675617000,1276.55,1237.79,-0.0438953282824338,1.0,0.0,15.610000000000007,16.080000000000005,16.680000000000007,15.610000000000007,-0.07227596651171966,-0.04261143728824012,-0.029664529223479577,0.06629866240326004,0.0325241997823653,1.0,0.0685458039718132,2021-07-22 07:00:00
2021-07-20 07:00:00,15.68,15.97,14.98,15.83,3168200,1273.29,538794200,1273.29,1225.52,0.0236660759112421,1.0,0.0,15.830000000000009,15.68000000000001,15.970000000000011,14.980000000000011,0.013995139365580157,0.004474280394921327,0.009520858970658816,0.06399598413784756,0.03169492627962938,1.0,0.05369551484523072,2021-07-22 07:00:00
2021-07-21 07:00:00,15.83,16.08,15.61,15.61,2280800,1270.79,395114300,1284.33,1266.71,-0.0019653476342775,1.0,0.0,15.61000000000001,15.83000000000001,16.08000000000001,15.61000000000001,-0.01399513936557996,2.2204460492503128e-16,-0.013995139365580073,0.029664529223479424,0.030227677372042436,1.0,0.06854580397181298,2021-07-22 07:00:00
2021-07-22 07:00:00,15.58,16.68,15.44,16.68,7460500,1293.67,493258000,1294.16,1266.54,0.0178443860474389,1.0,0.0,16.68000000000001,15.58000000000001,16.68000000000001,15.44000000000001,0.06629866240326004,-0.0019236940847384802,0.06822235648799842,0.07724885233397065,0.03632305908476861,1.0,0.04856115107913661,2021-07-26 07:00:00
2021-07-23 07:00:00,16.82,17.39,16.64,16.68,7180600,1268.83,550861800,1295.63,1268.83,-0.0193879243635204,1.0,0.0,16.68000000000001,16.82000000000001,17.39000000000001,16.64000000000001,0.0,0.008358257614201245,-0.008358257614201359,0.04408589297312916,0.03455031278351791,1.0,0.04856115107913661,2021-07-26 07:00:00
2021-07-26 07:00:00,16.54,17.74,16.47,17.49,6889400,1272.71,461081000,1277.33,1254.57,0.0030532692889033,1.0,0.0,17.49000000000001,16.54000000000001,17.74000000000001,16.47000000000001,0.047418892099909925,-0.008428707335055503,0.055847599434965464,0.07428143269188439,0.035874414110628,1.0,0.03887935963407663,2021-07-30 07:00:00
2021-07-27 07:00:00,17.74,17.78,17.03,17.39,6942500,1276.93,519931600,1288.35,1276.53,0.0033102742767865,1.0,0.0,17.39000000000001,17.74000000000001,17.780000000000012,17.030000000000012,-0.005733960664318916,0.014192687850922647,-0.01992664851524163,0.043097735411161554,0.03425435775949539,1.0,0.04485336400230011,2021-07-30 07:00:00
2021-07-28 07:00:00,17.32,18.1,17.25,17.71,7046200,1277.07,361912000,1281.17,1271.78,0.0001096319499921,1.0,0.0,17.710000000000008,17.320000000000007,18.10000000000001,17.250000000000007,0.018234123428550415,-0.00403342523190274,0.02226754866045301,0.04809979479441138,0.03289314930161522,1.0,0.03613777526821016,2021-08-03 07:00:00
2021-07-29 07:00:00,17.78,17.88,17.53,17.85,5504400,1293.6,445516100,1293.6,1282.88,0.0128606377577572,1.0,0.0,17.85000000000001,17.78000000000001,17.880000000000006,17.53000000000001,0.007874056430905866,0.003944778291016325,0.003929278139889557,0.019769070812224888,0.03130238171407969,1.0,0.08123249299719881,2021-08-04 07:00:00
2021-07-30 07:00:00,17.88,18.56,17.81,18.17,8428600,1310.05,618748500,1311.97,1296.95,0.0126362751428542,1.0,0.0,18.17000000000001,17.880000000000006,18.560000000000006,17.810000000000006,0.01776837418243167,0.0016792615197197722,0.016089112662711975,0.041248630056484256,0.03002230329298668,1.0,0.06219042377545403,2021-08-04 07:00:00
2021-08-02 07:00:00,17.92,18.52,17.88,17.96,5303900,1314.22,586763000,1322.35,1304.49,0.0031780293260254,1.0,0.0,17.960000000000008,17.92000000000001,18.520000000000007,17.880000000000006,-0.011624819534026321,-0.01385447486129538,0.0022296553272690683,0.03516845947266534,0.02905734318083557,1.0,0.07461024498886415,2021-08-04 07:00:00
2021-08-03 07:00:00,17.99,18.42,17.85,18.35,7361000,1332.44,617967000,1332.44,1315.57,0.0137685141518366,1.0,0.0,18.35000000000001,17.990000000000006,18.42000000000001,17.85000000000001,0.021482511626525792,0.0016689850883881618,0.019813526538137692,0.03143352260151281,0.028107950723278548,1.0,0.05177111716621252,2021-08-04 07:00:00
2021-08-04 07:00:00,18.7,19.52,18.67,19.3,19655200,1334.74,626287700,1340.76,1328.4,0.001724668428909,1.0,0.0,19.300000000000008,18.700000000000006,19.520000000000007,18.67000000000001,0.05047552141026058,0.018893949359961613,0.03158157205029905,0.044521623431315105,0.0298871052491489,1.0,0.06839378238341953,2021-08-06 07:00:00
2021-08-05 07:00:00,19.3,19.98,19.2,19.69,10349700,1345.55,590429600,1346.62,1326.8,0.0080663350707148,1.0,0.0,19.69000000000001,19.300000000000008,19.980000000000008,19.200000000000006,0.020005796740194245,0.0,0.020005796740194245,0.039821494186671726,0.02857674620795754,1.0,0.047232097511426874,2021-08-06 07:00:00
2021-08-06 07:00:00,19.73,21.04,19.45,20.62,17865900,1341.45,682081800,1351.85,1341.45,-0.0030517329229373,1.0,0.0,20.620000000000005,19.730000000000004,21.040000000000003,19.450000000000003,0.04615058593777946,0.0020294273834896024,0.04412115855428989,0.07857831780505371,0.029141543626148875,1.0,0.06013579049466533,2021-08-09 07:00:00
2021-08-09 07:00:00,20.79,21.93,20.76,21.86,14605800,1359.86,636278900,1361.12,1334.69,0.0136306347945207,1.0,0.0,21.860000000000003,20.790000000000003,21.930000000000003,20.760000000000005,0.058397004159578596,0.008210623281107525,0.05018638087847092,0.054827504132108844,0.03069887079271141,1.0,0.05672461116193972,2021-08-12 07:00:00
2021-08-10 07:00:00,22.14,22.32,21.11,21.5,22463500,1362.43,677981600,1370.35,1358.12,0.0018881168159901,1.0,0.0,21.500000000000004,22.140000000000004,22.320000000000004,21.110000000000003,-0.0166055476147754,0.01272744453209846,-0.029332992146873713,0.05573627565288108,0.03108246029611699,1.0,0.07441860465116279,2021-08-12 07:00:00
2021-08-11 07:00:00,21.5,21.89,21.08,21.72,15671800,1357.79,770571200,1374.03,1357.79,-0.003411492085297,1.0,0.0,21.720000000000002,21.500000000000004,21.890000000000004,21.080000000000002,0.010180559932117523,0.0,0.010180559932117523,0.037705187861610125,0.02960696580942699,1.0,0.06353591160221006,2021-08-12 07:00:00
2021-08-12 07:00:00,22.0,23.21,22.0,23.1,18911600,1353.05,716513500,1365.01,1353.05,-0.0034970745825379,1.0,0.0,23.100000000000005,22.000000000000004,23.210000000000004,22.000000000000004,0.061599122462013274,0.012808958292581241,0.04879016416943205,0.05354076692802976,0.031478933898234876,1.0,0.04458874458874473,2021-08-13 07:00:00
2021-08-13 07:00:00,22.71,24.56,21.93,24.13,15929400,1357.05,718718300,1357.41,1336.74,0.0029519227368846,1.0,0.0,24.130000000000006,22.710000000000004,24.560000000000006,21.930000000000003,0.043623262109192644,-0.017027261410280818,0.06065052351947337,0.11326354084914497,0.030822315701930912,-1.0,-0.054289266473269704,2021-08-17 07:00:00
2021-08-16 07:00:00,24.84,24.84,24.06,24.06,13009500,1370.96,798944800,1372.33,1361.75,0.0101979982127334,1.0,0.0,24.060000000000002,24.840000000000007,24.840000000000007,24.060000000000006,-0.002905169090407723,0.028999377428337737,-0.031904546518745344,0.03190454651874528,0.03023669366504537,-1.0,-0.05153782211138802,2021-08-17 07:00:00
2021-08-17 07:00:00,23.74,23.81,22.82,22.82,17656000,1363.09,732378200,1379.7,1359.11,-0.0057570430216194,1.0,0.0,22.820000000000007,23.740000000000002,23.810000000000002,22.820000000000004,-0.052913366112603055,-0.013389321365010863,-0.039524044747592184,0.04246831606484178,0.03606120402308571,1.0,0.057405784399649384,2021-08-18 07:00:00
2021-08-18 07:00:00,22.71,24.41,22.64,24.13,12154000,1360.94,641678400,1370.5,1355.83,-0.0015785438827381,1.0,0.0,24.130000000000006,22.710000000000004,24.410000000000007,22.640000000000004,0.05581853520301074,-0.0048319883164626605,0.06065052351947337,0.07527463106988662,0.03670490154168909,-1.0,-0.04392871943638621,2021-08-20 07:00:00
2021-08-19 07:00:00,24.49,25.05,24.49,24.7,7994000,1374.85,653254900,1374.85,1352.94,0.0101689967924984,1.0,0.0,24.700000000000003,24.490000000000006,25.050000000000008,24.490000000000006,0.023347363996991107,0.014808991327135992,0.008538372669855044,0.02260895656679747,0.03497294239850007,-1.0,-0.06599190283400791,2021-08-20 07:00:00
2021-08-20 07:00:00,24.38,24.77,22.99,23.07,22874200,1329.43,1132838900,1369.39,1317.52,-0.0335943553164887,1.0,0.0,23.070000000000007,24.380000000000006,24.770000000000007,22.990000000000002,-0.06827017144826901,-0.013040119580805922,-0.05523005186746305,0.0745739047261783,0.04206491096540089,-1.0,-0.0585175552665802,2021-08-24 07:00:00
2021-08-23 07:00:00,22.89,23.78,22.43,23.03,13341300,1298.86,768105500,1327.04,1298.86,-0.0232633222735131,1.0,0.0,23.030000000000005,22.890000000000004,23.780000000000005,22.430000000000003,-0.0017353583530685876,-0.00783293822118706,0.006097579868118538,0.05844554273051891,0.0401439247615639,-1.0,-0.05688232739904486,2021-08-24 07:00:00
2021-08-24 07:00:00,23.42,23.56,21.65,21.72,13581300,1298.74,648543100,1307.56,1289.16,-9.23929781992953e-05,1.0,0.0,21.720000000000002,23.420000000000005,23.560000000000002,21.650000000000002,-0.058564218766859286,0.016792644336977445,-0.07535686310383674,0.08454490433488708,0.04313325601723265,1.0,0.06860036832412542,2021-08-25 07:00:00
2021-08-25 07:00:00,21.86,23.21,21.72,23.21,9676500,1309.55,481772400,1310.16,1291.7,0.0082890030587088,1.0,0.0,23.210000000000004,21.860000000000003,23.210000000000004,21.720000000000002,0.06634972522061115,0.006424987682657741,0.05992473753795313,0.06634972522061115,0.045413453335733336,1.0,0.06721240844463594,2021-08-31 07:00:00
2021-08-26 07:00:00,23.63,23.78,22.71,23.1,8716500,1301.12,497853400,1316.26,1295.77,-0.0064581347313152,1.0,0.0,23.100000000000005,23.630000000000003,23.780000000000005,22.710000000000004,-0.004750602758597753,0.017933870912470784,-0.022684473671068465,0.046039535145168724,0.043363389973051725,1.0,0.0722943722943723,2021-08-31 07:00:00
2021-08-27 07:00:00,22.71,24.49,22.64,23.92,17419500,1313.2,658578200,1313.2,1285.16,0.0092414746275105,1.0,0.0,23.920000000000005,22.710000000000004,24.490000000000006,22.640000000000004,0.034882311554683104,-0.017027261410280818,0.051909572964964006,0.07854661762909432,0.042113652323677156,1.0,0.05769230769230771,2021-09-01 07:00:00
2021-08-30 07:00:00,23.99,24.41,23.63,23.92,11127900,1328.14,641161300,1329.62,1318.76,0.011312560539213,1.0,0.0,23.920000000000005,23.990000000000002,24.410000000000007,23.630000000000003,0.0,0.0029221477691721886,-0.002922147769172051,0.032475793206052324,0.04015682307680593,1.0,0.05769230769230771,2021-09-01 07:00:00
2021-08-31 07:00:00,23.99,25.27,23.78,24.77,18841000,1331.47,712344100,1336.14,1325.69,0.0025041278534121,1.0,0.0,24.770000000000003,23.990000000000002,25.270000000000007,23.780000000000005,0.034918314418837096,0.0029221477691721886,0.03199616664966503,0.060773030137467106,0.039019376736445566,-1.0,-0.046023415421881375,2021-09-07 07:00:00
2021-09-01 07:00:00,24.7,25.55,24.56,25.3,8905000,1334.65,679730000,1338.02,1328.26,0.0023854901564814,1.0,0.0,25.300000000000004,24.700000000000006,25.550000000000008,24.560000000000006,0.021171152232206315,-0.0028299998673365556,0.024001152099543045,0.03951821337077169,0.03724163685750384,-1.0,-0.06600790513833998,2021-09-07 07:00:00
2021-09-06 07:00:00,25.51,25.73,24.73,24.77,12458200,1346.39,889375400,1348.36,1339.8,0.0087578514591604,1.0,0.0,24.770000000000003,25.51000000000001,25.730000000000008,24.730000000000008,-0.02117115223220635,0.00826613642024565,-0.029437288652452105,0.039640544760327925,0.03680123183393242,-1.0,-0.046023415421881375,2021-09-07 07:00:00
2021-09-07 07:00:00,24.49,24.63,23.42,23.63,18877300,1341.9,849578800,1353.66,1340.32,-0.0033404165287926,1.0,0.0,23.630000000000003,24.490000000000006,24.630000000000006,23.420000000000005,-0.04711615230245179,-0.011368372537191663,-0.035747779765259995,0.050374853962875304,0.03884408186505596,-1.0,-0.04655099449851863,2021-09-14 07:00:00
2021-09-08 07:00:00,23.46,24.17,23.46,23.85,6705600,1333.61,596039700,1344.49,1328.35,-0.0061969691981416,1.0,0.0,23.85000000000001,23.460000000000004,24.17000000000001,23.460000000000004,0.009267126135533956,-0.00722024797348702,0.016487374109021045,0.02981535149006233,0.03698935088668443,-1.0,-0.05534591194968552,2021-09-14 07:00:00
2021-09-09 07:00:00,24.13,24.34,23.78,24.2,4133100,1343.98,593520900,1345.59,1332.67,0.0077458101112209,1.0,0.0,24.200000000000006,24.130000000000006,24.340000000000007,23.780000000000005,0.014568415828290413,0.011671662302589992,0.0028967535257004135,0.023276196296745377,0.035327021745623376,-1.0,-0.0454545454545453,2021-09-13 07:00:00
2021-09-10 07:00:00,24.34,24.34,23.85,23.92,6236900,1345.31,559050700,1350.43,1345.07,0.0009891087301349,1.0,0.0,23.92000000000001,24.340000000000007,24.340000000000007,23.850000000000005,-0.011637704080209598,0.005768454396740448,-0.01740615847695007,0.02033687022503096,0.033975340607453955,-1.0,-0.03428093645484953,2021-09-13 07:00:00
2021-09-13 07:00:00,23.95,24.13,22.96,23.1,13771600,1341.43,744228400,1350.69,1340.5,-0.0028882606409716,1.0,0.0,23.10000000000001,23.950000000000003,24.130000000000006,22.960000000000004,-0.03488231155468317,0.0012533947744931152,-0.03613570632917609,0.049702308185574695,0.03431587182514664,1.0,0.046320346320346095,2021-09-17 07:00:00
2021-09-14 07:00:00,22.92,23.39,22.07,22.53,11020500,1339.7,692214900,1349.13,1336.84,-0.0012905008262143,1.0,0.0,22.53000000000001,22.920000000000005,23.390000000000004,22.070000000000004,-0.024984863083594742,-0.007822725681209156,-0.01716213740238564,0.058089360327442725,0.033482737537407874,1.0,0.04260985352862834,2021-09-16 07:00:00
2021-09-15 07:00:00,22.5,23.42,22.36,22.99,4802900,1345.83,645625800,1347.7,1334.97,0.0045652147966091,1.0,0.0,22.990000000000002,22.500000000000004,23.420000000000005,22.360000000000003,0.020211584330936904,-0.0013324452337788231,0.02154402956471563,0.046316709882672905,0.03257916960971285,1.0,0.05132666376685524,2021-09-17 07:00:00
2021-09-16 07:00:00,23.31,23.56,23.03,23.49,5163400,1345.87,570520600,1353.12,1341.23,2.972099416933294e-05,1.0,0.0,23.490000000000006,23.310000000000002,23.560000000000002,23.030000000000005,0.021515459895731493,0.013823114272575597,0.007692345623155865,0.022752644950792066,0.03168414546916975,-1.0,-0.033205619412515874,2021-09-20 07:00:00
2021-09-17 07:00:00,23.85,24.34,23.63,24.17,9864000,1352.64,813151300,1356.45,1347.13,0.0050175943047065,1.0,0.0,24.170000000000005,23.850000000000005,24.340000000000007,23.630000000000003,0.02853739604457012,0.015209418663528708,0.013327977381041344,0.029603996360564832,0.031203743175196797,-1.0,-0.060405461315680475,2021-09-20 07:00:00
2021-09-20 07:00:00,23.74,24.06,22.71,22.71,11818300,1350.48,852479800,1365.92,1349.18,-0.0015981535852918,1.0,0.0,22.710000000000008,23.740000000000002,24.060000000000006,22.710000000000004,-0.062306838597924415,-0.017950805533869806,-0.044356033064054605,0.05774535442906569,0.03581422368388469,-1.0,-0.08102157639806251,2021-09-27 07:00:00
2021-09-21 07:00:00,22.07,23.28,21.72,22.78,11863300,1339.84,816979400,1350.48,1324.82,-0.0079098809623548,1.0,0.0,22.780000000000005,22.070000000000004,23.280000000000005,21.720000000000002,0.0030776019015689047,-0.028586135848822206,0.03166373775039113,0.06936112779750253,0.0341017203281816,-1.0,-0.0838454784899032,2021-09-27 07:00:00
2021-09-22 07:00:00,22.92,23.21,22.57,22.85,4831000,1350.68,727734800,1350.71,1336.63,0.0080579654892732,1.0,0.0,22.850000000000005,22.920000000000005,23.210000000000004,22.570000000000004,0.0030681593211776266,0.006126933827502738,-0.0030587745063251357,0.02796162945690145,0.03246768854083419,-1.0,-0.08665207877461689,2021-09-27 07:00:00
2021-09-23 07:00:00,23.07,23.53,22.57,22.57,5532200,1352.76,961252500,1361.09,1350.43,0.0015387805243884,1.0,0.0,22.570000000000004,23.070000000000004,23.530000000000005,22.570000000000004,-0.012329526510769441,0.009581954845448536,-0.021911481356218013,0.04165461190982673,0.031065682920417212,-1.0,-0.07532122286220622,2021-09-27 07:00:00
2021-09-24 07:00:00,22.57,22.82,22.43,22.43,4210900,1351.17,627564000,1356.97,1348.07,-0.0011760660840071,1.0,0.0,22.430000000000007,22.570000000000004,22.820000000000004,22.430000000000003,-0.0062222422973272585,0.0,-0.0062222422973272585,0.017237995901812745,0.029573914648780827,-1.0,-0.0695497102095407,2021-09-27 07:00:00
2021-09-27 07:00:00,22.39,22.64,20.87,20.87,10003500,1324.99,720860100,1354.38,1324.99,-0.0195659715384018,1.0,0.0,20.870000000000008,22.39000000000001,22.64000000000001,20.87000000000001,-0.07208662744300748,-0.0017849179214532488,-0.07030170952155414,0.08140553224587269,0.03506048948270952,1.0,0.05414470531863924,2021-09-28 07:00:00
2021-09-28 07:00:00,20.58,22.0,20.44,22.0,8840600,1339.31,584057900,1341.81,1316.41,0.0107496437301934,1.0,0.0,22.00000000000001,20.58000000000001,22.00000000000001,20.440000000000012,0.05272973226920652,-0.013992990683205758,0.06672272295241241,0.073548688022812,0.038213409351968174,0.0,0.0031818181818179525,2021-10-05 07:00:00
2021-09-29 07:00:00,21.86,22.5,21.58,22.0,6735500,1339.21,559164300,1340.9,1328.17,-7.466810032881046e-05,1.0,0.0,22.00000000000001,21.86000000000001,22.50000000000001,21.58000000000001,0.0,-0.006383970609923337,0.006383970609923313,0.041748349380385893,0.03636195278744453,1.0,0.07272727272727275,2021-10-06 07:00:00
2021-09-30 07:00:00,22.21,22.71,21.97,22.0,3555400,1342.06,438294600,1348.89,1341.15,0.0021258590692679,1.0,0.0,22.00000000000001,22.21000000000001,22.71000000000001,21.97000000000001,0.0,0.0095001845480202,-0.009500184548020202,0.033127469720948224,0.03459894527814667,1.0,0.07272727272727275,2021-10-06 07:00:00
2021-10-01 07:00:00,21.75,22.14,21.65,21.65,4461300,1334.89,601963900,1344.06,1332.97,-0.0053568554853787,1.0,0.0,21.65000000000001,21.75000000000001,22.14000000000001,21.65000000000001,-0.016036998909817076,-0.011428695823622744,-0.00460830308619433,0.02238047283199198,0.033153727334950873,1.0,0.0900692840646653,2021-10-06 07:00:00
2021-10-04 07:00:00,21.65,22.29,20.94,21.33,6076600,1339.54,700605800,1347.49,1334.4,0.0034773799917854,1.0,0.0,21.330000000000005,21.65000000000001,22.29000000000001,20.940000000000012,-0.01489092196523978,0.0,-0.01489092196523978,0.062476941955386465,0.0317060319656585,1.0,0.034692920768870206,2021-10-05 07:00:00
2021-10-05 07:00:00,21.65,22.29,21.29,22.07,4583300,1354.63,576701100,1354.63,1343.48,0.0112020828671877,1.0,0.0,22.070000000000007,21.650000000000002,22.290000000000003,21.290000000000003,0.0341046877853859,0.014890921965239595,0.019213765820146347,0.04590066849238928,0.0323791444141144,1.0,0.06932487539646592,2021-10-06 07:00:00
2021-10-06 07:00:00,22.64,23.6,22.36,23.6,12520700,1362.82,594012900,1362.82,1354.63,0.0060277280521093,1.0,0.0,23.600000000000012,22.64000000000001,23.600000000000012,22.36000000000001,0.06702749176291947,0.025499033066337287,0.041528458696582275,0.053973063744666004,0.037040489765268345,1.0,0.0466101694915253,2021-10-12 07:00:00
2021-10-07 07:00:00,23.78,24.2,23.6,23.6,6183600,1365.99,658670400,1367.64,1360.57,0.0023233581128549,1.0,0.0,23.600000000000012,23.780000000000012,24.20000000000001,23.600000000000012,0.0,0.007598179231071323,-0.007598179231071367,0.02510592113107626,0.0352674432060201,1.0,0.0466101694915253,2021-10-12 07:00:00
2021-10-08 07:00:00,23.99,24.49,23.7,23.85,7017700,1372.73,603842600,1373.18,1365.93,0.0049220172979157,1.0,0.0,23.850000000000012,23.99000000000001,24.49000000000001,23.70000000000001,0.01053750530278592,0.016390364820038753,-0.00585285951725287,0.032789822822990755,0.0335918632093297,1.0,0.03563941299790341,2021-10-12 07:00:00
2021-10-11 07:00:00,24.13,24.41,23.78,23.85,7767400,1394.09,721458300,1394.64,1377.3,0.0154404148890978,1.0,0.0,23.850000000000012,24.13000000000001,24.41000000000001,23.780000000000012,0.0,0.011671662302589992,-0.011671662302590067,0.026147993142232914,0.031991595518892656,1.0,0.03563941299790341,2021-10-12 07:00:00
2021-10-12 07:00:00,24.02,24.98,23.81,24.7,11015900,1394.8,707870000,1400.78,1389.43,0.0005091631547596,1.0,0.0,24.70000000000001,24.02000000000001,24.98000000000001,23.81000000000001,0.03501902629958114,0.0071025993174871835,0.0279164269820941,0.047969844198660336,0.03176484256141801,1.0,0.07449392712550607,2021-10-14 07:00:00
2021-10-13 07:00:00,24.98,25.34,24.77,25.12,7369900,1391.91,608348500,1400.67,1389.61,-0.0020741311697805,1.0,0.0,25.120000000000015,24.980000000000018,25.340000000000018,24.770000000000017,0.01686109796606655,0.011272261063500343,0.005588836902566195,0.022750931391724783,0.030341551902468383,1.0,0.056528662420382014,2021-10-14 07:00:00
2021-10-14 07:00:00,25.41,26.61,25.34,26.54,13356200,1391.85,690243000,1398.67,1388.89,-4.310716441757583e-05,1.0,0.0,26.54000000000001,25.41000000000001,26.61000000000001,25.34000000000001,0.05498868730406338,0.011478455732074582,0.043510231571988696,0.04890291009660477,0.03207415161944909,1.0,0.06706857573474001,2021-10-21 07:00:00
2021-10-15 07:00:00,26.76,27.11,26.05,26.54,9412500,1392.7,743666800,1399.03,1388.0,0.0006105115917483,1.0,0.0,26.54000000000001,26.760000000000012,27.11000000000001,26.05000000000001,0.0,0.008255206355966344,-0.00825520635596635,0.03988489531119821,0.03075688045674159,1.0,0.06706857573474001,2021-10-21 07:00:00
2021-10-18 07:00:00,26.65,27.25,26.65,27.08,8939900,1395.53,764032400,1402.63,1390.88,0.0020299623573445,1.0,0.0,27.08000000000001,26.65000000000001,27.25000000000001,26.65000000000001,0.020142419140012743,0.004136121707792032,0.016006297432220578,0.022264370497399506,0.029365478130729185,1.0,0.04579025110782853,2021-10-21 07:00:00
2021-10-19 07:00:00,27.0,27.08,26.47,26.51,8316400,1395.33,605953600,1399.66,1388.95,-0.0001433249968413,1.0,0.0,26.510000000000012,27.00000000000001,27.08000000000001,26.47000000000001,-0.021273427743139933,-0.002958582039745154,-0.01831484570339489,0.02278343180506429,0.029728451512152476,1.0,0.06827612221803081,2021-10-21 07:00:00
2021-10-20 07:00:00,26.44,27.89,26.44,27.22,9870500,1393.8,804215000,1401.76,1376.15,-0.001097116415131,1.0,0.0,27.22000000000001,26.440000000000012,27.89000000000001,26.440000000000012,0.02642997692238565,-0.0026440053174485952,0.029073982239834324,0.05339018665591193,0.02874412330815259,1.0,0.040411462160176326,2021-10-21 07:00:00
2021-10-21 07:00:00,27.61,28.39,27.36,28.32,7651500,1384.77,681412600,1398.45,1384.77,-0.0064997691552448,1.0,0.0,28.320000000000007,27.610000000000007,28.390000000000008,27.360000000000007,0.03961627160219899,0.014226028718742957,0.025390242883455927,0.03695487773053007,0.02867342988457746,1.0,0.06744350282485878,2021-10-22 07:00:00
2021-10-22 07:00:00,28.74,30.27,28.42,30.23,10895300,1389.24,746799700,1393.7,1384.77,0.0032227741564639,1.0,0.0,30.230000000000008,28.740000000000006,30.270000000000007,28.42000000000001,0.06526653996584769,0.014721611825359708,0.050544928140487916,0.06306400036467269,0.03139093947211886,-1.0,-0.0327489249090307,2021-10-25 07:00:00
2021-10-25 07:00:00,30.52,31.12,29.24,29.24,9600700,1385.4,868073700,1395.72,1385.4,-0.0027679284171326,1.0,0.0,29.24000000000001,30.520000000000014,31.120000000000015,29.240000000000013,-0.03329717390978886,0.009547397624889847,-0.042844571534678605,0.062313064428613056,0.03369915283466489,1.0,0.05095759233926134,2021-10-26 07:00:00
2021-10-26 07:00:00,29.24,30.84,28.67,30.73,12336200,1391.63,703571700,1393.03,1377.56,0.0044868153758558,1.0,0.0,30.73000000000001,29.240000000000013,30.840000000000014,28.670000000000016,0.04970174126081558,2.2204460492503128e-16,0.04970174126081537,0.0729612687998501,0.03384443549265154,1.0,0.06703547022453615,2021-10-27 07:00:00
2021-10-27 07:00:00,31.48,32.86,31.23,32.79,8079900,1423.02,800311500,1423.02,1395.83,0.0223056518404974,1.0,0.0,32.790000000000006,31.480000000000008,32.86000000000001,31.230000000000008,0.06488421471416347,0.024113047406809026,0.04077116730735429,0.05087694131413482,0.035266113228940986,1.0,0.06068923452272035,2021-10-28 07:00:00
2021-10-28 07:00:00,33.36,34.78,33.21,34.78,6773800,1438.01,826726500,1440.64,1420.42,0.0104788395548749,1.0,0.0,34.78000000000001,33.36000000000001,34.78000000000001,33.21000000000001,0.05891891806958009,0.01723398663398902,0.041684931435590926,0.04619147353748182,0.03537509344204253,1.0,0.03852788959171938,2021-10-29 07:00:00
2021-10-29 07:00:00,35.41,36.76,35.13,36.12,10850400,1444.27,946189100,1447.62,1432.19,0.0043437902237612,1.0,0.0,36.12000000000001,35.41000000000001,36.76000000000001,35.13000000000002,0.0378042196226477,0.01795175719767545,0.019852462424972322,0.045354831209750424,0.03386262175248416,1.0,0.06893687707641205,2021-11-01 07:00:00
2021-11-01 07:00:00,36.12,38.61,35.34,38.61,11113000,1438.97,1092936400,1451.81,1435.57,-0.003676423724425,1.0,0.0,38.610000000000014,36.12000000000001,38.610000000000014,35.34000000000002,0.0666645817273604,0.0,0.0666645817273604,0.08849584338459458,0.034418962692521565,1.0,0.06993006993007,2021-11-02 07:00:00
2021-11-02 07:00:00,40.45,41.31,40.45,41.31,4217600,1452.46,972155400,1452.46,1438.83,0.0093310907614654,1.0,0.0,41.31000000000002,40.450000000000024,41.310000000000024,40.450000000000024,0.06759329113252825,0.046555333228355956,0.02103795790417224,0.021037957904172455,0.03462010356739408,-1.0,-0.06874848704914072,2021-11-03 07:00:00
2021-11-03 07:00:00,44.14,44.14,38.47,38.47,22938300,1444.3,1455441700,1463.63,1444.3,-0.0056338955134137,1.0,0.0,38.47000000000001,44.14000000000002,44.14000000000002,38.47000000000001,-0.0712258846444695,0.06626179941991717,-0.13748768406438674,0.13748768406438683,0.045655772582988856,1.0,0.06992461658435145,2021-11-09 07:00:00
2021-11-04 07:00:00,38.32,40.81,36.41,39.82,15810500,1448.34,890357900,1451.98,1435.84,0.0027932979056126,1.0,0.0,39.820000000000014,38.320000000000014,40.810000000000024,36.41000000000001,0.03449058187184643,-0.003906763661543929,0.03839734553339035,0.11408368723037253,0.04354701947311138,1.0,0.1049723756906078,2021-11-10 07:00:00
2021-11-05 07:00:00,41.16,41.73,39.39,39.46,6322900,1456.51,844497200,1459.49,1444.51,0.0056250901373022,1.0,0.0,39.46000000000001,41.160000000000004,41.730000000000004,39.39000000000001,-0.009081798041581135,0.033097612329798354,-0.0421794103713794,0.057708317620646564,0.04265962205798855,1.0,0.04308160162189556,2021-11-09 07:00:00
2021-11-08 07:00:00,39.46,40.45,38.75,39.46,7357400,1467.57,1006323900,1470.49,1456.51,0.0075648085849562,1.0,0.0,39.46000000000001,39.46000000000001,40.45000000000001,38.75000000000001,0.0,0.0,0.0,0.04293588770514476,0.041094117838183626,1.0,0.04308160162189556,2021-11-09 07:00:00
2021-11-09 07:00:00,39.11,41.52,38.82,41.16,8542000,1461.5,1003649300,1474.2,1457.57,-0.0041446661836916,1.0,0.0,41.16000000000001,39.110000000000014,41.520000000000024,38.820000000000014,0.04217941037137954,-0.008909311827046372,0.05108872219842594,0.06723966111676918,0.03967976460457311,1.0,0.06899902818270176,2021-11-10 07:00:00
2021-11-10 07:00:00,42.58,44.0,41.87,44.0,6260900,1465.02,955160600,1470.19,1457.98,0.002405588683814,1.0,0.0,44.000000000000014,42.580000000000005,44.00000000000001,41.870000000000005,0.06672272295241241,0.03391774849948439,0.03280497445292785,0.049620053887209234,0.04010737866318215,1.0,0.06931818181818183,2021-11-11 07:00:00
2021-11-11 07:00:00,45.99,47.05,44.36,47.05,8510700,1462.35,1206136500,1472.89,1449.18,-0.0018241634917246,1.0,0.0,47.05000000000001,45.99000000000001,47.050000000000004,44.36000000000001,0.0670212321131275,0.04423434763357123,0.0227868844795563,0.05887270354922234,0.040103548236116456,1.0,0.06950053134962819,2021-11-12 07:00:00
2021-11-12 07:00:00,47.62,50.32,47.2,50.32,6613800,1473.37,909366000,1474.57,1453.22,0.0075075632283987,1.0,0.0,50.32000000000002,47.62000000000002,50.32000000000002,47.200000000000024,0.06719174636079657,0.01204197502732826,0.0551497713334683,0.06400871980067535,0.03976723001319708,-1.0,-0.04093799682034982,2021-11-15 07:00:00
2021-11-15 07:00:00,50.96,53.58,46.84,48.26,12342900,1476.57,1146225600,1481.96,1466.01,0.0021695365025526,1.0,0.0,48.26000000000002,50.96000000000002,53.58000000000002,46.840000000000025,-0.041799552195299475,0.012638398871722849,-0.05443795106702222,0.134438325386946,0.04409234985847435,1.0,0.057397430584334996,2021-11-18 07:00:00
2021-11-16 07:00:00,46.98,49.54,46.34,47.55,9677300,1466.45,1157402400,1476.97,1459.08,-0.0068773164215743,1.0,0.0,47.55000000000002,46.98000000000002,49.54000000000002,46.340000000000025,-0.014821271205486406,-0.026881080966118964,0.012059809760632532,0.06677490505698316,0.04372742179116832,1.0,0.07318611987381729,2021-11-18 07:00:00
2021-11-17 07:00:00,47.27,48.26,46.84,47.69,5045600,1475.85,828629100,1477.04,1464.78,0.0063895809271168,1.0,0.0,47.69000000000002,47.270000000000024,48.26000000000002,46.840000000000025,0.0029399433187337807,-0.005905944186254215,0.00884588750498782,0.029865521467368986,0.042001913177271887,1.0,0.07003564688613984,2021-11-18 07:00:00
2021-11-18 07:00:00,48.97,51.03,48.33,51.03,5074000,1469.83,1052200900,1482.87,1469.83,-0.0040873471531497,1.0,0.0,51.03000000000003,48.970000000000034,51.03000000000004,48.330000000000034,0.06769196276574728,0.02648613340409329,0.04120582936165404,0.05436120921888743,0.04240431792112041,-1.0,-0.09465020576131677,2021-11-22 07:00:00
2021-11-19 07:00:00,53.94,53.94,47.69,49.68,8220000,1452.35,1488280938,1481.53,1436.81,-0.011963813657157,1.0,0.0,49.68000000000003,53.94000000000003,53.94000000000003,47.690000000000026,-0.026811257450656815,0.0554586226357038,-0.0822698800863606,0.12315058540145092,0.04324730757994996,-1.0,-0.07004830917874383,2021-11-22 07:00:00
2021-11-22 07:00:00,49.68,50.67,46.2,46.2,10200200,1447.25,1209419000,1466.46,1442.85,-0.0035177302104633,1.0,0.0,46.20000000000003,49.680000000000035,50.67000000000004,46.20000000000003,-0.07262263953753001,2.2204460492503128e-16,-0.07262263953753013,0.09235422140012528,0.04971310962925461,-1.0,-0.06298701298701304,2021-11-23 07:00:00
2021-11-23 07:00:00,43.01,45.99,43.01,43.29,13201500,1463.63,839875300,1463.63,1438.41,0.0112544473795312,1.0,0.0,43.29000000000003,43.010000000000026,45.99000000000003,43.010000000000026,-0.06505813663380403,-0.07154715129204832,0.0064890146582443796,0.06699133475618761,0.05257356032859923,1.0,0.10672210672210669,2021-11-25 07:00:00
2021-11-24 07:00:00,44.78,45.78,43.29,44.78,4730800,1488.87,1073235900,1491.05,1467.29,0.0170977916164987,1.0,0.0,44.78000000000004,44.780000000000044,45.780000000000044,43.290000000000035,0.03383994971671986,0.03383994971671986,-1.1102230246251565e-16,0.05592565307053153,0.05081016095321207,1.0,0.06989727556945047,2021-11-25 07:00:00
2021-11-25 07:00:00,45.49,47.91,45.49,47.91,2718000,1500.81,953098400,1505.36,1490.32,0.0079875193876242,1.0,0.0,47.91000000000003,45.49000000000003,47.910000000000025,45.49000000000003,0.06756263972442182,0.01573091041130377,0.05183172931311797,0.05183172931311797,0.05167713020550635,0.0,0.011688582759340482,2021-12-02 07:00:00
2021-11-26 07:00:00,51.24,51.24,48.26,49.61,8802900,1493.03,971244600,1511.68,1488.83,-0.0051973502345238,1.0,0.0,49.61000000000004,51.240000000000045,51.240000000000045,48.26000000000004,0.034868175417926896,0.06719622613350296,-0.03232805071557595,0.05991741683164784,0.04961015718116262,-1.0,-0.06430155210643018,2021-12-01 07:00:00
2021-11-29 07:00:00,48.97,50.96,48.33,49.75,4815600,1484.84,983072000,1488.93,1467.35,-0.0055005897840017,1.0,0.0,49.750000000000036,48.970000000000034,50.960000000000036,48.330000000000034,0.002818037291644189,-0.012984560598731626,0.015802597890375802,0.052988525406915135,0.047324632133369744,-1.0,-0.06693467336683412,2021-12-01 07:00:00
2021-11-30 07:00:00,49.89,51.1,47.34,48.62,9366600,1478.44,956469900,1503.09,1471.57,-0.0043195445257808,1.0,0.0,48.62000000000003,49.890000000000036,51.10000000000004,47.34000000000003,-0.022975494716624474,0.0028101182683441636,-0.02578561298496872,0.07642889312382084,0.04634195776395845,-1.0,-0.05121349238996298,2021-12-03 07:00:00
2021-12-01 07:00:00,48.19,48.19,46.27,46.42,6227400,1485.19,837551800,1487.68,1471.3,0.0045552323818769,1.0,0.0,46.42000000000004,48.19000000000003,48.19000000000003,46.27000000000003,-0.04630456804168615,-0.008883438235735884,-0.03742112980595031,0.040657727733333204,0.04724050409192462,0.0,0.04416199913830243,2021-12-08 07:00:00
2021-12-02 07:00:00,47.55,49.33,46.63,48.47,4803100,1482.05,745629400,1493.84,1482.05,-0.0021164457017933,1.0,0.0,48.470000000000034,47.550000000000026,49.330000000000034,46.63000000000003,0.04321464901099362,0.024051388145108127,0.019163260865885583,0.056288304425417456,0.04640522595628117,-1.0,-0.04827728491850636,2021-12-03 07:00:00
2021-12-03 07:00:00,49.18,50.67,46.13,46.13,5574400,1443.32,925225200,1491.2,1443.32,-0.0264802490680773,1.0,0.0,46.13000000000003,49.180000000000035,50.67000000000004,46.13000000000003,-0.04948155228755553,0.014541986930761997,-0.06402353921831734,0.09387052191808926,0.04745744190984489,1.0,0.05072620854107979,2021-12-08 07:00:00
2021-12-06 07:00:00,47.13,47.83,43.86,45.71,5764800,1413.58,951815100,1452.55,1400.87,-0.0208205217789794,1.0,0.0,45.710000000000036,47.130000000000045,47.83000000000004,43.860000000000035,-0.009146405226076036,0.021446243365910705,-0.030592648591986595,0.08665031470246337,0.04528623313099201,1.0,0.055786479982498305,2021-12-07 07:00:00
2021-12-07 07:00:00,46.63,48.62,44.71,48.26,4209800,1446.77,691695900,1446.77,1421.6,0.0232079918153823,1.0,0.0,48.26000000000003,46.63000000000003,48.62000000000003,44.71000000000003,0.05428596785323263,0.019927018476576373,0.03435894937665618,0.08383777864208801,0.045890833168616994,1.0,0.07646083713220064,2021-12-13 07:00:00
2021-12-08 07:00:00,48.47,50.74,47.27,48.47,6444100,1452.87,732009400,1460.28,1446.77,0.0042074250587867,1.0,0.0,48.47000000000004,48.47000000000004,50.740000000000045,47.270000000000046,0.004341989660399043,0.004341989660399043,0.0,0.07083870936599077,0.04365688230781419,1.0,0.07179698782752197,2021-12-13 07:00:00
2021-12-09 07:00:00,48.47,49.61,48.47,49.25,3314100,1467.98,631261500,1467.98,1446.88,0.0103463955977946,1.0,0.0,49.25000000000004,48.47000000000004,49.61000000000004,48.47000000000004,0.01596431776081325,0.0,0.01596431776081325,0.023247376455672965,0.041623377921920786,1.0,0.054822335025380475,2021-12-13 07:00:00
2021-12-10 07:00:00,49.68,50.39,48.4,48.62,4534600,1463.54,780120100,1475.85,1469.68,-0.0030291476060347,1.0,0.0,48.62000000000003,49.680000000000035,50.390000000000036,48.400000000000034,-0.012874398730120733,0.008693070007125195,-0.021567468737246007,0.04029292896992079,0.04006050130317343,1.0,0.06849033319621567,2021-12-13 07:00:00
2021-12-13 07:00:00,48.62,51.95,48.26,51.95,9044700,1476.21,815155200,1481.7,1470.08,0.0086198339654343,1.0,0.0,51.95000000000004,48.62000000000003,51.95000000000004,48.26000000000003,0.06624674865725921,0.0,0.06624674865725921,0.07367865734835079,0.04227175902854392,1.0,0.06429258902791135,2021-12-14 07:00:00
2021-12-14 07:00:00,52.66,55.36,52.66,55.29,5154300,1476.02,914795700,1485.14,1469.21,-0.0001287162587348,1.0,0.0,55.290000000000035,52.66000000000003,55.360000000000035,52.66000000000003,0.06231034280460511,0.013574436522926872,0.04873590628167818,0.05000115724125075,0.043046658834531716,1.0,0.046120455778621894,2021-12-15 07:00:00
2021-12-15 07:00:00,58.2,58.2,56.42,57.84,5651900,1475.5,861484300,1481.67,1468.21,-0.0003523608211227,1.0,0.0,57.840000000000046,58.20000000000004,58.20000000000004,56.42000000000004,0.04508851750066772,0.05129329438755048,-0.006204776886882758,0.03106164916354197,0.04186402377677453,1.0,0.07002074688796678,2021-12-16 07:00:00
2021-12-16 07:00:00,58.48,61.89,57.84,61.89,6229700,1476.61,889612700,1482.32,1468.95,0.0007520045339161,1.0,0.0,61.89000000000005,58.48000000000005,61.89000000000006,57.84000000000005,0.06767803790076088,0.011004237591013778,0.056673800309747106,0.06767803790076088,0.04244517071844216,1.0,0.04346421069639672,2021-12-17 07:00:00
2021-12-17 07:00:00,64.44,66.0,61.75,64.58,8913300,1479.79,1065320100,1487.73,1479.79,0.0021512658817517,1.0,0.0,64.58000000000004,64.44000000000004,66.00000000000004,61.75000000000004,0.042546149578858904,0.04037594255750335,0.0021702070213554968,0.06656076651833885,0.04077736741035453,-1.0,-0.04382161659956629,2021-12-20 07:00:00
2021-12-20 07:00:00,64.58,64.66,60.33,61.75,7237000,1477.33,906869900,1483.85,1468.88,-0.0016637813598869,1.0,0.0,61.75000000000005,64.58000000000006,64.66000000000005,60.330000000000055,-0.04481078982204244,2.2204460492503128e-16,-0.04481078982204267,0.06931327984461652,0.044168624699352566,1.0,0.06882591093117418,2021-12-21 07:00:00
2021-12-21 07:00:00,61.39,66.0,60.33,66.0,6335000,1478.74,866421100,1486.09,1472.43,0.0009539693626551,1.0,0.0,66.00000000000006,61.39000000000006,66.00000000000006,60.330000000000055,0.06656076651833906,-0.005847020068681427,0.07240778658702059,0.08982524957375505,0.04442015659029287,1.0,0.09151515151515155,2021-12-28 07:00:00
2021-12-22 07:00:00,69.55,70.26,67.49,68.35,4751700,1477.67,1031093800,1489.24,1471.84,-0.0007238509183229,1.0,0.0,68.35000000000005,69.55000000000005,70.26000000000006,67.49000000000005,0.03498682114353284,0.052391176343026306,-0.01740435519949343,0.0402232080823659,0.042400205590775716,-1.0,-0.06964155084125812,2021-12-23 07:00:00
2021-12-23 07:00:00,68.42,68.49,63.59,63.59,10207800,1456.96,1213160700,1481.21,1447.14,-0.0141144497366896,1.0,0.0,63.59000000000005,68.42000000000006,68.49000000000005,63.59000000000006,-0.07218533789064203,0.0010236163795001765,-0.07320895427014217,0.07423152393049715,0.049716755560562806,1.0,0.07485453687686738,2021-12-27 07:00:00
2021-12-24 07:00:00,61.89,66.15,61.89,63.87,4147200,1477.03,855008900,1478.8,1456.32,0.0136812416208003,1.0,0.0,63.87000000000005,61.89000000000006,66.15000000000006,61.89000000000006,0.004393542294181284,-0.027097609528046202,0.031491151822227545,0.06656627480969453,0.047400946036311106,1.0,0.07014247690621578,2021-12-27 07:00:00
2021-12-27 07:00:00,64.58,68.35,63.52,68.35,4182600,1488.88,715824500,1490.12,1469.91,0.0079908446684906,1.0,0.0,68.35000000000005,64.58000000000006,68.35000000000005,63.52000000000006,0.0677917955964608,0.011054997756631543,0.056736797839829205,0.07328674623107818,0.047896479484229044,1.0,0.05398683247988312,2021-12-28 07:00:00
2021-12-28 07:00:00,70.76,72.6,68.77,72.04,5198300,1494.39,933584700,1499.77,1483.97,0.0036939373676584,1.0,0.0,72.04000000000006,70.76000000000006,72.60000000000007,68.77000000000005,0.052579957137796916,0.034652306121626134,0.017927651016170852,0.0541973184990058,0.04665210568784886,-1.0,-0.054275402554136876,2021-12-30 07:00:00
2021-12-29 07:00:00,73.1,74.17,67.99,68.84,4962500,1485.82,793769800,1498.91,1485.82,-0.005751288414377,1.0,0.0,68.84000000000005,73.10000000000004,74.17000000000004,67.99000000000004,-0.04543654896441685,0.01460684644797704,-0.06004339541239396,0.08699912021009858,0.04885396502429667,1.0,0.06595002905287606,2022-01-04 07:00:00
2021-12-30 07:00:00,68.84,70.97,67.42,68.13,3465900,1485.97,724365200,1493.38,1484.82,0.0001009492596229,1.0,0.0,68.13000000000004,68.84000000000005,70.97000000000004,67.42000000000004,-0.010367326557762029,0.0,-0.010367326557762029,0.05131554273097686,0.04714058735431551,1.0,0.07705856450902693,2022-01-04 07:00:00
2021-12-31 07:00:00,68.84,69.98,67.42,68.63,3207500,1498.28,846534300,1499.07,1489.71,0.0082500258498044,1.0,0.0,68.63000000000004,68.84000000000005,69.98000000000005,67.42000000000004,0.007312112134966563,0.010367326557762081,-0.0030552144227954576,0.037267777133627236,0.04487767358138411,1.0,0.06921171499344303,2022-01-04 07:00:00
2022-01-04 07:00:00,70.97,73.38,69.62,73.38,3536300,1525.58,839676500,1526.69,1507.19,0.018056882105636,1.0,0.0,73.38000000000004,70.97000000000004,73.38000000000004,69.62000000000005,0.06692166200659262,0.03352749561634836,0.033394166390244284,0.05259953654384305,0.04568672491083409,1.0,0.06963750340692276,2022-01-05 07:00:00
2022-01-05 07:00:00,78.49,78.49,75.23,78.49,5196200,1522.5,987023800,1535.82,1522.5,-0.0020209450200012,1.0,0.0,78.49000000000004,78.49000000000002,78.49000000000002,75.23000000000003,0.06731980921158624,0.06731980921158603,2.2204460492503128e-16,0.042421140566591964,0.04592417277598788,1.0,0.05886100140145234,2022-01-07 07:00:00
2022-01-06 07:00:00,77.5,80.84,76.65,77.71,5140200,1528.57,1087239800,1536.24,1518.18,0.0039789372307561,1.0,0.0,77.71000000000002,77.50000000000003,80.84000000000005,76.65000000000003,-0.009987278917571714,-0.012693291779421176,0.0027060128618493716,0.05322228721759724,0.044778545618328454,1.0,0.0694891262385795,2022-01-07 07:00:00
2022-01-07 07:00:00,78.85,83.11,76.65,83.11,4244200,1528.48,951525400,1534.52,1524.96,-5.8880293109985866e-05,1.0,0.0,83.11000000000004,78.85000000000002,83.11000000000004,76.65000000000003,0.0671810823437843,0.01456336418789651,0.05261771815588774,0.08091542624711198,0.044939598815623816,-1.0,-0.04788834075321846,2022-01-12 07:00:00
2022-01-10 07:00:00,82.26,88.86,79.49,79.49,6048800,1503.71,1210539300,1536.45,1503.71,-0.0163383897528513,1.0,0.0,79.49000000000004,82.26000000000005,88.86000000000004,79.49000000000002,-0.044533803979913765,-0.010280068762656839,-0.034253735217256887,0.11143086992274125,0.04748473972329682,1.0,0.06956849918228714,2022-01-11 07:00:00
2022-01-11 07:00:00,81.62,85.02,79.84,85.02,5806500,1492.31,1157618000,1512.05,1488.4,-0.0076101327884072,1.0,0.0,85.02000000000004,81.62000000000005,85.02000000000004,79.84000000000003,0.06725529534562286,0.026443102392638362,0.040812192952984286,0.06286189092743569,0.047579693131567735,-1.0,-0.06927781698423885,2022-01-12 07:00:00
2022-01-12 07:00:00,84.46,88.71,79.13,79.13,13756100,1510.51,1104610300,1510.51,1464.49,0.0121220871487687,1.0,0.0,79.13000000000005,84.46000000000005,88.71000000000005,79.13000000000005,-0.07179445330954191,-0.006608473424846405,-0.0651859798846955,0.11428055291139341,0.05340003896393192,-1.0,-0.06988499936812853,2022-01-13 07:00:00
2022-01-13 07:00:00,79.49,82.33,73.6,73.6,6175500,1496.05,977115800,1522.6,1495.13,-0.0096190406934107,1.0,0.0,73.60000000000004,79.49000000000005,82.33000000000006,73.60000000000004,-0.07244704388627157,0.004539157963919273,-0.07698620185019085,0.11209053557550423,0.0569887215567814,-1.0,-0.0684782608695651,2022-01-14 07:00:00
2022-01-14 07:00:00,68.49,75.23,68.49,68.56,12905300,1496.02,734088500,1503.25,1476.68,-2.0053006781900744e-05,1.0,0.0,68.56000000000004,68.49000000000004,75.23000000000006,68.49000000000004,-0.07093575144530608,-0.07195727652501664,0.0010215250797107104,0.09386233836231665,0.05885516884390679,-1.0,-0.06942823803967335,2022-01-17 07:00:00
2022-01-17 07:00:00,70.76,70.9,63.8,63.8,8371300,1452.84,926487900,1503.86,1452.84,-0.0292879869213665,1.0,0.0,63.80000000000004,70.76000000000005,70.90000000000005,63.80000000000004,-0.07195608393878022,0.03158459500206026,-0.10354067894084033,0.10551724318733759,0.059808561416224086,-1.0,-0.06896551724137934,2022-01-18 07:00:00
2022-01-18 07:00:00,59.4,59.4,59.4,59.4,700800,1438.94,691087800,1452.14,1424.65,-0.0096135301115276,1.0,0.0,59.400000000000034,59.40000000000004,59.40000000000004,59.40000000000004,-0.07145896398214498,-0.07145896398214487,-1.1102230246251565e-16,0.0,0.05994475904126093,-1.0,-0.06919191919191914,2022-01-19 07:00:00
2022-01-19 07:00:00,55.29,55.29,55.29,55.29,680900,1442.79,557995700,1449.11,1434.46,0.00267200764168,1.0,0.0,55.290000000000035,55.290000000000035,55.290000000000035,55.290000000000035,-0.07170216601875758,-0.07170216601875758,0.0,0.0,0.05954730604610182,1.0,0.06927111593416546,2022-01-20 07:00:00
2022-01-20 07:00:00,51.45,59.12,51.45,59.12,13033500,1465.3,762449400,1469.08,1432.58,0.0154812606061778,1.0,0.0,59.12000000000004,51.45000000000004,59.12000000000004,51.45000000000004,0.06697721629010488,-0.07198159806978285,0.1389588143598877,0.1389588143598877,0.062420822737303455,1.0,0.06968876860622464,2022-01-21 07:00:00
2022-01-21 07:00:00,63.24,63.24,59.12,63.24,8261400,1472.89,784569900,1477.23,1463.06,0.0051664575012927,1.0,0.0,63.24000000000004,63.240000000000045,63.240000000000045,59.12000000000004,0.06736773570132494,0.06736773570132494,-1.1102230246251565e-16,0.06736773570132494,0.06398605014641144,-1.0,-0.06957621758380772,2022-01-24 07:00:00
2022-01-24 07:00:00,64.02,64.58,58.84,58.84,6567200,1439.71,796675500,1467.99,1432.18,-0.02278475274558,1.0,0.0,58.84000000000003,64.02000000000002,64.58000000000003,58.84000000000003,-0.0721151166080345,0.012258522200445616,-0.08437363880848002,0.0930828695968922,0.06419937749507132,-1.0,-0.11216859279401747,2022-01-28 07:00:00
2022-01-25 07:00:00,54.72,61.11,54.72,59.62,7432700,1479.58,706092300,1479.58,1424.36,0.0273165593004471,1.0,0.0,59.62000000000002,54.72000000000002,61.11000000000003,54.72000000000002,0.013169192516688433,-0.0725926224189419,0.08576181493563026,0.11044624559252911,0.06148916565439502,-1.0,-0.12378396511237799,2022-01-28 07:00:00
2022-01-26 07:00:00,59.69,63.73,59.62,60.33,4680400,1481.58,767576600,1490.45,1478.41,0.0013508221805779,1.0,0.0,60.330000000000034,59.69000000000004,63.73000000000004,59.62000000000004,0.011838404202745295,0.0011734139306334432,0.010664990272111739,0.06666432107627741,0.05880681067535531,-1.0,-0.06945135090336485,2022-01-27 07:00:00
2022-01-27 07:00:00,60.33,61.04,56.14,56.14,3013300,1470.76,419526600,1486.39,1464.06,-0.0073298119071844,1.0,0.0,56.14000000000003,60.33000000000003,61.04000000000003,56.14000000000003,-0.07198092151893397,-1.1102230246251565e-16,-0.07198092151893384,0.08368081604246513,0.05930737059664642,-1.0,-0.069469184182401,2022-01-28 07:00:00
2022-01-28 07:00:00,52.24,54.72,52.24,52.24,9074500,1478.96,663924300,1484.48,1465.22,0.0055598640706572,1.0,0.0,52.24000000000004,52.24000000000004,54.720000000000034,52.24000000000004,-0.07200008596556066,-0.07200008596556066,0.0,0.046380788346119306,0.059165784547375276,-1.0,-0.06929555895865258,2022-02-07 07:00:00
2022-02-07 07:00:00,52.87,54.65,48.62,48.62,5271400,1497.66,551698200,1505.69,1493.89,0.012564751979157,1.0,0.0,48.620000000000026,52.87000000000003,54.650000000000034,48.62000000000003,-0.07181351608019854,0.011987585279183078,-0.08380110135938164,0.11691424573457025,0.0585309932281452,-1.0,-0.06869600987248037,2022-02-08 07:00:00
2022-02-08 07:00:00,45.35,46.77,45.28,45.28,6680600,1500.99,697228100,1503.33,1491.78,0.002221000362739,1.0,0.0,45.28000000000003,45.35000000000003,46.77000000000003,45.28000000000003,-0.0711695349930497,-0.06962479232683152,-0.0015447426662180655,0.03237653784286736,0.05749562958596545,1.0,0.06890459363957602,2022-02-09 07:00:00
2022-02-09 07:00:00,42.16,48.4,42.16,48.4,10218600,1505.38,754188100,1511.72,1499.53,0.002920467620579,1.0,0.0,48.400000000000034,42.160000000000025,48.400000000000034,42.160000000000025,0.06663437982765857,-0.07139352966182065,0.1380279094894793,0.1380279094894793,0.061675340940625274,1.0,0.06900826446281005,2022-02-10 07:00:00
2022-02-10 07:00:00,51.74,51.74,50.53,51.74,4090600,1506.79,628938000,1512.88,1495.7,0.0009362022083651,1.0,0.0,51.740000000000045,51.740000000000045,51.740000000000045,50.530000000000044,0.06673136303529718,0.06673136303529718,0.0,0.02366395745406583,0.06409794630728526,1.0,0.08233475067645935,2022-02-15 07:00:00
2022-02-11 07:00:00,50.39,53.16,48.97,48.97,4926000,1501.71,577407200,1508.54,1499.06,-0.0033771014313026,1.0,0.0,48.970000000000034,50.390000000000036,53.16000000000003,48.970000000000034,-0.05502331104365723,-0.02643843406537646,-0.028584876978280698,0.08209836813081847,0.062403651485526984,1.0,0.06963447008372481,2022-02-14 07:00:00
2022-02-14 07:00:00,46.84,52.38,46.84,52.38,6599000,1471.96,751563900,1495.99,1471.96,-0.0200096127771669,1.0,0.0,52.380000000000045,46.840000000000046,52.38000000000005,46.840000000000046,0.0673169733653399,-0.04447032698470911,0.11178730035004916,0.11178730035004916,0.064333871009937,1.0,0.0691103474608632,2022-02-15 07:00:00
2022-02-15 07:00:00,53.09,56.0,52.52,56.0,4811200,1492.75,572156100,1495.56,1470.06,0.0140252104205411,1.0,0.0,56.00000000000006,53.09000000000006,56.000000000000064,52.52000000000006,0.06682685165558365,0.013463747516014523,0.05336310413956909,0.06415764130055376,0.06513000955409172,1.0,0.06964285714285712,2022-02-16 07:00:00
2022-02-16 07:00:00,58.55,59.9,58.2,59.9,3266800,1492.1,617187300,1499.5,1486.68,-0.0004355327807259,1.0,0.0,59.90000000000006,58.55000000000006,59.90000000000006,58.20000000000007,0.06732481438625441,0.044529399308577064,0.02279541507767723,0.028791150384011425,0.06520002602863906,1.0,0.08414023372287138,2022-02-18 07:00:00
2022-02-17 07:00:00,61.89,63.16,59.62,60.82,7571800,1507.99,588111300,1507.99,1492.49,0.0105931145998036,1.0,0.0,60.82000000000007,61.89000000000007,63.16000000000007,59.62000000000006,0.015242177127814994,0.03268211062986661,-0.017439933502051586,0.05768010113751592,0.06207650895530306,1.0,0.06774087471226564,2022-02-18 07:00:00
2022-02-18 07:00:00,60.33,65.01,59.62,64.94,5543100,1504.84,672537800,1507.29,1492.38,-0.0020910580071145,1.0,0.0,64.94000000000007,60.33000000000006,65.01000000000008,59.62000000000006,0.06554508442548125,-0.008089189796548322,0.07363427422202948,0.08655001596645219,0.06161261407267918,0.0,-0.03711117955035392,2022-02-25 07:00:00
2022-02-21 07:00:00,66.71,69.27,65.51,67.42,4792200,1510.84,737693400,1516.63,1500.97,0.0039792072879372,1.0,0.0,67.42000000000009,66.71000000000008,69.27000000000008,65.51000000000009,0.0374779431312149,0.026891100046724174,0.010586843084490748,0.05580910929072857,0.05907909579843332,-1.0,-0.06941560367843369,2022-02-22 07:00:00
2022-02-22 07:00:00,62.74,65.51,62.74,62.74,12212200,1503.47,875383700,1506.38,1484.81,-0.0048900177394596,1.0,0.0,62.74000000000008,62.74000000000009,65.51000000000009,62.74000000000009,-0.07194250704338256,-0.07194250704338245,-1.1102230246251565e-16,0.04320359998125281,0.062002101992041946,0.0,0.04064392731909483,2022-03-01 07:00:00
2022-02-23 07:00:00,63.87,66.71,62.74,66.0,6058000,1512.3,660165300,1520.78,1507.37,0.0058559009691523,1.0,0.0,66.00000000000009,63.87000000000008,66.71000000000008,62.74000000000009,0.050655539263893504,0.017850564810965624,0.03280497445292785,0.0613556639588917,0.06043926279300735,-1.0,-0.07515151515151519,2022-02-28 07:00:00
2022-02-24 07:00:00,65.29,66.71,61.39,62.03,10818300,1494.85,976540200,1513.25,1473.76,-0.0116058034139061,1.0,0.0,62.03000000000008,65.29000000000009,66.71000000000008,61.390000000000086,-0.06203660304139941,-0.010815856827883307,-0.05122074621351609,0.08310791128201878,0.06154728553741208,1.0,0.06867644688054186,2022-03-03 07:00:00
2022-02-25 07:00:00,64.09,65.22,62.53,62.53,4180300,1498.89,736050400,1512.05,1498.89,0.002698966812363,1.0,0.0,62.53000000000008,64.09000000000009,65.22000000000008,62.530000000000086,0.008028302594180338,0.03267020653110936,-0.024641903936929097,0.042119728781966424,0.05855577307898417,1.0,0.060131137054214134,2022-03-03 07:00:00
2022-02-28 07:00:00,61.75,63.16,59.62,61.04,4523200,1490.13,693212400,1502.36,1487.57,-0.0058614696994127,1.0,0.0,61.04000000000008,61.750000000000085,63.16000000000008,59.620000000000076,-0.024117054603005006,-0.01255246607111986,-0.011564588531885071,0.05768010113751592,0.05635478767294097,1.0,0.06962647444298842,2022-03-01 07:00:00
2022-03-01 07:00:00,61.11,65.29,61.04,65.29,7356500,1498.78,796368600,1501.73,1491.48,0.0057880793662209,1.0,0.0,65.29000000000009,61.11000000000008,65.29000000000009,61.04000000000008,0.06730949822234074,0.0011461319306225416,0.06616336629171815,0.06730949822234074,0.05713401039669616,0.0,-0.047786797365599765,2022-03-08 07:00:00
2022-03-02 07:00:00,66.64,67.78,63.87,65.51,4674900,1485.52,914957200,1500.41,1479.55,-0.0088865645296198,1.0,0.0,65.51000000000009,66.64000000000009,67.78000000000009,63.87000000000008,0.003363917545242873,0.02046611266004493,-0.017102195114802127,0.059417398605407463,0.05436255745983998,0.0,-0.04548923828423157,2022-03-09 07:00:00
2022-03-03 07:00:00,66.0,67.07,65.29,66.29,3361900,1505.0,902783400,1505.0,1487.69,0.0130280188906359,1.0,0.0,66.29000000000009,66.00000000000009,67.07000000000008,65.29000000000009,0.011836253509515128,0.007451939282640466,0.0043843142268746365,0.026897964913103544,0.051725743145472666,-1.0,-0.062151154020214316,2022-03-08 07:00:00
2022-03-04 07:00:00,66.71,69.98,65.86,68.27,5264200,1505.33,873323700,1509.19,1501.39,0.0002192450670338,1.0,0.0,68.27000000000008,66.71000000000008,69.9800000000001,65.86000000000008,0.029431375176888472,0.006315810468123753,0.023115564708764958,0.060678209991323936,0.04962666492097984,-1.0,-0.08935110590303197,2022-03-08 07:00:00
2022-03-07 07:00:00,68.77,69.2,66.0,66.78,4292900,1499.05,941752700,1505.32,1493.87,-0.0041805691333165,1.0,0.0,66.78000000000009,68.77000000000008,69.20000000000009,66.00000000000009,-0.02206679691468038,0.007297171901555734,-0.02936396881623612,0.04734612059719842,0.04817893318183622,-1.0,-0.06903264450434266,2022-03-08 07:00:00
2022-03-08 07:00:00,64.02,66.29,62.17,62.17,9470200,1473.71,910692600,1499.05,1473.71,-0.0170485432789158,1.0,0.0,62.17000000000008,64.02000000000008,66.29000000000009,62.17000000000009,-0.07153106623426234,-0.04220809997379152,-0.029322966260470772,0.0641664879720541,0.05155638013515067,0.0,0.04230336175004035,2022-03-15 07:00:00
2022-03-09 07:00:00,63.02,63.16,58.41,62.53,6316400,1473.74,888352600,1482.86,1462.8,2.035657941670496e-05,1.0,0.0,62.53000000000008,63.02000000000009,63.16000000000008,58.410000000000075,0.005773873297960343,0.013579568047882483,-0.007805694749922177,0.07818408133522328,0.049077124558816534,0.0,0.026067487605949458,2022-03-16 07:00:00
2022-03-10 07:00:00,65.15,66.0,64.02,64.58,3015500,1479.08,629092200,1488.59,1476.76,0.0036168854325197,1.0,0.0,64.58000000000008,65.15000000000009,66.00000000000009,64.02000000000008,0.03225832375092257,0.0410458619916476,-0.008787538240725064,0.030459207484708654,0.04767989434779989,0.0,0.006658408175906239,2022-03-17 07:00:00
2022-03-11 07:00:00,63.52,64.58,61.39,62.46,3944800,1466.54,855643700,1480.29,1458.88,-0.0085143879773882,1.0,0.0,62.460000000000086,63.52000000000009,64.58000000000008,61.390000000000086,-0.03337841347519659,-0.016549948391248796,-0.016828465083947818,0.05065780989072398,0.04666441543372696,1.0,0.07941082292667345,2022-03-18 07:00:00
2022-03-14 07:00:00,61.04,65.29,60.33,63.52,5620700,1446.25,815892100,1466.54,1439.19,-0.0139318853644392,1.0,0.0,63.520000000000095,61.04000000000009,65.2900000000001,60.33000000000009,0.016828465083947863,-0.022996964878730815,0.039825429962678786,0.07900939274587186,0.044687999524112634,1.0,0.06139798488665016,2022-03-18 07:00:00
2022-03-15 07:00:00,65.29,65.44,63.87,64.8,3092200,1452.74,641644500,1453.07,1437.27,0.0044774289268207,1.0,0.0,64.8000000000001,65.2900000000001,65.4400000000001,63.8700000000001,0.019950786419348693,0.027484068259662014,-0.007533281840313217,0.024283924720993832,0.04287765169887785,1.0,0.11280864197530871,2022-03-21 07:00:00
2022-03-16 07:00:00,65.86,65.86,64.16,64.16,2939600,1459.33,544662700,1462.98,1453.91,0.0045259978293699,1.0,0.0,64.1600000000001,65.8600000000001,65.8600000000001,64.1600000000001,-0.00992563979996993,0.016225673589989133,-0.026151313389959182,0.026151313389959144,0.040971432906344835,1.0,0.050810473815461554,2022-03-18 07:00:00
2022-03-17 07:00:00,64.58,65.65,64.51,65.01,2982400,1461.34,683175800,1467.74,1459.14,0.0013763967290542,1.0,0.0,65.0100000000001,64.5800000000001,65.6500000000001,64.5100000000001,0.013161140658118525,0.006524801771870206,0.00663633888624838,0.017517350204654825,0.039121265990675405,1.0,0.10921396708198738,2022-03-21 07:00:00
2022-03-18 07:00:00,65.29,69.06,64.94,67.42,8715500,1469.1,745610800,1474.86,1465.57,0.00529614538325,1.0,0.0,67.42000000000012,65.29000000000012,69.06000000000013,64.94000000000011,0.03640060558953736,0.004297780982164938,0.032102824607372356,0.0615119252871465,0.03855599328704137,1.0,0.06956392761791741,2022-03-21 07:00:00
2022-03-21 07:00:00,68.13,72.11,68.06,72.11,5941800,1494.95,727377200,1494.95,1469.1,0.0174427930730616,1.0,0.0,72.11000000000011,68.1300000000001,72.11000000000011,68.0600000000001,0.06725102112275337,0.010475934979661813,0.0567750861430915,0.05780306185590859,0.041040986664458406,1.0,0.045208708916932405,2022-03-23 07:00:00
2022-03-22 07:00:00,74.52,76.72,72.11,72.75,5213100,1503.78,905037000,1507.71,1498.48,0.0058891767651328,1.0,0.0,72.75000000000011,74.52000000000011,76.72000000000011,72.11000000000011,0.008836175122933691,0.03287481480471946,-0.024038639681785694,0.061969699646514574,0.039048724851226305,-1.0,-0.07422680412371152,2022-03-28 07:00:00
2022-03-23 07:00:00,72.75,75.94,71.68,75.37,4624200,1502.34,788727300,1513.9,1501.67,-0.0009580456602811,1.0,0.0,75.37000000000012,72.75000000000011,75.94000000000011,71.68000000000012,0.035380411803776636,0.0,0.035380411803776636,0.05773178613698106,0.03782605883620675,-1.0,-0.039538277829375024,2022-03-25 07:00:00
2022-03-24 07:00:00,76.65,77.5,74.24,74.66,3746100,1498.26,753772900,1505.39,1495.18,-0.0027194577847449,1.0,0.0,74.66000000000011,76.65000000000012,77.50000000000011,74.24000000000011,-0.00946484436894078,0.016840287462444585,-0.026305131831385473,0.04297484788135617,0.03666018078535055,-1.0,-0.09791052772568987,2022-03-28 07:00:00
2022-03-25 07:00:00,74.66,75.58,72.39,72.39,5003100,1498.5,724086800,1503.29,1494.55,0.0001601729871681,1.0,0.0,72.39000000000011,74.66000000000011,75.58000000000011,72.39000000000011,-0.030876305181387655,0.0,-0.030876305181387655,0.04312352961629271,0.03714901275440539,-1.0,-0.06962287608785767,2022-03-28 07:00:00
2022-03-28 07:00:00,69.77,70.9,67.35,67.35,15773100,1483.18,988930700,1496.79,1473.8,-0.0102761763941864,1.0,0.0,67.3500000000001,69.77000000000011,70.90000000000012,67.3500000000001,-0.07216526544867731,-0.03686405035390484,-0.03530121509477243,0.05136753068170906,0.042729183175590095,1.0,0.06963622865627306,2022-03-29 07:00:00
2022-03-29 07:00:00,68.84,72.04,68.49,72.04,4454900,1497.76,687922600,1498.45,1485.22,0.009782227260903,1.0,0.0,72.04000000000009,68.84000000000007,72.04000000000009,68.49000000000007,0.0673186174513822,0.02188206848696535,0.04543654896441685,0.05053377109794187,0.045418635984786036,-1.0,-0.0641310383120488,2022-03-30 07:00:00
2022-03-30 07:00:00,71.68,73.1,67.0,67.42,8157400,1490.51,880911900,1503.89,1483.9,-0.004852315369814,1.0,0.0,67.42000000000009,71.6800000000001,73.1000000000001,67.00000000000009,-0.0662798105018406,-0.005009751641080071,-0.061270058860760514,0.08713574736476686,0.04843300620841256,-1.0,-0.08409967368733318,2022-04-06 07:00:00
2022-03-31 07:00:00,67.71,68.98,64.58,65.65,4177200,1492.15,633286300,1498.41,1488.27,0.0010996896496908,1.0,0.0,65.65000000000009,67.71000000000008,68.98000000000009,64.58000000000008,-0.026604109057109408,0.004292169691639156,-0.03089627874874862,0.06591184217856567,0.04673470326176662,1.0,0.053008377760852765,2022-04-01 07:00:00
2022-04-01 07:00:00,65.65,69.34,64.58,69.13,4855800,1516.44,881661100,1516.87,1484.13,0.0161474496552782,1.0,0.0,69.13000000000008,65.65000000000009,69.3400000000001,64.58000000000008,0.05165118920836821,0.0,0.05165118920836821,0.07111717492674831,0.04740187375993769,-1.0,-0.10675538839866905,2022-04-06 07:00:00
2022-04-04 07:00:00,70.9,70.97,67.42,67.42,4270500,1524.7,734587100,1530.95,1522.82,0.0054321868192717,1.0,0.0,67.42000000000009,70.9000000000001,70.9700000000001,67.42000000000009,-0.0250470801512589,0.025281643580908536,-0.050328723732167346,0.051315542730977076,0.04582953450395117,-1.0,-0.08409967368733318,2022-04-06 07:00:00
2022-04-05 07:00:00,65.37,68.84,65.37,66.36,6003300,1520.03,663110500,1527.57,1519.28,-0.003067597890203,1.0,0.0,66.36000000000008,65.37000000000009,68.84000000000009,65.37000000000009,-0.015847244483670957,-0.030878272181276437,0.01503102769760547,0.05172153371870032,0.0438406634652378,-1.0,-0.0694695599758891,2022-04-06 07:00:00
2022-04-06 07:00:00,65.29,66.0,61.75,61.75,13156200,1522.9,912695000,1523.75,1507.62,0.0018863403699867,1.0,0.0,61.75000000000008,65.29000000000009,66.00000000000009,61.750000000000085,-0.07200048981415719,-0.016255580123701534,-0.055744909690455674,0.06656076651833885,0.04674652737432177,-1.0,-0.10574898785425113,2022-04-12 07:00:00
2022-04-07 07:00:00,60.68,61.75,57.63,58.91,8675400,1502.35,763664700,1524.92,1502.35,-0.0135858630426381,1.0,0.0,58.910000000000075,60.68000000000008,61.750000000000085,57.63000000000008,-0.04708311997449063,-0.01747982102775508,-0.029603298946735596,0.06905071005951166,0.045955316642183844,-1.0,-0.06263792225428633,2022-04-12 07:00:00
2022-04-08 07:00:00,58.98,60.33,58.2,59.33,4901100,1482.0,741103600,1507.73,1482.0,-0.0136380219589748,1.0,0.0,59.33000000000007,58.98000000000006,60.33000000000006,58.20000000000007,0.007104224736955901,0.0011875478535340656,0.0059166768834217455,0.03594413771527811,0.044097455534795424,-1.0,-0.06927355469408392,2022-04-12 07:00:00
2022-04-12 07:00:00,60.26,60.96,55.22,55.22,6089800,1455.25,656188800,1490.58,1455.25,-0.0182148197041873,1.0,0.0,55.22000000000006,60.26000000000006,60.96000000000007,55.22000000000006,-0.07178987376854348,0.015553453431603142,-0.0873433272001467,0.09889270487638258,0.04584292835403634,-1.0,-0.10938065918145568,2022-04-15 07:00:00
2022-04-13 07:00:00,56.07,56.42,51.53,56.42,9730800,1477.2,636344500,1477.2,1448.52,0.0149706968265632,1.0,0.0,56.42000000000007,56.07000000000008,56.42000000000008,51.53000000000007,0.021498499071842054,0.015275703633572993,0.0062227954382688645,0.09065954323371742,0.045060535681761445,-1.0,-0.06292095001772424,2022-04-14 07:00:00
2022-04-14 07:00:00,57.13,57.49,52.66,52.87,6108300,1472.12,498914000,1484.34,1471.75,-0.0034448652731726,1.0,0.0,52.87000000000007,57.13000000000008,57.49000000000008,52.66000000000007,-0.06498763532649142,0.01250566716252114,-0.07749330248901244,0.08775486556703622,0.04567012558608094,-1.0,-0.06979383393228655,2022-04-15 07:00:00
2022-04-15 07:00:00,51.53,52.45,49.18,49.18,9914000,1458.56,639722900,1478.95,1456.39,-0.0092538910879707,1.0,0.0,49.18000000000007,51.53000000000008,52.45000000000008,49.18000000000008,-0.07234903345931214,-0.02567190790722571,-0.04667712555208647,0.0643732980542597,0.04646362217409124,1.0,0.05632370882472548,2022-04-18 07:00:00
2022-04-18 07:00:00,47.69,51.95,46.27,51.95,10012700,1432.6,790646000,1456.47,1425.07,-0.0179586724369139,1.0,0.0,51.950000000000074,47.69000000000006,51.950000000000074,46.27000000000007,0.05479468075718988,-0.030765304477913626,0.08555998523510353,0.11578791462632809,0.049997402680738254,-1.0,-0.05043310875842155,2022-04-20 07:00:00
2022-04-19 07:00:00,52.8,53.58,51.1,51.24,6611100,1406.45,666337000,1442.04,1406.45,-0.0184221761180197,1.0,0.0,51.24000000000007,52.80000000000007,53.58000000000007,51.10000000000007,-0.013761240516702942,0.01622947316697922,-0.029990713683682176,0.0473913669068038,0.047559682064333204,-1.0,-0.10382513661202186,2022-04-21 07:00:00
2022-04-20 07:00:00,50.39,52.02,49.33,49.33,4799400,1384.72,652803300,1410.64,1384.72,-0.0155708459441877,1.0,0.0,49.33000000000007,50.390000000000065,52.020000000000074,49.33000000000006,-0.0379880617828866,-0.01672773433602696,-0.021260327446859677,0.05309584477485869,0.04575257480280245,-1.0,-0.06912629231704848,2022-04-21 07:00:00
2022-04-21 07:00:00,45.92,48.97,45.92,45.92,10454900,1370.21,741348500,1392.33,1356.58,-0.0105339403713347,1.0,0.0,45.920000000000066,45.920000000000066,48.97000000000006,45.920000000000066,-0.07163166323433594,-0.07163166323433594,0.0,0.06430711370291486,0.04647938919974086,-1.0,-0.06489547038327526,2022-04-22 07:00:00
2022-04-22 07:00:00,44.0,47.55,42.73,42.94,8698700,1379.23,799750600,1392.89,1352.43,0.0065613596661935,1.0,0.0,42.94000000000006,44.00000000000007,47.55000000000007,42.73000000000006,-0.067096959560676,-0.042711118093049574,-0.02438584146762638,0.10688053933546576,0.046197276148793605,-1.0,-0.06939916162086612,2022-04-25 07:00:00
2022-04-25 07:00:00,44.0,44.57,39.96,39.96,7833700,1310.92,696873600,1382.13,1298.38,-0.0507961916317462,1.0,0.0,39.960000000000065,44.00000000000007,44.57000000000007,39.960000000000065,-0.07192483867028199,0.024385841467626332,-0.09631068013790837,0.10918203317811156,0.045992682214735285,1.0,0.06931931931931912,2022-04-26 07:00:00
2022-04-26 07:00:00,37.19,42.73,37.19,42.73,10288800,1341.34,673169600,1341.34,1261.4,0.0229399334967846,1.0,0.0,42.73000000000006,37.190000000000055,42.73000000000006,37.190000000000055,0.06702229587558062,-0.07183904584337424,0.13886134171895478,0.13886134171895478,0.05279867929946811,1.0,0.06974022934706303,2022-04-27 07:00:00
2022-04-27 07:00:00,43.29,45.71,39.82,45.71,10375100,1353.77,485406800,1355.92,1314.81,0.0092241787045752,1.0,0.0,45.710000000000065,43.290000000000056,45.710000000000065,39.82000000000005,0.0674158426877195,0.013020411797955572,0.05439543088976389,0.13794779370760285,0.05695501843582727,-1.0,-0.0980091883614087,2022-05-05 07:00:00
2022-04-28 07:00:00,45.78,46.63,43.65,43.86,6421200,1350.99,458334600,1358.07,1344.17,-0.0020556359743117,1.0,0.0,43.86000000000007,45.78000000000007,46.630000000000074,43.65000000000007,-0.04131434935391073,0.0015302221807677583,-0.04284457153467849,0.06604082853461826,0.054828644657721505,-1.0,-0.0599635202918376,2022-05-05 07:00:00
2022-04-29 07:00:00,43.29,46.84,43.29,46.13,7752100,1366.8,532838100,1369.31,1343.24,0.0116345842328326,1.0,0.0,46.13000000000008,43.29000000000008,46.84000000000009,43.29000000000008,0.050460754579987145,-0.01308108153585278,0.06354183611583987,0.07881587727562754,0.05585692248333783,-1.0,-0.06156514199002827,2022-05-04 07:00:00
2022-05-04 07:00:00,45.07,45.99,43.29,43.29,7016700,1348.68,498884800,1366.39,1348.68,-0.0133459049229606,1.0,0.0,43.29000000000007,45.07000000000007,45.99000000000007,43.29000000000006,-0.06354183611584006,-0.023246660867172433,-0.040295175248667714,0.06050232009794336,0.055555975145894165,-1.0,-0.11295911295911298,2022-05-06 07:00:00
2022-05-05 07:00:00,44.29,44.5,40.38,41.23,7119400,1360.68,510234300,1362.18,1331.41,0.0088582384535726,1.0,0.0,41.23000000000007,44.29000000000008,44.50000000000008,40.380000000000074,-0.04875551473508053,0.022837256481217656,-0.07159277121629831,0.09715457628750296,0.05382663610932514,-1.0,-0.06863934028619934,2022-05-06 07:00:00
2022-05-06 07:00:00,39.74,40.81,38.4,38.4,7020300,1329.26,510678900,1350.09,1328.13,-0.0233621783762909,1.0,0.0,38.40000000000006,39.74000000000007,40.81000000000007,38.40000000000007,-0.07110868712512743,-0.036807909595137696,-0.034300777529989813,0.06086968982403313,0.0536393125434987,-1.0,-0.06848958333333333,2022-05-09 07:00:00
2022-05-09 07:00:00,37.26,37.54,35.77,35.77,8771200,1269.62,627609200,1314.52,1265.54,-0.045904753314267,1.0,0.0,35.77000000000006,37.260000000000055,37.540000000000056,35.77000000000006,-0.0709479063227548,-0.030137094420238982,-0.04081081190251586,0.04829747788743614,0.05302036338908558,1.0,0.12496505451495654,2022-05-11 07:00:00
2022-05-10 07:00:00,33.43,37.62,33.29,37.62,14106500,1293.56,600766800,1293.56,1232.57,0.018680464244135,1.0,0.0,37.62000000000006,33.43000000000006,37.62000000000006,33.290000000000056,0.05042627060195798,-0.06765585283891909,0.11808212344087697,0.12227877228595076,0.05564116246924007,1.0,0.06964380648591173,2022-05-11 07:00:00
2022-05-11 07:00:00,39.03,40.24,35.84,40.24,11641300,1301.53,380880400,1305.17,1277.91,0.0061423881701856,1.0,0.0,40.240000000000066,39.030000000000065,40.240000000000066,35.84000000000006,0.06732570191859942,0.03679475731963923,0.030530944598960236,0.11579693768475391,0.059124885795609594,-1.0,-0.0688369781312127,2022-05-12 07:00:00
2022-05-12 07:00:00,40.38,41.09,37.47,37.47,9288300,1238.84,516642600,1291.65,1238.05,-0.0493650376055149,1.0,0.0,37.47000000000006,40.380000000000074,41.090000000000074,37.47000000000006,-0.07132091298588775,0.0034730870932078535,-0.07479400007909565,0.09222417008972246,0.059021883684259965,-1.0,-0.06912196423805705,2022-05-13 07:00:00
2022-05-13 07:00:00,37.26,37.26,34.88,34.88,12420600,1182.77,736096200,1237.8,1180.6,-0.0463163127774672,1.0,0.0,34.88000000000006,37.260000000000055,37.260000000000055,34.88000000000006,-0.07162701376481706,-0.00562024763215382,-0.06600676613266322,0.06600676613266336,0.058458368703144505,1.0,0.12729357798165153,2022-05-18 07:00:00
2022-05-16 07:00:00,36.91,37.05,34.42,34.42,7130300,1171.95,551353400,1215.96,1170.59,-0.0091901170016663,1.0,0.0,34.42000000000006,36.91000000000005,37.050000000000054,34.42000000000006,-0.013275808257385566,0.05656891800112808,-0.06984472625851357,0.07363056095870225,0.05567693700426172,1.0,0.06798373038930827,2022-05-17 07:00:00
2022-05-17 07:00:00,34.42,36.76,34.07,36.76,6108200,1228.37,542868100,1228.37,1156.54,0.0470190591452081,1.0,0.0,36.760000000000055,34.42000000000006,36.760000000000055,34.07000000000005,0.06577250670409268,0.0,0.06577250670409268,0.07599306581461117,0.05915995388788239,1.0,0.06964091403699713,2022-05-18 07:00:00
2022-05-18 07:00:00,37.83,39.32,37.47,39.32,9176500,1240.76,514538800,1249.84,1222.92,0.0100360078203462,1.0,0.0,39.32000000000007,37.83000000000006,39.32000000000007,37.47000000000006,0.06732299779147986,0.028692141157451792,0.038630856634028,0.04819268247336996,0.06130389908667496,1.0,0.06307222787385514,2022-05-20 07:00:00
2022-05-19 07:00:00,37.9,39.89,37.9,39.32,6854900,1241.64,459858400,1246.66,1210.43,0.0007089913284422,1.0,0.0,39.32000000000007,37.90000000000006,39.89000000000007,37.90000000000006,0.0,-0.036782183190585335,0.036782183190585196,0.051174553828934675,0.058337314263090176,1.0,0.06307222787385514,2022-05-20 07:00:00
2022-05-20 07:00:00,39.67,42.02,39.32,41.8,8215900,1240.71,465793600,1252.96,1232.33,-0.0007492900223669,1.0,0.0,41.80000000000006,39.670000000000066,42.02000000000007,39.320000000000064,0.061163044251744444,0.00886193924727283,0.052301105004471715,0.06641240013788859,0.05897942367706395,-1.0,-0.06961722488038258,2022-05-23 07:00:00
2022-05-23 07:00:00,42.02,42.16,38.89,38.89,9667200,1218.81,488979100,1246.58,1207.99,-0.0178088235129995,1.0,0.0,38.890000000000065,42.02000000000007,42.16000000000006,38.890000000000065,-0.0721591913630545,0.005249355886143966,-0.0774085472491984,0.08073475606545073,0.060285621121212024,1.0,0.09668295191565979,2022-05-25 07:00:00
2022-05-24 07:00:00,37.97,41.16,36.55,41.16,8674200,1233.38,479498700,1233.38,1203.28,0.011883395216718,1.0,0.0,41.16000000000007,37.97000000000006,41.16000000000007,36.55000000000006,0.0567297627981929,-0.023940773923944923,0.0806705367221378,0.11878572477006129,0.06036165792533875,0.0,0.041545189504373026,2022-05-31 07:00:00
2022-05-25 07:00:00,41.8,43.65,40.67,42.65,7680300,1268.43,616951500,1268.43,1234.17,0.0280215471431245,1.0,0.0,42.65000000000008,41.80000000000007,43.65000000000008,40.67000000000007,0.03556036297183938,0.015429428564861852,0.020130934406977625,0.07071256236647804,0.05840001608189553,0.0,-0.026494724501758715,2022-06-01 07:00:00
2022-05-26 07:00:00,42.58,43.51,41.59,41.87,5243400,1268.57,514352700,1278.11,1261.55,0.0001103665748065,1.0,0.0,41.87000000000007,42.58000000000008,43.510000000000076,41.590000000000074,-0.018457693906636295,-0.0016426144723546855,-0.016815079434281614,0.04513104297776847,0.05594101712700032,0.0,-0.05588727012180572,2022-06-02 07:00:00
2022-05-27 07:00:00,41.87,44.0,41.52,42.73,6944200,1285.45,578174500,1286.99,1269.29,0.0132185697739065,1.0,0.0,42.73000000000007,41.87000000000006,44.00000000000007,41.52000000000007,0.02033166962488154,-2.2204460492503136e-16,0.020331669624881758,0.05801439506062806,0.05351542723625789,-1.0,-0.07488883688275227,2022-06-02 07:00:00
2022-05-30 07:00:00,43.29,44.5,42.8,43.58,4998500,1293.92,499452600,1296.22,1281.27,0.0065675187694633,1.0,0.0,43.58000000000006,43.29000000000006,44.50000000000007,42.80000000000006,0.019697079860540166,0.013020411797955572,0.006676668062584616,0.03895108658444356,0.051145384865133085,-1.0,-0.09293253786140432,2022-06-02 07:00:00
2022-05-31 07:00:00,43.29,44.5,42.37,42.87,7891700,1292.68,543596100,1297.64,1280.44,-0.0009587876710674,1.0,0.0,42.87000000000006,43.29000000000006,44.50000000000007,42.37000000000006,-0.016426048906588112,-0.006676668062584572,-0.009749380844003503,0.049048624533726846,0.04906584404306817,-1.0,-0.07790996034522968,2022-06-02 07:00:00
2022-06-01 07:00:00,42.58,42.94,40.81,41.52,9351600,1299.52,505619500,1302.25,1286.01,0.0052773828214884,1.0,0.0,41.52000000000007,42.58000000000006,42.94000000000006,40.810000000000066,-0.03199704175225236,-0.006787621144552339,-0.025209420607700036,0.05087664303292057,0.047829617162201146,-1.0,-0.04792870905587687,2022-06-02 07:00:00
2022-06-02 07:00:00,41.52,42.44,39.39,39.53,8799600,1288.62,527933000,1302.66,1283.32,-0.0084230871936747,1.0,0.0,39.53000000000006,41.52000000000006,42.440000000000055,39.39000000000005,-0.049115361549039255,-2.2204460492503136e-16,-0.04911536154903902,0.07457933676296795,0.04778735288256762,-1.0,-0.050341512775107455,2022-06-07 07:00:00
2022-06-03 07:00:00,39.25,41.45,38.68,40.6,6547600,1287.98,393832200,1292.78,1276.37,-0.0004967787108297,1.0,0.0,40.60000000000006,39.25000000000005,41.45000000000006,38.68000000000005,0.026708189299092775,-0.007108433080176952,0.033816622379269724,0.06916521099621059,0.04645864658296819,-1.0,-0.06995073891625614,2022-06-06 07:00:00
2022-06-06 07:00:00,41.09,41.09,37.76,37.76,6583300,1290.01,541562900,1302.14,1281.95,0.0015748706702276,1.0,0.0,37.760000000000055,41.09000000000007,41.09000000000007,37.760000000000055,-0.072517725330387,0.011996716287631725,-0.08451444161801867,0.0845144416180187,0.04901015865948343,-1.0,-0.09030720338983034,2022-06-13 07:00:00
2022-06-07 07:00:00,37.62,37.62,35.34,37.54,8167800,1291.35,625987600,1291.35,1260.92,0.0010382125084169,1.0,0.0,37.540000000000056,37.620000000000054,37.620000000000054,35.34000000000006,-0.005843310118937135,-0.003714517404415573,-0.0021287927145215175,0.06252035698133372,0.04662675248050288,-1.0,-0.08497602557272221,2022-06-13 07:00:00
2022-06-08 07:00:00,37.97,40.17,37.83,39.03,5147800,1307.91,543305900,1316.78,1294.27,0.0127422605382877,1.0,0.0,39.03000000000006,37.970000000000056,40.170000000000066,37.830000000000055,0.03892355003416084,0.011389343085348263,0.027534206948812746,0.06001800972625316,0.0465997670695475,-1.0,-0.05431719190366391,2022-06-10 07:00:00
2022-06-09 07:00:00,39.18,40.1,38.68,38.68,3018900,1307.8,436340700,1312.44,1300.85,-8.410718318539525e-05,1.0,0.0,38.68000000000006,39.180000000000064,40.100000000000065,38.68000000000006,-0.009007910607430026,0.0038358313238711925,-0.012843741931301257,0.036053663727430185,0.04435045483040147,-1.0,-0.04576008273009313,2022-06-10 07:00:00
2022-06-10 07:00:00,37.97,38.61,36.91,36.91,5341900,1284.08,561068400,1309.59,1284.08,-0.0183038275222132,1.0,0.0,36.91000000000005,37.970000000000056,38.610000000000056,36.91000000000005,-0.046840153543186436,-0.018526296341382645,-0.02831385720180375,0.04502879323423771,0.044069579815590294,-1.0,-0.06935789758872912,2022-06-13 07:00:00
2022-06-13 07:00:00,35.41,36.12,34.35,34.35,8268800,1227.04,709415500,1261.54,1226.01,-0.0454377435884131,1.0,0.0,34.35000000000006,35.41000000000005,36.120000000000054,34.35000000000006,-0.07188049837354862,-0.04148825091809478,-0.030392247455453814,0.05024470988042616,0.046054395258544836,-1.0,-0.06812227074235822,2022-06-14 07:00:00
2022-06-14 07:00:00,33.36,35.13,32.01,32.01,6744800,1230.31,519177100,1239.36,1211.13,0.002661405115379,1.0,0.0,32.01000000000005,33.36000000000005,35.13000000000006,32.01000000000005,-0.0705536646865868,-0.02924444117781261,-0.041309223508774286,0.09300711229596412,0.04693840835414293,-1.0,-0.06997813183380197,2022-06-15 07:00:00
2022-06-15 07:00:00,32.01,32.97,29.77,29.77,11625500,1213.93,626914600,1235.56,1195.19,-0.0134031398009519,1.0,0.0,29.770000000000042,32.01000000000004,32.97000000000004,29.77000000000004,-0.07254717895408672,-2.2204460492503136e-16,-0.07254717895408647,0.10209688205595459,0.047378376588049886,-1.0,-0.06919717836748396,2022-06-16 07:00:00
2022-06-16 07:00:00,30.52,31.19,27.71,27.71,9400600,1236.63,522295400,1246.32,1223.0,0.0185269075671497,1.0,0.0,27.710000000000043,30.520000000000046,31.19000000000005,27.710000000000043,-0.07170781615279788,0.024881031388571423,-0.0965888475413691,0.11830417174482488,0.047217316570103245,-1.0,-0.06892818477084084,2022-06-17 07:00:00
2022-06-17 07:00:00,26.26,26.97,25.8,25.8,13824800,1217.3,684022500,1220.41,1191.92,-0.0157546464825753,1.0,0.0,25.80000000000004,26.26000000000004,26.97000000000004,25.80000000000004,-0.0714188669473153,-0.05374649000023696,-0.017672376947078395,0.04435064522406681,0.046663279464152475,-1.0,-0.06899224806201554,2022-06-20 07:00:00
2022-06-20 07:00:00,25.55,26.58,24.02,24.02,9576900,1180.4,620002900,1221.6,1180.4,-0.0307819273467662,1.0,0.0,24.020000000000035,25.55000000000004,26.58000000000004,24.02000000000004,-0.0714876752757343,-0.009737175277858317,-0.06175049999787609,0.10127223663326171,0.045845333802947925,-1.0,-0.06910907577019154,2022-06-21 07:00:00
2022-06-21 07:00:00,22.71,23.99,22.36,22.36,9522800,1172.47,607711900,1189.97,1162.94,-0.0067407294296309,1.0,0.0,22.36000000000003,22.710000000000033,23.99000000000003,22.360000000000028,-0.07161316836493911,-0.05608146053437037,-0.015531707830568748,0.07036342856470486,0.04483555826373989,1.0,0.06976744186046502,2022-06-22 07:00:00
2022-06-22 07:00:00,23.07,23.92,22.29,23.92,9381300,1169.27,529135300,1185.86,1162.98,-0.0027330121976206,1.0,0.0,23.920000000000034,23.070000000000032,23.920000000000034,22.290000000000028,0.06744128079553248,0.031259423898763794,0.03618185689676876,0.07057678168465371,0.0535890677072976,1.0,0.06981605351170583,2022-06-23 07:00:00
2022-06-23 07:00:00,25.41,25.59,24.56,25.59,7562800,1188.88,380442900,1188.88,1162.06,0.0166320650087809,1.0,0.0,25.59000000000004,25.41000000000004,25.59000000000004,24.560000000000038,0.0674867210892666,0.060427868249641824,0.007058852839624607,0.04108254689275569,0.05883091876171416,1.0,0.07073075420085972,2022-06-28 07:00:00
2022-06-24 07:00:00,25.94,27.29,24.88,24.88,11785600,1185.48,410876800,1196.85,1185.48,-0.0028639316059311,1.0,0.0,24.880000000000038,25.94000000000004,27.290000000000042,24.880000000000038,-0.028137382300718786,0.01358452871660038,-0.041721911017319105,0.09245606684926841,0.056003509972262944,1.0,0.1012861736334405,2022-06-28 07:00:00
2022-06-27 07:00:00,24.8,26.22,24.13,25.62,7919600,1202.82,429735700,1203.51,1185.48,0.0145210440000569,1.0,0.0,25.62000000000004,24.80000000000004,26.220000000000038,24.130000000000038,0.02930902859760958,-0.003220614700042172,0.0325296432976516,0.08306659869861328,0.0554207763801158,1.0,0.06947697111631523,2022-06-28 07:00:00
2022-06-28 07:00:00,25.98,27.4,25.55,27.4,7692800,1218.1,534186600,1221.74,1198.99,0.0126234678614732,1.0,0.0,27.40000000000004,25.98000000000004,27.40000000000004,25.55000000000004,0.06716971692543622,0.013953714773865308,0.053216002151571,0.06990569674431105,0.058444815431174565,-1.0,-0.08321167883211666,2022-06-30 07:00:00
2022-06-29 07:00:00,26.97,28.03,26.51,26.97,7551500,1218.09,519299900,1219.58,1207.38,-8.209540306808992e-06,1.0,0.0,26.97000000000004,26.97000000000004,28.030000000000044,26.510000000000044,-0.01581787624238593,-0.01581787624238593,0.0,0.055753344875762584,0.05563408515712919,-1.0,-0.06859473489061918,2022-06-30 07:00:00
2022-06-30 07:00:00,26.9,27.08,25.09,25.12,11006100,1197.6,471576000,1220.51,1197.6,-0.0169645040601877,1.0,0.0,25.12000000000004,26.90000000000004,27.08000000000004,25.09000000000004,-0.07106079555164065,-0.0025988505438452143,-0.06846194500779545,0.07632608766574336,0.05608970004394992,0.0,0.015525477707006408,2022-07-07 07:00:00
2022-07-01 07:00:00,24.49,26.83,23.42,25.9,10675100,1198.9,498479000,1202.41,1170.95,0.0010849156081894,1.0,0.0,25.900000000000038,24.490000000000038,26.83000000000004,23.420000000000037,0.030578627105493996,-0.025399470635921594,0.055978097741415586,0.1359303062679614,0.055105034266008844,0.0,0.05366795366795385,2022-07-08 07:00:00
2022-07-04 07:00:00,26.47,26.97,25.83,25.98,4006100,1195.53,403314600,1208.96,1192.63,-0.0028148680271945,1.0,0.0,25.98000000000004,26.47000000000004,26.97000000000004,25.830000000000037,0.0030840425369615407,0.021769047533517986,-0.01868500499655649,0.04318853004388955,0.05258295954688669,1.0,0.09545804464973084,2022-07-11 07:00:00
2022-07-05 07:00:00,25.94,26.26,24.45,24.77,5039800,1181.29,559493000,1200.99,1181.29,-0.0119825400179178,1.0,0.0,24.77000000000004,25.94000000000004,26.26000000000004,24.45000000000004,-0.04769376774118528,-0.0015408323541556714,-0.046152935387029616,0.07141665295376905,0.051320759289731316,1.0,0.1017359709325798,2022-07-08 07:00:00
2022-07-06 07:00:00,24.17,26.22,24.17,24.77,7774500,1149.61,511773800,1175.26,1147.63,-0.0271843072637128,1.0,0.0,24.77000000000004,24.17000000000004,26.220000000000038,24.17000000000004,0.0,-0.02452104878587637,0.024521048785876486,0.08141028362016194,0.04897627957418514,1.0,0.1017359709325798,2022-07-08 07:00:00
2022-07-07 07:00:00,25.19,25.87,25.09,25.51,4664100,1166.48,362816600,1166.48,1142.8,0.0145679126032471,1.0,0.0,25.510000000000044,25.190000000000047,25.870000000000047,25.090000000000046,0.029437288652451977,0.01681384686325101,0.012623441789201032,0.030614635819606734,0.048220689394949855,1.0,0.06977655821246564,2022-07-08 07:00:00
2022-07-08 07:00:00,26.26,27.29,26.01,27.29,17592700,1171.31,437189300,1177.18,1164.23,0.0041321135537656,1.0,0.0,27.290000000000045,26.260000000000048,27.29000000000005,26.010000000000048,0.06744980256652702,0.028976336720930106,0.03847346584559681,0.048039255259686824,0.05118245743613544,1.0,0.11579333089043597,2022-07-12 07:00:00
2022-07-11 07:00:00,27.54,28.85,26.97,28.46,11810400,1155.29,488732000,1165.6,1144.55,-0.0137713858706925,1.0,0.0,28.46000000000005,27.54000000000005,28.85000000000005,26.970000000000045,0.04197925794145925,0.009119158580261744,0.03286009936119753,0.06738485580246999,0.050358812051214535,1.0,0.06992269852424426,2022-07-12 07:00:00
2022-07-12 07:00:00,28.92,30.45,28.92,30.45,7827700,1174.82,475429100,1174.82,1153.55,0.0167635496627797,1.0,0.0,30.45000000000005,28.920000000000048,30.450000000000045,28.920000000000048,0.06758640149419945,0.01603380462885758,0.051552596865342123,0.051552596865341915,0.051666742398177555,-1.0,-0.07586206896551728,2022-07-18 07:00:00
2022-07-13 07:00:00,30.52,30.84,28.99,29.52,12115800,1173.92,522379700,1182.21,1170.92,-0.0007663683881987,1.0,0.0,29.520000000000046,30.520000000000046,30.840000000000046,28.990000000000045,-0.031017994423634315,0.002296212260350157,-0.03331420668398444,0.06186160576156461,0.050630938097912116,0.0,0.009823848238482258,2022-07-20 07:00:00
2022-07-14 07:00:00,29.13,30.66,29.13,30.09,7828700,1182.17,490512400,1182.17,1170.04,0.0070031566857482,1.0,0.0,30.090000000000046,29.130000000000045,30.660000000000046,29.130000000000045,0.01912489090968209,-0.013299428760928487,0.03242431967061058,0.05119030247232479,0.04833251973392743,-1.0,-0.06480558325024921,2022-07-18 07:00:00
2022-07-15 07:00:00,30.84,31.48,29.77,29.77,8695400,1179.25,543854200,1189.66,1178.12,-0.0024730894870614,1.0,0.0,29.770000000000042,30.840000000000042,31.480000000000043,29.77000000000004,-0.010691715614268963,0.02461965805317477,-0.03531137366744371,0.05585124852151761,0.046276106865188564,-1.0,-0.05475310715485382,2022-07-18 07:00:00
2022-07-18 07:00:00,29.81,30.2,27.75,28.14,16873900,1176.49,480514500,1184.93,1174.7,-0.0023432138205826,1.0,0.0,28.140000000000043,29.810000000000045,30.200000000000045,27.750000000000043,-0.056309123341441954,0.001342732662295114,-0.057651856003737074,0.08460608418838042,0.04775464974084615,1.0,0.059346126510305686,2022-07-20 07:00:00
2022-07-19 07:00:00,27.79,29.7,27.32,28.92,9137100,1178.33,479006800,1180.46,1168.99,0.0015627524604597,1.0,0.0,28.920000000000048,27.790000000000042,29.700000000000045,27.320000000000043,0.02734134560432108,-0.012515807931830646,0.039857153536151685,0.08352801110606456,0.04620064088667767,1.0,0.08921161825726132,2022-07-21 07:00:00
2022-07-20 07:00:00,29.67,30.45,29.1,29.81,10392600,1194.14,601098600,1198.63,1185.82,0.0133280792060349,1.0,0.0,29.810000000000045,29.670000000000048,30.450000000000045,29.100000000000048,0.030310510399416034,0.02560303701216641,0.004707473387249541,0.04534781997845904,0.0447653427959102,1.0,0.05669238510566932,2022-07-21 07:00:00
2022-07-21 07:00:00,31.84,31.88,31.24,31.5,12848600,1198.47,500949000,1201.91,1194.89,0.0036194822617565,1.0,0.0,31.50000000000005,31.84000000000005,31.88000000000005,31.240000000000048,0.05514363814160738,0.06587945328620222,-0.010735815144594919,0.020279528950529088,0.04521016706533935,1.0,0.06984126984127004,2022-07-28 07:00:00
2022-07-22 07:00:00,31.15,31.63,30.8,30.89,6017800,1194.76,448428100,1202.69,1194.76,-0.0031004148969271,1.0,0.0,30.890000000000047,31.15000000000005,31.63000000000005,30.800000000000047,-0.019555038901097152,-0.011173300598125302,-0.00838173830297186,0.02659134733802879,0.043884509295902624,1.0,0.09096795079313713,2022-07-28 07:00:00
2022-07-25 07:00:00,30.28,31.02,29.72,30.46,6768300,1188.5,410066000,1198.16,1184.32,-0.0052533205748639,1.0,0.0,30.460000000000047,30.280000000000047,31.02000000000005,29.720000000000045,-0.014018159463474532,-0.01994507836124222,0.005926918897767766,0.04281193789883436,0.042207603550265066,1.0,0.1063690085357849,2022-07-28 07:00:00
2022-07-26 07:00:00,30.72,31.15,30.37,30.37,4550600,1185.07,388328300,1194.15,1184.44,-0.0028901632457252,1.0,0.0,30.37000000000005,30.720000000000045,31.15000000000005,30.370000000000047,-0.002959068409358187,0.008499560812455583,-0.011458629221813869,0.025358966175804687,0.04021458379718815,1.0,0.1096476786302274,2022-07-28 07:00:00
2022-07-27 07:00:00,30.24,31.58,29.85,31.58,5391000,1191.04,387799200,1191.04,1178.58,0.0050250304593078,1.0,0.0,31.58000000000005,30.24000000000005,31.580000000000055,29.850000000000055,0.03906872976983862,-0.0042897277463251025,0.043358457516163774,0.05633916898888492,0.03968145096080227,1.0,0.06713109563014585,2022-07-28 07:00:00
2022-07-28 07:00:00,32.58,33.79,32.32,33.7,14804200,1208.12,620546700,1214.03,1191.19,0.0142385572956059,1.0,0.0,33.70000000000006,32.580000000000055,33.790000000000056,32.32000000000006,0.06497382853082019,0.031174594346403094,0.0337992341844171,0.0444786670733038,0.04154222822194936,0.0,0.018100890207715103,2022-08-04 07:00:00
2022-07-29 07:00:00,33.75,33.83,33.14,33.14,6789200,1206.33,537058300,1217.84,1206.33,-0.0014827396118746,1.0,0.0,33.14000000000006,33.75000000000006,33.830000000000055,33.14000000000006,-0.016756825359899273,0.0014825799602226743,-0.018239405320121922,0.02060697079420011,0.04050774128258375,1.0,0.07181653590826809,2022-08-05 07:00:00
2022-08-01 07:00:00,33.27,34.7,33.27,34.22,6472200,1231.35,681871300,1231.35,1206.46,0.0205284357648222,1.0,0.0,34.22000000000006,33.27000000000006,34.70000000000007,33.27000000000006,0.03206925646563059,0.00391507803196856,0.028154178433662014,0.042083596922428204,0.03909831598951714,0.0,0.03039158386908225,2022-08-08 07:00:00
2022-08-02 07:00:00,34.57,35.0,33.57,34.26,7561800,1241.62,734388200,1241.91,1224.11,0.0083058500842557,1.0,0.0,34.260000000000055,34.57000000000006,35.00000000000006,33.57000000000005,0.0011682244319263049,0.010175985469485537,-0.009007761037559316,0.04171525049747032,0.03733602285041921,0.0,0.034150612959719995,2022-08-09 07:00:00
2022-08-03 07:00:00,33.31,34.26,33.31,34.18,8645000,1249.76,702358600,1250.2,1232.41,0.0065345543153466,1.0,0.0,34.18000000000006,33.31000000000005,34.26000000000005,33.31000000000005,-0.0023378152085289905,-0.028120840690385625,0.025783025481856663,0.028120840690385403,0.035742859899019784,1.0,0.039204212990052945,2022-08-05 07:00:00
2022-08-04 07:00:00,34.74,35.39,34.18,34.31,6926300,1254.15,655935800,1257.38,1247.38,0.0035065194021894,1.0,0.0,34.31000000000006,34.74000000000006,35.39000000000006,34.18000000000005,0.0037961791829136697,0.016251083125514074,-0.012454903942600548,0.0347886166699273,0.03404634389869229,1.0,0.035266686097347844,2022-08-05 07:00:00
2022-08-05 07:00:00,34.18,35.74,34.0,35.52,8401900,1252.74,604391400,1253.75,1245.05,-0.0011248998948375,1.0,0.0,35.52000000000007,34.180000000000064,35.740000000000066,34.00000000000006,0.034659061253611095,-0.0037961791829133375,0.03845524043652454,0.049909985115120674,0.03327768201156233,0.0,-0.012105855855855774,2022-08-12 07:00:00
2022-08-08 07:00:00,36.25,36.25,35.0,35.26,7035900,1256.75,634015600,1258.84,1252.04,0.0031958712033454,1.0,0.0,35.26000000000006,36.250000000000064,36.250000000000064,35.000000000000064,-0.007346741154245323,0.020343463176714278,-0.027690204330959617,0.03509131981126998,0.032166437891363316,1.0,0.03318207600680667,2022-08-10 07:00:00
2022-08-09 07:00:00,35.39,35.95,34.91,35.43,5416600,1258.85,655262300,1263.14,1252.84,0.0016695821973392,1.0,0.0,35.430000000000064,35.390000000000065,35.95000000000007,34.91000000000006,0.004809741907656598,0.003680117387648001,0.0011296245200086948,0.029355763050111207,0.03063391989633232,0.0,0.007338413773638086,2022-08-16 07:00:00
2022-08-10 07:00:00,35.35,37.03,35.17,36.43,9908200,1256.5,584384800,1260.36,1253.89,-0.0018685277863769,1.0,0.0,36.43000000000007,35.35000000000007,37.03000000000007,35.17000000000007,0.02783369214309184,-0.0022605265347986378,0.03009421867789057,0.051534948439630045,0.029664851090044925,-1.0,-0.049958825144112096,2022-08-11 07:00:00
2022-08-11 07:00:00,36.86,36.95,34.18,34.61,12624900,1252.07,765336500,1268.03,1245.85,-0.0035318963434082,1.0,0.0,34.61000000000006,36.86000000000006,36.95000000000007,34.180000000000064,-0.05124995337321965,0.011734341221204547,-0.06298429459442419,0.07792496970676592,0.03389784122490777,0.0,0.019936434556486304,2022-08-18 07:00:00
2022-08-12 07:00:00,34.61,35.43,34.26,35.09,6583700,1262.33,508817800,1262.33,1248.65,0.008161037977338,1.0,0.0,35.09000000000007,34.61000000000006,35.430000000000064,34.26000000000006,0.013773531947870874,0.0,0.013773531947870874,0.033580425981406765,0.03234691620657331,0.0,0.0037047591906522737,2022-08-19 07:00:00
2022-08-15 07:00:00,35.48,35.61,34.83,35.22,5604000,1274.2,585580500,1274.24,1268.02,0.0093593110648114,1.0,0.0,35.22000000000006,35.48000000000006,35.61000000000006,34.83000000000006,0.0036979134729362225,0.01105296784625488,-0.007355054373318602,0.022147412911776628,0.030775871427767602,-1.0,-0.06274843838728006,2022-08-22 07:00:00
2022-08-16 07:00:00,35.22,35.91,35.04,35.69,6431900,1274.69,572322300,1275.93,1271.11,0.0003844810925824,1.0,0.0,35.69000000000006,35.22000000000006,35.91000000000006,35.04000000000006,0.013256434434008854,0.0,0.013256434434008854,0.024525542169800744,0.029360125124699012,-1.0,-0.07509106192210713,2022-08-22 07:00:00
2022-08-17 07:00:00,35.78,37.03,35.56,35.65,11277600,1275.28,644581600,1280.61,1271.97,0.0004627505504209,1.0,0.0,35.65000000000006,35.780000000000065,37.030000000000065,35.560000000000066,-0.001121390641764047,0.0025185405785042307,-0.003639931220268203,0.04050698427981742,0.02802105704216329,-1.0,-0.07405329593267895,2022-08-22 07:00:00
2022-08-18 07:00:00,35.48,35.78,35.04,35.3,6327400,1273.66,558424300,1283.15,1268.64,-0.0012711167921759,1.0,0.0,35.300000000000054,35.480000000000054,35.78000000000006,35.040000000000056,-0.009866182921054055,-0.004779989418926408,-0.005086193502127635,0.020898812012382403,0.02706606159679061,-1.0,-0.06487252124645881,2022-08-22 07:00:00
2022-08-19 07:00:00,35.3,35.91,34.78,35.22,6441900,1269.18,568209800,1280.0,1263.45,-0.0035236229061012,1.0,0.0,35.220000000000056,35.300000000000054,35.91000000000005,34.78000000000006,-0.002268860871190976,0.0,-0.002268860871190976,0.03197329931185441,0.025820381906909374,-1.0,-0.06274843838727984,2022-08-22 07:00:00
2022-08-22 07:00:00,34.7,35.0,32.88,33.01,14506300,1260.43,566785900,1270.57,1255.83,-0.0069180900596273,1.0,0.0,33.010000000000055,34.70000000000007,35.000000000000064,32.88000000000006,-0.06480355720295831,-0.014874416115246246,-0.04992914108771218,0.06248349130143449,0.032066987029818,1.0,0.048470160557406716,2022-08-23 07:00:00
2022-08-23 07:00:00,32.49,34.61,32.49,34.61,7628500,1270.81,520796300,1270.81,1253.45,0.008201559855774,1.0,0.0,34.610000000000056,32.49000000000005,34.610000000000056,32.49000000000005,0.04733211178215112,-0.015878196184092752,0.063210307966244,0.063210307966244,0.03404264024161417,-1.0,-0.04998555330829224,2022-08-30 07:00:00
2022-08-24 07:00:00,34.78,35.0,34.13,34.26,5231700,1277.16,519810800,1280.36,1272.33,0.0049843704176926,1.0,0.0,34.260000000000055,34.78000000000006,35.00000000000006,34.13000000000005,-0.010164164751279063,0.0048998512788841105,-0.015064016030163215,0.025171298570798174,0.032584763695800156,-1.0,-0.04028021015761807,2022-08-30 07:00:00
2022-08-25 07:00:00,34.26,35.13,34.09,34.61,6039400,1288.88,562124700,1289.18,1279.45,0.009134761341778,1.0,0.0,34.610000000000056,34.26000000000005,35.13000000000006,34.09000000000005,0.01016416475127897,-2.2204460492503136e-16,0.01016416475127919,0.030051380127923976,0.03112326935829952,-1.0,-0.04998555330829224,2022-08-30 07:00:00
2022-08-26 07:00:00,34.78,35.48,34.35,34.7,9010000,1282.57,614354500,1295.12,1280.05,-0.0049077467306034,1.0,0.0,34.70000000000006,34.78000000000006,35.480000000000054,34.35000000000006,0.002597029305560792,0.0048998512788841105,-0.0023028219733234527,0.03236713877302025,0.029605476718658874,-1.0,-0.05244956772334286,2022-08-30 07:00:00
2022-08-29 07:00:00,33.75,34.44,32.88,34.44,9304600,1270.8,793997300,1271.56,1249.17,-0.0092192540567666,1.0,0.0,34.440000000000055,33.75000000000005,34.440000000000055,32.88000000000005,-0.007521007393283589,-0.027759269634274945,0.02023826224099126,0.046354109371550774,0.028298510413533495,-1.0,-0.0452961672473865,2022-08-30 07:00:00
2022-08-30 07:00:00,34.61,34.78,32.88,32.88,7561700,1279.39,473770000,1287.65,1271.01,0.006736778426303,1.0,0.0,32.88000000000006,34.61000000000006,34.780000000000065,32.88000000000006,-0.046354109371550614,0.004923978087723069,-0.051278087459273786,0.05617793873815792,0.030443252858574275,-1.0,-0.039537712895377,2022-09-07 07:00:00
2022-08-31 07:00:00,32.19,33.36,32.01,32.88,9204300,1280.51,462420100,1285.29,1274.99,0.000875034236856,1.0,0.0,32.88000000000006,32.190000000000055,33.360000000000056,32.010000000000055,0.0,-0.02120872487726253,0.021208724877262556,0.04130922350877427,0.02897794110945995,-1.0,-0.039537712895377,2022-09-07 07:00:00
2022-09-05 07:00:00,32.88,33.4,32.62,32.62,5268200,1277.35,466166300,1285.7,1275.35,-0.0024708167043018,1.0,0.0,32.62000000000006,32.88000000000007,33.40000000000006,32.62000000000006,-0.007938972995111261,2.2204460492503128e-16,-0.007938972995111485,0.023630302789786835,0.02759914281704858,-1.0,-0.03188228080931932,2022-09-07 07:00:00
2022-09-06 07:00:00,32.71,33.62,32.58,33.31,6322700,1277.4,537987600,1286.92,1277.4,3.9142773270620406e-05,1.0,0.0,33.310000000000066,32.710000000000065,33.62000000000006,32.58000000000006,0.020932055012720472,0.002755244357424865,0.01817681065529583,0.0314225248065704,0.02728233012200488,-1.0,-0.05193635544881414,2022-09-07 07:00:00
2022-09-07 07:00:00,33.18,33.57,31.58,31.58,7796900,1243.17,796593600,1275.07,1243.17,-0.0271621930794009,1.0,0.0,31.580000000000062,33.180000000000064,33.570000000000064,31.580000000000062,-0.053333643378092224,-0.003910367443289913,-0.049423275934802315,0.06110880216444745,0.030302950399919232,-1.0,-0.04116529449018358,2022-09-08 07:00:00
2022-09-08 07:00:00,32.19,32.27,30.28,30.28,8796700,1234.6,557779800,1251.36,1234.6,-0.0069175380882924,1.0,0.0,30.28000000000006,32.19000000000006,32.27000000000007,30.28000000000006,-0.04203658025824792,0.019131836483220678,-0.061168416741468605,0.06365057749462248,0.030764837630821603,1.0,0.05713342140026412,2022-09-09 07:00:00
2022-09-09 07:00:00,30.63,32.01,28.55,32.01,12071300,1248.78,542039800,1248.78,1228.54,0.0114200437384196,1.0,0.0,32.01000000000006,30.63000000000006,32.01000000000006,28.550000000000058,0.05556092541252358,0.011492492275435676,0.04406843313708785,0.11439141787975238,0.03525578607132324,-1.0,-0.03780068728522323,2022-09-13 07:00:00
2022-09-12 07:00:00,32.01,32.01,31.15,31.15,4526900,1249.62,390724400,1257.8,1248.97,0.0006724303807647,1.0,0.0,31.15000000000006,32.01000000000006,32.01000000000006,31.150000000000063,-0.02723410874830964,0.0,-0.02723410874830964,0.027234108748309557,0.03428764323525141,-1.0,-0.06388443017656498,2022-09-16 07:00:00
2022-09-13 07:00:00,31.15,31.15,30.28,30.8,5019300,1248.4,410707400,1252.35,1243.87,-0.0009767736823553,1.0,0.0,30.800000000000065,31.150000000000063,31.150000000000063,30.28000000000006,-0.011299555253933169,2.2204460492503128e-16,-0.011299555253933282,0.028326816664213994,0.032656550982655054,-1.0,-0.05324675324675343,2022-09-16 07:00:00
2022-09-14 07:00:00,29.85,31.32,29.85,30.8,8125100,1240.77,574337900,1242.17,1228.51,-0.0061305767762966,1.0,0.0,30.800000000000065,29.850000000000062,31.320000000000064,29.850000000000062,0.0,-0.03132985014091774,0.031329850140917645,0.04807203128399123,0.03112039992876018,-1.0,-0.05324675324675343,2022-09-16 07:00:00
2022-09-15 07:00:00,30.93,31.32,30.67,30.67,3726300,1245.66,385727500,1250.93,1243.45,0.003933355296185,1.0,0.0,30.670000000000062,30.93000000000006,31.320000000000064,30.670000000000062,-0.004229711853368744,0.00421189671744937,-0.00844160857081796,0.020971892996442167,0.029604701170870204,-1.0,-0.04923377893707215,2022-09-16 07:00:00
2022-09-16 07:00:00,30.46,30.54,29.12,29.16,8242600,1234.03,594453000,1246.17,1230.37,-0.0093802735635475,1.0,0.0,29.160000000000057,30.46000000000006,30.54000000000006,29.120000000000058,-0.05048707098570286,-0.006870630659144432,-0.043616440326558384,0.047612076462001204,0.03124215347463154,-1.0,-0.045953360768175466,2022-09-23 07:00:00
2022-09-19 07:00:00,29.25,29.42,27.26,28.55,11066200,1205.43,641804000,1233.46,1202.07,-0.0234488866097406,1.0,0.0,28.550000000000054,29.250000000000053,29.420000000000055,27.26000000000005,-0.02114097103843818,0.003081666537407893,-0.02422263757584619,0.0762542889049049,0.02991162125475498,-1.0,-0.03327495621716281,2022-09-26 07:00:00
2022-09-20 07:00:00,28.55,28.99,27.77,28.6,5185300,1218.93,412723400,1218.93,1199.71,0.0111370749710895,1.0,0.0,28.60000000000006,28.550000000000058,28.990000000000055,27.770000000000056,0.0017497817237877723,2.2204460492503128e-16,0.0017497817237877723,0.04299464161485579,0.02870606258777101,-1.0,-0.034965034965035,2022-09-26 07:00:00
2022-09-21 07:00:00,28.21,29.16,28.03,28.47,3782600,1210.55,325527500,1217.28,1204.68,-0.0068986229434729,1.0,0.0,28.470000000000056,28.210000000000058,29.160000000000057,28.030000000000058,-0.004555816535860802,-0.01373019281190202,0.00917437627604123,0.039522541963760295,0.027348942890291383,-1.0,-0.030558482613277094,2022-09-26 07:00:00
2022-09-22 07:00:00,28.12,28.94,28.12,28.68,4581400,1214.7,435982100,1214.7,1196.64,0.0034223309353839,1.0,0.0,28.68000000000006,28.120000000000058,28.940000000000058,28.120000000000058,0.007349114441473552,-0.012369834347481882,0.019718948788955425,0.028743654260873632,0.026488099760633516,-1.0,-0.02998605299860535,2022-09-23 07:00:00
2022-09-23 07:00:00,28.55,28.9,27.82,27.82,4695100,1203.28,443208000,1216.59,1201.45,-0.0094459713592673,1.0,0.0,27.820000000000057,28.550000000000058,28.900000000000055,27.820000000000057,-0.030444829236122812,-0.004543079629400411,-0.02590174960672229,0.03808640862308945,0.026114667747697537,-1.0,-0.03882099209202028,2022-09-27 07:00:00
2022-09-26 07:00:00,26.82,27.6,25.87,27.6,18104400,1174.35,701894100,1190.27,1159.12,-0.024336358324925,1.0,0.0,27.600000000000055,26.820000000000054,27.60000000000006,25.870000000000054,-0.007939413772192611,-0.036607308641764466,0.028667894869571848,0.06473177652516647,0.024846394842132177,-1.0,-0.031159420289855078,2022-09-27 07:00:00
2022-09-27 07:00:00,27.26,27.6,25.96,26.74,4925200,1166.54,415135800,1180.75,1166.44,-0.0066727005355131,1.0,0.0,26.74000000000005,27.260000000000055,27.60000000000006,25.960000000000054,-0.031655201049307205,-0.012395346454717727,-0.019259854594589478,0.06125888088721501,0.02454669824826102,-1.0,-0.029169783096484547,2022-09-29 07:00:00
2022-09-28 07:00:00,25.96,27.13,25.61,26.65,7593900,1143.62,496730000,1162.6,1142.79,-0.0198434325588984,1.0,0.0,26.650000000000052,25.960000000000054,27.130000000000052,25.61000000000005,-0.003371421061943525,-0.02960367983790775,0.026232258775964152,0.057657226459406574,0.023483871283423625,-1.0,-0.02589118198874285,2022-09-29 07:00:00
2022-09-29 07:00:00,27.0,27.26,25.87,25.96,5295800,1126.07,415993300,1159.49,1126.07,-0.0154649751975713,1.0,0.0,25.960000000000054,27.000000000000053,27.260000000000055,25.870000000000054,-0.026232258775964183,0.013047715392475455,-0.0392799741684397,0.05233643007044875,0.022807845501029978,-1.0,-0.07858243451463787,2022-10-03 07:00:00
2022-09-30 07:00:00,25.53,25.7,24.14,25.7,13026800,1132.11,612447100,1135.47,1099.44,0.0053494534569503,1.0,0.0,25.700000000000053,25.53000000000005,25.70000000000005,24.14000000000005,-0.010065899934715145,-0.016702660582496844,0.006636760647781656,0.06262077623178854,0.021705883731417634,-1.0,-0.06926070038910492,2022-10-03 07:00:00
2022-10-03 07:00:00,24.7,25.35,23.92,23.92,6420800,1086.44,501911900,1126.46,1079.86,-0.0411768522091139,1.0,0.0,23.92000000000005,24.70000000000005,25.35000000000005,23.920000000000048,-0.07177606281874298,-0.03968774826724269,-0.032088314551500394,0.058063800954761116,0.02735944111922896,1.0,0.030936454849498363,2022-10-05 07:00:00
2022-10-04 07:00:00,23.79,24.23,22.32,23.32,13431400,1078.14,513862500,1100.42,1069.74,-0.0076689618114688,1.0,0.0,23.32000000000005,23.790000000000052,24.230000000000054,22.32000000000005,-0.02540356760013934,-0.005449604767564591,-0.01995396283257472,0.08210839731532414,0.026123362748219577,1.0,0.05746140651801035,2022-10-05 07:00:00
2022-10-05 07:00:00,23.71,24.83,23.45,24.66,9020000,1104.26,396842100,1110.21,1092.08,0.0239380931895215,1.0,0.0,24.660000000000053,23.710000000000054,24.830000000000055,23.450000000000053,0.05587113625390667,0.016585538595022632,0.039285597658884036,0.05718210462778684,0.03346654967845349,-1.0,-0.04217356042173559,2022-10-06 07:00:00
2022-10-06 07:00:00,24.66,24.7,23.1,23.62,8611500,1074.52,499954800,1106.97,1072.57,-0.0273013771380839,1.0,0.0,23.62000000000005,24.66000000000005,24.70000000000005,23.100000000000048,-0.043088686966981975,-1.1102230246251565e-16,-0.043088686966981864,0.06697062610618354,0.03322625062707451,-1.0,-0.09695173581710437,2022-10-11 07:00:00
2022-10-07 07:00:00,22.32,23.06,21.98,23.06,16525700,1035.91,788668100,1062.23,1022.38,-0.0365937827589411,1.0,0.0,23.06000000000005,22.32000000000005,23.06000000000005,21.98000000000005,-0.023994295928303332,-0.05661067325610594,0.032616377327802676,0.04796656586543753,0.03173389990441618,-1.0,-0.07502168256721609,2022-10-11 07:00:00
2022-10-10 07:00:00,21.54,22.97,21.5,22.93,9234100,1042.48,541876100,1051.02,1012.94,0.0063222223777365,1.0,0.0,22.930000000000046,21.540000000000042,22.970000000000045,21.500000000000043,-0.005653417971099957,-0.06818784311267068,0.06253442514157055,0.06613608156738982,0.030327139097141954,-1.0,-0.06977758395115574,2022-10-11 07:00:00
2022-10-11 07:00:00,22.32,22.76,21.33,21.33,8799700,1006.2,580908400,1036.48,998.64,-0.0354216307794323,1.0,0.0,21.33000000000004,22.320000000000046,22.760000000000048,21.33000000000004,-0.07233156438655393,-0.02696295935670275,-0.045368605029851176,0.06489007677487123,0.03370255124493221,1.0,0.036568213783404024,2022-10-14 07:00:00
2022-10-12 07:00:00,19.9,22.06,19.86,21.37,12537500,1034.81,532825500,1039.44,1002.89,0.0280369759110935,1.0,0.0,21.370000000000044,19.900000000000038,22.06000000000004,19.86000000000004,0.001873536847797127,-0.06939480075281254,0.0712683376006096,0.10505835520832972,0.032725945198867595,1.0,0.034627983153954434,2022-10-14 07:00:00
2022-10-13 07:00:00,21.63,22.45,21.46,21.89,5794700,1050.99,402643700,1050.99,1025.04,0.0155147421155147,1.0,0.0,21.890000000000047,21.63000000000005,22.45000000000005,21.460000000000047,0.024041842203715344,0.012093170633911379,0.011948671569804094,0.0450998769857109,0.033593308696346205,1.0,0.035632708999543405,2022-10-18 07:00:00
2022-10-14 07:00:00,22.37,22.76,22.06,22.11,6051100,1061.85,506303900,1068.12,1055.29,0.0102800928044813,1.0,0.0,22.11000000000005,22.37000000000005,22.76000000000005,22.06000000000005,0.010000083334583399,0.02169086396726686,-0.011690780632683412,0.03123859543277391,0.03275438469324107,-1.0,-0.041157847127996416,2022-10-17 07:00:00
2022-10-17 07:00:00,21.63,21.8,20.59,21.2,8402200,1051.58,435723100,1054.05,1033.59,-0.0097188748517039,1.0,0.0,21.200000000000045,21.63000000000005,21.80000000000005,20.590000000000046,-0.042028813191388195,-0.02194875490438754,-0.020080058287000695,0.057104448755345226,0.03247335294345867,1.0,0.0693396226415095,2022-10-18 07:00:00
2022-10-18 07:00:00,21.63,22.67,21.37,22.67,11719300,1063.66,466433900,1071.74,1057.71,0.0114219959261852,1.0,0.0,22.67000000000005,21.63000000000005,22.67000000000005,21.370000000000047,0.06704128284147091,0.020080058287000706,0.04696122455447035,0.05905439518838143,0.039464859804021264,-1.0,-0.10101455668284076,2022-10-21 07:00:00
2022-10-19 07:00:00,22.93,23.1,22.58,22.58,5436800,1060.07,345418600,1065.99,1052.29,-0.0033808473012228,1.0,0.0,22.58000000000005,22.930000000000057,23.10000000000006,22.580000000000055,-0.003977905797921601,0.011403632350375744,-0.015381538148297255,0.02276805880623203,0.03754787087087597,-1.0,-0.09743135518157664,2022-10-21 07:00:00
2022-10-20 07:00:00,22.41,22.71,21.85,21.89,5160700,1058.45,352502000,1065.28,1048.21,-0.0015293698579774,1.0,0.0,21.89000000000005,22.41000000000005,22.71000000000005,21.85000000000005,-0.031034647186744365,-0.007557270908680395,-0.023477376278063976,0.038604434575867735,0.03647220199142293,-1.0,-0.06898126998629517,2022-10-21 07:00:00
2022-10-21 07:00:00,21.89,21.89,20.38,20.38,10090200,1019.82,642204900,1059.09,1013.69,-0.0371794326862739,1.0,0.0,20.380000000000045,21.89000000000005,21.89000000000005,20.380000000000045,-0.07147588374019288,0.0,-0.07147588374019288,0.071475883740193,0.03949102071813655,-1.0,-0.06820412168792922,2022-10-24 07:00:00
2022-10-24 07:00:00,20.16,20.33,18.99,18.99,4999500,986.15,547149700,1023.51,977.41,-0.0335729472678027,1.0,0.0,18.990000000000045,20.16000000000005,20.330000000000048,18.990000000000045,-0.07064150297038412,-0.010853584591410679,-0.059787918378973494,0.06818510281606084,0.04115728061933668,-1.0,-0.06845708267509198,2022-10-25 07:00:00
2022-10-25 07:00:00,17.69,19.47,17.69,17.69,14021100,997.7,670274300,1011.39,962.45,0.0116441570699491,1.0,0.0,17.690000000000044,17.690000000000044,19.470000000000045,17.690000000000044,-0.07091301665250042,-0.07091301665250042,0.0,0.09587531121241422,0.04203187792353398,-1.0,-0.06840022611645002,2022-10-26 07:00:00
2022-10-26 07:00:00,16.96,17.65,16.48,16.48,7705800,993.36,352376800,1004.55,984.71,-0.0043594938108747,1.0,0.0,16.48000000000004,16.960000000000043,17.65000000000004,16.48000000000004,-0.07085198369036833,-0.04214187780793687,-0.028710105882431596,0.06858825889797998,0.04230288366587065,-1.0,-0.07038834951456319,2022-10-31 07:00:00
2022-10-27 07:00:00,15.36,17.43,15.36,17.13,27040700,1028.01,572328800,1028.01,990.48,0.0342870374856699,1.0,0.0,17.130000000000038,15.360000000000033,17.43000000000004,15.360000000000033,0.03868378785470264,-0.07038079676179974,0.10906458461650244,0.12642613181240345,0.045150629742088756,-1.0,-0.10566258026853459,2022-10-31 07:00:00
2022-10-28 07:00:00,17.65,18.17,16.44,16.44,10866100,1027.36,515678600,1044.57,1026.53,-0.0006324895485183,1.0,0.0,16.44000000000004,17.65000000000004,18.170000000000044,16.44000000000004,-0.04111392270799442,0.029904471043277314,-0.07101839375127174,0.10005449278004597,0.0432978249791837,-1.0,-0.06812652068126535,2022-10-31 07:00:00
2022-10-31 07:00:00,16.01,16.18,15.32,15.32,19026400,1027.94,581502900,1030.32,1005.0,0.0005643945072703,1.0,0.0,15.320000000000036,16.010000000000037,16.180000000000035,15.320000000000034,-0.07055822531558877,-0.026503862619410706,-0.04405436269617804,0.054616747317900394,0.043449558989544154,1.0,0.06723237597911247,2022-11-01 07:00:00
2022-11-01 07:00:00,15.57,16.35,15.49,16.35,17193100,1033.75,575844000,1043.53,1027.39,0.0056361677848925,1.0,0.0,16.35000000000004,15.570000000000038,16.35000000000004,15.490000000000038,0.06506873303081734,0.01618682153346172,0.04888191149735545,0.054033242914485136,0.05010054086441741,-1.0,-0.05810397553516833,2022-11-03 07:00:00
2022-11-02 07:00:00,16.44,17.0,16.09,16.09,10306100,1023.19,488346900,1034.73,1018.64,-0.0102677693813863,1.0,0.0,16.09000000000004,16.44000000000004,17.000000000000043,16.09000000000004,-0.016029936338970634,0.005489492284771515,-0.021519428623742076,0.05501538305192423,0.047670176246095625,-1.0,-0.10752019888129283,2022-11-04 07:00:00
2022-11-03 07:00:00,15.19,16.27,15.19,15.4,12256200,1019.81,404442900,1023.95,1010.65,-0.0033088625392532,1.0,0.0,15.400000000000036,15.190000000000033,16.270000000000035,15.190000000000033,-0.04383045158470848,-0.05756064439661061,0.013730192811902037,0.06868560462326487,0.045925462176910764,-1.0,-0.06753246753246755,2022-11-04 07:00:00
2022-11-04 07:00:00,15.32,15.36,14.36,14.36,13199900,997.15,694725300,1009.96,974.61,-0.0224704044180309,1.0,0.0,14.360000000000033,15.320000000000038,15.360000000000037,14.360000000000035,-0.06992094579950538,-0.0052083451071381235,-0.06471260069236721,0.06732016409944803,0.04601243162753442,-1.0,-0.06894150417827305,2022-11-07 07:00:00
2022-11-07 07:00:00,13.37,13.37,13.37,13.37,2477300,975.19,534028100,996.18,969.61,-0.0222688861915533,1.0,0.0,13.37000000000003,13.37000000000003,13.37000000000003,13.37000000000003,-0.07143317250622638,-0.07143317250622638,0.0,0.0,0.045810547624032326,-1.0,-0.0680628272251309,2022-11-08 07:00:00
2022-11-08 07:00:00,12.46,12.46,12.46,12.46,1242400,981.65,542477500,981.86,956.97,0.0066025055370807,1.0,0.0,12.460000000000027,12.46000000000003,12.46000000000003,12.46000000000003,-0.07048987775454474,-0.07048987775454463,-1.1102230246251565e-16,0.0,0.04518566491769893,-1.0,-0.06982343499197441,2022-11-09 07:00:00
2022-11-09 07:00:00,11.59,13.11,11.59,11.59,57331500,985.59,466326400,994.79,977.93,0.0040056172791291,1.0,0.0,11.590000000000025,11.590000000000025,13.110000000000028,11.590000000000025,-0.07238085600764685,-0.07238085600764685,0.0,0.12323264042394806,0.04446350986849291,-1.0,-0.0664365832614322,2022-11-10 07:00:00
2022-11-10 07:00:00,10.82,11.29,10.82,10.82,13218900,947.24,637622500,976.31,935.78,-0.0396879536560661,1.0,0.0,10.820000000000023,10.820000000000025,11.290000000000024,10.820000000000025,-0.0687463839333248,-0.06874638393332469,-1.1102230246251565e-16,0.04252110474323497,0.043284389668203985,-1.0,-0.06839186691312404,2022-11-11 07:00:00
2022-11-11 07:00:00,10.38,11.03,10.08,10.08,19507200,954.53,646268900,966.7,949.49,0.0076665797721653,1.0,0.0,10.08000000000002,10.380000000000022,11.03000000000002,10.08000000000002,-0.07084301077511312,-0.041515395680592954,-0.029327615094520178,0.09006557062218844,0.04213622936700283,-1.0,-0.06845238095238082,2022-11-14 07:00:00
2022-11-14 07:00:00,9.39,9.56,9.39,9.39,20547800,941.04,599309300,945.29,923.53,-0.0142334260878006,1.0,0.0,9.39000000000002,9.39000000000002,9.56000000000002,9.39000000000002,-0.07090796942305087,-0.07090796942305087,0.0,0.017942433843138355,0.04089580192276533,-1.0,-0.06922257720979796,2022-11-15 07:00:00
2022-11-15 07:00:00,8.74,8.74,8.74,8.74,1082300,911.9,589099000,929.06,900.17,-0.031455311712566,1.0,0.0,8.740000000000016,8.740000000000016,8.740000000000016,8.740000000000016,-0.07173510355272777,-0.07173510355272777,0.0,0.0,0.03963605635339138,1.0,0.06864988558352403,2022-11-16 07:00:00
2022-11-16 07:00:00,8.13,9.34,8.13,9.34,51935000,942.9,934066100,945.42,873.78,0.0334298975320117,1.0,0.0,9.340000000000018,8.130000000000017,9.34000000000002,8.130000000000017,0.06639606257330716,-0.07234926610772469,0.13874532868103182,0.138745328681032,0.05125327565223846,1.0,0.10278372591006457,2022-11-18 07:00:00
2022-11-17 07:00:00,9.47,9.99,9.47,9.65,16815800,969.26,589567300,972.88,950.9,0.0275726612817943,1.0,0.0,9.65000000000002,9.47000000000002,9.99000000000002,9.47000000000002,0.03265166311014355,0.013822654957235945,0.01882900815290756,0.053455685462475096,0.05318192045689066,1.0,0.06735751295336789,2022-11-18 07:00:00
2022-11-18 07:00:00,9.69,10.3,9.09,10.3,29358100,969.33,833798300,971.77,939.73,7.221743641557603e-05,1.0,0.0,10.300000000000022,9.690000000000019,10.300000000000022,9.090000000000018,0.06518597988469554,0.0041365105517802755,0.06104946933291542,0.12496898704620284,0.05832170888614707,1.0,0.06699029126213563,2022-11-21 07:00:00
2022-11-21 07:00:00,10.99,10.99,10.77,10.99,29409600,960.65,522726700,973.19,956.77,-0.0089949725121312,1.0,0.0,10.990000000000022,10.990000000000022,10.990000000000022,10.770000000000021,0.06484187317993963,0.06484187317993963,0.0,0.02022127724723286,0.06133257087732051,1.0,0.09463148316651515,2022-11-28 07:00:00
2022-11-22 07:00:00,11.55,11.72,10.56,11.25,36518100,952.12,978732600,985.28,948.52,-0.0089190614098636,1.0,0.0,11.250000000000023,11.550000000000024,11.720000000000024,10.560000000000022,0.023382360234899233,0.04969966855227275,-0.026317308317373417,0.10422350587075116,0.05940048525186457,-1.0,-0.06933333333333314,2022-11-23 07:00:00
2022-11-23 07:00:00,10.99,11.33,10.47,10.47,18978100,946.0,488928200,958.61,942.02,-0.0064485082159684,1.0,0.0,10.470000000000024,10.990000000000025,11.330000000000025,10.470000000000024,-0.07185410376798344,-0.023382360234898886,-0.04847174353308458,0.07894005015746938,0.05947368057651098,1.0,0.0744985673352434,2022-11-25 07:00:00
2022-11-24 07:00:00,9.86,10.77,9.78,10.51,28696900,947.71,482211800,950.03,934.31,0.0018059792310041,1.0,0.0,10.510000000000023,9.86000000000002,10.770000000000023,9.78000000000002,0.00381316000641419,-0.06002785626790159,0.06384101627431574,0.0964250071215713,0.05688697137149511,1.0,0.07040913415794492,2022-11-25 07:00:00
2022-11-25 07:00:00,10.9,11.25,10.64,11.25,20627600,971.46,554366400,971.46,955.53,0.0247515462438338,1.0,0.0,11.250000000000025,10.900000000000025,11.250000000000025,10.640000000000024,0.06804094376156948,0.036435604346238305,0.031605339415331044,0.055747644736930765,0.059507298250477327,1.0,0.06933333333333325,2022-11-28 07:00:00
2022-11-28 07:00:00,12.03,12.03,11.94,12.03,6090400,1005.69,872397100,1006.22,979.48,0.0346290575512249,1.0,0.0,12.030000000000026,12.030000000000026,12.030000000000026,11.940000000000026,0.06703540133615829,0.06703540133615829,0.0,0.007509422022131348,0.06076469168928088,1.0,0.06483790523690791,2022-11-29 07:00:00
2022-11-29 07:00:00,12.85,12.85,11.77,12.81,45771000,1032.16,1101690200,1032.16,998.56,0.0259798207059905,1.0,0.0,12.810000000000029,12.850000000000028,12.850000000000028,11.770000000000026,0.06282258592205554,0.06594028135464133,-0.003117695432585805,0.0877898900690434,0.06075712929766127,1.0,0.06713505074160797,2022-11-30 07:00:00
2022-11-30 07:00:00,12.81,13.67,12.37,13.67,21464600,1048.42,956511200,1048.42,1021.54,0.0156305751716488,1.0,0.0,13.670000000000028,12.810000000000025,13.670000000000027,12.370000000000024,0.06497753482721517,-2.2204460492503136e-16,0.06497753482721538,0.09992946433146171,0.06041015838823864,1.0,0.06949524506217997,2022-12-01 07:00:00
2022-12-01 07:00:00,14.62,14.62,13.24,14.62,30680400,1036.28,1263330500,1066.28,1035.62,-0.011646891382312,1.0,0.0,14.62000000000003,14.620000000000028,14.620000000000028,13.240000000000027,0.06718680358577427,0.06718680358577406,2.2204460492503128e-16,0.09914790381277017,0.05980656494519235,1.0,0.06839945280437765,2022-12-02 07:00:00
2022-12-02 07:00:00,15.57,15.62,14.15,15.62,37004600,1080.01,1014241900,1080.01,1030.81,0.0413329227613894,1.0,0.0,15.620000000000033,15.570000000000034,15.620000000000035,14.150000000000032,0.06616169008990753,0.0629555315242746,0.0032061585656329005,0.09883752032229326,0.058754731712296906,1.0,0.06914212548015364,2022-12-05 07:00:00
2022-12-05 07:00:00,16.57,16.7,15.88,16.7,18009300,1093.67,1112166800,1099.45,1082.59,0.0125687128049543,1.0,0.0,16.700000000000035,16.570000000000036,16.700000000000035,15.880000000000036,0.06685657501116951,0.059041687026931716,0.007814887984237769,0.0503482636037195,0.05749542529223469,-1.0,-0.07005988023952092,2022-12-06 07:00:00
2022-12-06 07:00:00,16.7,17.65,15.53,15.53,44242600,1048.69,1356936200,1090.64,1048.69,-0.0419972469602409,1.0,0.0,15.530000000000033,16.700000000000035,17.650000000000038,15.530000000000033,-0.07263508226211368,0.0,-0.07263508226211368,0.12796214621871,0.06227725855236725,-1.0,-0.06954282034771408,2022-12-07 07:00:00
2022-12-07 07:00:00,14.71,15.49,14.45,14.45,26931500,1041.02,827948300,1059.79,1034.92,-0.0073407644530868,1.0,0.0,14.450000000000031,14.710000000000033,15.490000000000034,14.450000000000031,-0.07207922260215452,-0.054246102547249465,-0.01783312005490507,0.06950023987033609,0.06501259720911118,1.0,0.06851211072664354,2022-12-08 07:00:00
2022-12-08 07:00:00,14.88,15.44,14.84,15.44,17111000,1050.53,873712400,1078.09,1045.98,0.0090937969806084,1.0,0.0,15.440000000000031,14.880000000000031,15.44000000000003,14.84000000000003,0.06626713003818889,0.029323614846504652,0.036943515191684276,0.03963530685739565,0.06424866492590701,1.0,0.06735751295336811,2022-12-09 07:00:00
2022-12-09 07:00:00,16.18,16.48,15.23,16.48,22983000,1051.81,725636400,1061.21,1041.39,0.0012176909140882,1.0,0.0,16.480000000000036,16.180000000000035,16.480000000000036,15.230000000000034,0.06518597988469575,0.04681436703371568,0.018371612850980063,0.07888035757425517,0.06303392578836146,-1.0,-0.06796116504854377,2022-12-12 07:00:00
2022-12-12 07:00:00,16.61,17.13,15.36,15.36,20850800,1032.07,808782100,1065.16,1032.07,-0.0189459954224225,1.0,0.0,15.360000000000031,16.61000000000003,17.130000000000035,15.36000000000003,-0.07038079676179962,0.007857399143877503,-0.07823819590567728,0.10906458461650244,0.0656968891749981,1.0,0.07031250000000044,2022-12-16 07:00:00
2022-12-13 07:00:00,14.93,15.96,14.32,15.96,28579700,1047.45,735828900,1047.45,1026.3,0.0147921447615953,1.0,0.0,15.960000000000035,14.930000000000033,15.960000000000036,14.320000000000032,0.03831886430213681,-0.02839411616842694,0.06671298047056361,0.10842843048916327,0.06305748902975887,-1.0,-0.09210526315789458,2022-12-20 07:00:00
2022-12-14 07:00:00,16.44,16.44,15.4,15.4,13165300,1050.43,667860400,1062.18,1046.43,0.0028409651689503,1.0,0.0,15.400000000000034,16.440000000000037,16.440000000000037,15.400000000000034,-0.03571808260207923,0.02963179760637115,-0.06534988020845042,0.06534988020845041,0.06174572901396586,1.0,0.06753246753246778,2022-12-16 07:00:00
2022-12-15 07:00:00,15.1,15.96,14.75,15.75,13989900,1055.32,665769400,1062.61,1049.06,0.0046444343251436,1.0,0.0,15.750000000000036,15.100000000000033,15.960000000000036,14.750000000000032,0.022472855852058576,-0.01967276559870478,0.04214562145076353,0.07884250923583391,0.05888616556002428,-1.0,-0.07999999999999996,2022-12-20 07:00:00
2022-12-16 07:00:00,15.36,16.44,15.19,16.44,22309500,1052.48,790237300,1064.79,1047.16,-0.0026947544535557,1.0,0.0,16.44000000000004,15.360000000000037,16.44000000000004,15.190000000000037,0.042877024356391936,-0.02507363755211585,0.06795066190850775,0.07908007302035235,0.05689740790353558,-1.0,-0.11861313868613144,2022-12-20 07:00:00
2022-12-19 07:00:00,16.7,17.05,15.57,15.57,19117600,1038.4,852324700,1065.59,1038.4,-0.0134682170508664,1.0,0.0,15.570000000000038,16.70000000000004,17.050000000000043,15.570000000000038,-0.05437140378212692,0.01569132979467538,-0.07006273357680236,0.09080421788361888,0.05778164226618459,-1.0,-0.06936416184971106,2022-12-20 07:00:00
2022-12-20 07:00:00,15.4,15.53,14.49,14.49,27131000,1023.13,954038800,1038.74,1010.08,-0.0148145108479742,1.0,0.0,14.490000000000034,15.400000000000034,15.530000000000033,14.490000000000032,-0.07188722951331604,-0.010978476426323738,-0.06090875308699234,0.06931488082800463,0.059809572580437766,-1.0,-0.06832298136645965,2022-12-21 07:00:00
2022-12-21 07:00:00,14.88,14.88,13.5,13.5,18035800,1018.88,703570400,1033.84,1005.43,-0.0041625713259426,1.0,0.0,13.500000000000032,14.880000000000036,14.880000000000036,13.500000000000034,-0.07076907088820726,0.02655927307235488,-0.09732834396056207,0.09732834396056203,0.060644358571444006,0.0,0.00592592592592589,2022-12-28 07:00:00
2022-12-22 07:00:00,13.97,14.1,13.11,13.93,12998900,1022.61,531712600,1033.18,1016.54,0.0036541978168953,1.0,0.0,13.930000000000032,13.97000000000003,14.100000000000032,13.110000000000028,0.031355102347330514,0.03422248782448651,-0.002867385477156091,0.0727994996085142,0.05886914607470197,-1.0,-0.08399138549892327,2022-12-26 07:00:00
2022-12-23 07:00:00,13.84,14.28,13.58,13.71,6582800,1020.34,423823400,1027.34,1013.2,-0.0022222775243669,1.0,0.0,13.710000000000033,13.840000000000034,14.280000000000035,13.580000000000034,-0.015919294217491185,-0.006481837602190694,-0.009437456615300543,0.0502618347808883,0.056111667615222835,-1.0,-0.06929248723559467,2022-12-26 07:00:00
2022-12-26 07:00:00,13.8,13.8,12.76,12.76,9105800,985.21,566850100,1021.89,985.21,-0.0350363676502625,1.0,0.0,12.760000000000028,13.800000000000031,13.800000000000031,12.760000000000028,-0.07181021565757943,0.006543098588935887,-0.07835331424651523,0.07835331424651516,0.057030253702198164,1.0,0.06818181818181834,2022-12-27 07:00:00
2022-12-27 07:00:00,12.11,13.63,12.03,13.63,13935600,1004.57,507205800,1007.88,984.39,0.0194600518199792,1.0,0.0,13.630000000000033,12.11000000000003,13.630000000000035,12.03000000000003,0.06595796779179758,-0.05228372035164272,0.11824168814344037,0.12486971572185374,0.059043084892127846,-1.0,-0.060161408657373405,2022-12-29 07:00:00
2022-12-28 07:00:00,13.97,14.1,13.41,13.58,9488200,1015.66,392271900,1020.52,998.97,0.0109790582246248,1.0,0.0,13.580000000000032,13.970000000000034,14.100000000000033,13.410000000000032,-0.0036751235778911943,0.024638927560429357,-0.02831405113832053,0.050174100090535335,0.05616130290778918,-1.0,-0.05670103092783507,2022-12-29 07:00:00
2022-12-29 07:00:00,13.58,13.93,12.81,12.81,8422300,1009.29,371300500,1021.96,1009.29,-0.0062915341239784,1.0,0.0,12.81000000000003,13.580000000000034,13.930000000000033,12.810000000000032,-0.05837200622190721,2.2204460492503128e-16,-0.05837200622190733,0.08381867188307134,0.05587053011735829,1.0,0.060109289617486406,2023-01-04 07:00:00
2022-12-30 07:00:00,12.98,13.07,12.37,12.37,6044400,1007.09,344378600,1017.99,1007.09,-0.002182129234545,1.0,0.0,12.370000000000028,12.980000000000029,13.070000000000029,12.370000000000026,-0.0349519295042465,0.013183595367300854,-0.0481355248715474,0.055045341231734074,0.05370603783506572,1.0,0.07033144704931305,2023-01-03 07:00:00
2023-01-03 07:00:00,12.46,13.24,12.46,13.24,6305000,1043.9,518145400,1043.9,1011.38,0.0358987153099978,1.0,0.0,13.240000000000032,12.460000000000031,13.240000000000032,12.460000000000031,0.0679683641044658,0.007249326954910756,0.06071903714955494,0.06071903714955494,0.056433724783931355,0.0,-0.012839879154078693,2023-01-10 07:00:00
2023-01-04 07:00:00,13.58,13.97,13.5,13.58,11586000,1046.35,566957000,1052.6,1041.56,0.0023442182724255,1.0,0.0,13.580000000000032,13.580000000000034,13.970000000000034,13.500000000000034,0.025355571621687764,0.02535557162168798,-1.1102230246251565e-16,0.034222487824486725,0.05440613196529599,-1.0,-0.05670103092783518,2023-01-09 07:00:00
2023-01-05 07:00:00,13.63,13.93,13.2,13.71,8350100,1055.82,496500700,1058.14,1046.64,0.0090097985050465,1.0,0.0,13.710000000000033,13.630000000000035,13.930000000000033,13.200000000000031,0.009527371443672921,0.0036751235778913855,0.005852247865781671,0.053827958199389264,0.05185269148291303,-1.0,-0.06564551422319487,2023-01-09 07:00:00
2023-01-06 07:00:00,13.67,13.97,13.07,13.07,9497200,1051.44,614634000,1065.58,1047.26,-0.0041570630179722,1.0,0.0,13.07000000000003,13.67000000000003,13.97000000000003,13.070000000000029,-0.04780596593809248,-0.0029218428383649716,-0.044884123099727516,0.0665926456327398,0.051359599312316914,0.0,0.009946442234123776,2023-01-13 07:00:00
2023-01-09 07:00:00,13.32,13.41,12.81,12.81,6428600,1054.21,386345500,1062.12,1050.95,0.0026310180684229,1.0,0.0,12.810000000000029,13.32000000000003,13.41000000000003,12.810000000000029,-0.020093411727487805,0.018947137476112392,-0.039040549203600255,0.04577458138494433,0.04907008543293207,0.0,0.006245120999219367,2023-01-16 07:00:00
2023-01-10 07:00:00,12.89,13.24,12.5,13.07,5990500,1053.35,423409900,1057.44,1045.75,-0.0008161096696963,1.0,0.0,13.07000000000003,12.890000000000029,13.24000000000003,12.500000000000028,0.020093411727487725,0.00622570104245315,0.013867710685034585,0.05751390620060664,0.04734362979361644,0.0,0.026013771996939328,2023-01-17 07:00:00
2023-01-11 07:00:00,13.24,13.84,13.2,13.41,7319300,1055.76,508219700,1065.69,1054.53,0.0022853251360947,1.0,0.0,13.410000000000032,13.240000000000032,13.840000000000034,13.200000000000031,0.02568116965745657,0.012923022872731569,0.012758146784724925,0.04734612059719842,0.045895429411094715,1.0,0.06785980611483944,2023-01-18 07:00:00
2023-01-12 07:00:00,13.58,13.58,13.15,13.15,4787500,1056.39,384586100,1060.97,1050.27,0.0005965485582777,1.0,0.0,13.15000000000003,13.58000000000003,13.58000000000003,13.150000000000029,-0.01957893866981371,0.01259742483696281,-0.0321763635067764,0.032176363506776585,0.04401524500238142,1.0,0.0889733840304181,2023-01-18 07:00:00
2023-01-13 07:00:00,13.28,13.5,13.11,13.2,5968300,1060.17,475699700,1066.39,1055.23,0.0035718373386778,1.0,0.0,13.200000000000028,13.28000000000003,13.50000000000003,13.110000000000028,0.003795070968551313,0.00983738542451412,-0.006042314455962698,0.029314387668775307,0.04191255038665413,1.0,0.08484848484848495,2023-01-18 07:00:00
2023-01-16 07:00:00,13.2,13.24,12.89,12.89,5251200,1066.68,408111100,1067.74,1057.87,0.0061217484360541,1.0,0.0,12.890000000000029,13.200000000000028,13.24000000000003,12.890000000000029,-0.023765012641228992,0.0,-0.023765012641228992,0.02679073355776624,0.04039801878188351,1.0,0.1109387121799843,2023-01-18 07:00:00
2023-01-17 07:00:00,12.89,13.41,12.89,13.41,7543300,1088.29,592759400,1088.29,1067.6,0.0200566359753788,1.0,0.0,13.410000000000029,12.890000000000029,13.41000000000003,12.890000000000029,0.03954888034249111,0.0,0.03954888034249111,0.03954888034249111,0.04061727326385358,1.0,0.06785980611483966,2023-01-18 07:00:00
2023-01-18 07:00:00,13.67,14.32,13.5,14.32,13970400,1098.28,553782600,1100.39,1089.56,0.0091376626506855,1.0,0.0,14.32000000000003,13.670000000000027,14.320000000000029,13.500000000000027,0.06565646423891239,0.019202953442270815,0.04645351079664147,0.05896747608811581,0.043399108224817975,1.0,0.0572625698324023,2023-01-31 07:00:00
2023-01-19 07:00:00,14.36,14.62,14.1,14.28,9266900,1108.08,578271400,1111.72,1094.46,0.0088834681991948,1.0,0.0,14.280000000000031,14.360000000000031,14.620000000000031,14.100000000000032,-0.0027972046210611424,0.0027894020875785922,-0.005586606708639823,0.03621565693750969,0.04137091198451497,1.0,0.06022408963585435,2023-01-31 07:00:00
2023-01-27 07:00:00,14.54,14.67,13.97,13.97,9192900,1117.1,571615000,1124.3,1111.41,0.0081072537099593,1.0,0.0,13.97000000000003,14.540000000000031,14.670000000000032,13.97000000000003,-0.021947783642567914,0.018043515193934916,-0.03999129883650282,0.0488924188860198,0.04020440753388978,1.0,0.052970651395848334,2023-01-30 07:00:00
2023-01-30 07:00:00,13.93,14.93,13.76,14.71,17889700,1102.57,751461500,1118.46,1102.57,-0.0130922232078452,1.0,0.0,14.710000000000035,13.93000000000003,14.930000000000033,13.76000000000003,0.05161536134447579,-0.0028673854771562026,0.05448274682163208,0.0816067790459014,0.040970911476291345,-1.0,-0.04146838885112181,2023-02-01 07:00:00
2023-01-31 07:00:00,14.8,15.14,14.58,15.14,13722400,1111.18,653586100,1111.18,1088.25,0.0077786953490854,1.0,0.0,15.140000000000034,14.800000000000034,15.140000000000034,14.580000000000032,0.02881271339595657,0.006099646156723178,0.022713067239233217,0.03768952142879074,0.03949878669549115,-1.0,-0.0686922060766183,2023-02-01 07:00:00
2023-02-01 07:00:00,15.36,15.49,14.1,14.1,19788500,1075.97,974095400,1116.96,1075.97,-0.0321999334258887,1.0,0.0,14.100000000000032,15.360000000000033,15.490000000000034,14.100000000000032,-0.0711654506251802,0.014426479710223344,-0.0855919303354034,0.09401985704465465,0.0447380576686214,-1.0,-0.07943262411347518,2023-02-07 07:00:00
2023-02-02 07:00:00,14.15,14.28,13.24,13.5,13078700,1077.59,592697500,1083.36,1070.81,0.0015044858797242,1.0,0.0,13.500000000000032,14.150000000000034,14.280000000000035,13.240000000000032,-0.04348511193973866,0.003539826705124208,-0.04702493864486286,0.07561740640257619,0.04468658142040742,-1.0,-0.05111111111111133,2023-02-09 07:00:00
2023-02-03 07:00:00,13.76,13.89,13.24,13.54,9380200,1077.15,506090100,1081.89,1070.46,-0.0004084019474419,1.0,0.0,13.54000000000003,13.76000000000003,13.89000000000003,13.24000000000003,0.0029585820397450414,0.019076147060813668,-0.016117565021068696,0.04792660625739009,0.042537337733645854,-1.0,-0.04431314623338267,2023-02-08 07:00:00
2023-02-06 07:00:00,13.41,13.84,13.2,13.76,5357800,1089.29,415388100,1089.29,1067.24,0.0112074436143523,1.0,0.0,13.76000000000003,13.41000000000003,13.84000000000003,13.200000000000028,0.016117565021068692,-0.009647570190541672,0.025765135211610325,0.04734612059719842,0.04082698262261013,-1.0,-0.0566860465116279,2023-02-07 07:00:00
2023-02-07 07:00:00,13.71,13.84,12.98,12.98,9213900,1065.84,594951800,1092.12,1065.18,-0.0217628871868322,1.0,0.0,12.980000000000029,13.710000000000031,13.84000000000003,12.980000000000029,-0.058356121229253655,-0.003640338930974531,-0.054715782298279135,0.06415323891357957,0.042593009884599825,-1.0,-0.053158705701078834,2023-02-10 07:00:00
2023-02-08 07:00:00,13.07,13.24,12.37,12.94,8538700,1072.22,480268400,1079.51,1063.5,0.005968044803848,1.0,0.0,12.940000000000026,13.070000000000027,13.240000000000027,12.370000000000024,-0.003086422203189614,0.0069098163601865855,-0.009996238563376125,0.0679683641044658,0.040522268234870734,-1.0,-0.050231839258114475,2023-02-10 07:00:00
2023-02-09 07:00:00,12.94,13.24,12.81,12.81,4938500,1064.03,383279200,1075.2,1064.03,-0.0076676794629782,1.0,0.0,12.810000000000027,12.940000000000026,13.240000000000027,12.810000000000025,-0.010097173164111581,0.0,-0.010097173164111581,0.03301643460021931,0.038568788054171285,-1.0,-0.040593286494925995,2023-02-10 07:00:00
2023-02-10 07:00:00,12.85,12.85,12.2,12.29,7574400,1055.3,405865100,1066.28,1054.08,-0.0082384993157817,1.0,0.0,12.290000000000024,12.850000000000025,12.850000000000025,12.200000000000024,-0.041440192330699586,0.0031176954325857096,-0.04455788776328531,0.051907859602017936,0.03820952392163736,-1.0,-0.0675345809601301,2023-02-13 07:00:00
2023-02-13 07:00:00,12.11,12.11,11.46,11.46,15149100,1043.7,603924900,1054.05,1031.7,-0.0110529948510384,1.0,0.0,11.460000000000024,12.110000000000024,12.110000000000024,11.460000000000024,-0.06992321229134985,-0.014754366012942508,-0.05516884627840734,0.05516884627840739,0.04066569937032293,1.0,0.05671902268760887,2023-02-15 07:00:00
2023-02-14 07:00:00,11.46,11.68,11.33,11.46,4773100,1038.64,338496800,1046.64,1032.76,-0.0048599267740079,1.0,0.0,11.460000000000024,11.460000000000024,11.680000000000023,11.330000000000023,0.0,0.0,0.0,0.030423902360166018,0.03894794201296605,1.0,0.05671902268760887,2023-02-15 07:00:00
2023-02-15 07:00:00,11.46,12.24,11.42,12.11,6964400,1048.2,494079200,1051.89,1034.39,0.0091622423160678,1.0,0.0,12.110000000000023,11.460000000000024,12.240000000000025,11.420000000000023,0.05516884627840718,0.0,0.05516884627840718,0.069343072856316,0.042455005872230035,1.0,0.08257638315441773,2023-02-20 07:00:00
2023-02-16 07:00:00,12.33,12.42,12.03,12.29,4815300,1058.29,410294000,1058.29,1047.45,0.009579990570462,1.0,0.0,12.290000000000022,12.330000000000021,12.420000000000021,12.03000000000002,0.014754366012942546,0.018003759611251897,-0.0032493935983093987,0.03190454651874528,0.04091677458657964,1.0,0.06672091131000824,2023-02-20 07:00:00
2023-02-17 07:00:00,12.37,12.85,12.29,12.29,7747100,1059.31,429221700,1062.25,1053.26,0.00096335481572,1.0,0.0,12.290000000000022,12.37000000000002,12.850000000000023,12.29000000000002,0.0,0.006488262826452905,-0.006488262826452925,0.04455788776328546,0.03894920421864321,1.0,0.06672091131000824,2023-02-20 07:00:00
2023-02-20 07:00:00,12.46,13.11,12.46,13.11,12463900,1086.69,632141800,1088.01,1059.56,0.025518626100505,1.0,0.0,13.110000000000024,12.460000000000026,13.110000000000026,12.460000000000026,0.06458937419766511,0.013737589781363867,0.050851784416301074,0.05085178441630128,0.04250022477647042,-1.0,-0.05644546147978635,2023-02-22 07:00:00
2023-02-21 07:00:00,13.41,13.67,13.24,13.24,10776500,1082.23,654784700,1095.1,1081.8,-0.0041126517219009,1.0,0.0,13.240000000000025,13.410000000000023,13.670000000000025,13.240000000000023,0.009867252733253756,0.02262539951797861,-0.012758146784724898,0.031961100226996074,0.04049470185537934,-1.0,-0.06570996978851962,2023-02-22 07:00:00
2023-02-22 07:00:00,12.94,13.15,12.37,12.37,11554000,1054.28,766700800,1079.72,1054.28,-0.0261656576625365,1.0,0.0,12.370000000000024,12.940000000000026,13.150000000000027,12.370000000000024,-0.06796836410446559,-0.02291926143610751,-0.0450491026683581,0.06114757221937722,0.04401759884457315,-1.0,-0.07679870654810017,2023-02-27 07:00:00
2023-02-23 07:00:00,12.37,12.55,11.59,12.33,10161100,1053.66,635726600,1054.48,1030.58,-0.0005882520544974,1.0,0.0,12.330000000000025,12.370000000000024,12.550000000000026,11.590000000000023,-0.0032388692281435805,0.0,-0.0032388692281435805,0.07957800822613272,0.04186965875098818,-1.0,-0.07380373073803737,2023-02-27 07:00:00
2023-02-24 07:00:00,12.37,12.5,11.9,11.94,4404800,1039.56,397316800,1052.49,1034.66,-0.0134722707257691,1.0,0.0,11.940000000000023,12.370000000000024,12.500000000000025,11.900000000000023,-0.03214120921179698,0.0032388692281435237,-0.03538007843994059,0.04919024419077178,0.04072435905779203,-1.0,-0.04355108877721936,2023-02-27 07:00:00
2023-02-27 07:00:00,11.9,11.9,11.42,11.42,6986400,1021.25,513919000,1031.59,1017.55,-0.0177701795158365,1.0,0.0,11.420000000000023,11.900000000000023,11.900000000000023,11.420000000000023,-0.044527903736591795,-0.0033557078469723042,-0.04117219588961951,0.04117219588961949,0.04038688697223136,-1.0,-0.045534150612959734,2023-03-01 07:00:00
2023-02-28 07:00:00,11.59,11.81,11.51,11.68,4492300,1024.68,361724100,1034.36,1018.72,0.0033530015333025,1.0,0.0,11.680000000000025,11.590000000000025,11.810000000000027,11.510000000000025,0.022511773172216903,0.014776453123796282,0.0077353200484207366,0.02573040747547991,0.03965867799831217,-1.0,-0.06678082191780832,2023-03-01 07:00:00
2023-03-01 07:00:00,10.9,11.25,10.9,10.9,34561000,1040.55,468712200,1040.55,1013.37,0.0153690507919048,1.0,0.0,10.900000000000022,10.900000000000022,11.250000000000023,10.900000000000022,-0.06911518816498309,-0.06911518816498309,0.0,0.03160533941533126,0.04209552750064295,-1.0,-0.06697247706422027,2023-03-03 07:00:00
2023-03-02 07:00:00,10.9,11.33,10.82,10.9,6189000,1037.61,323479600,1043.8,1033.07,-0.0028294279183384,1.0,0.0,10.900000000000022,10.900000000000022,11.330000000000023,10.820000000000022,0.0,0.0,0.0,0.046057801621579526,0.04023154765215749,-1.0,-0.06697247706422027,2023-03-03 07:00:00
2023-03-03 07:00:00,10.73,10.99,10.17,10.17,22838300,1024.77,384762000,1041.82,1022.78,-0.0124517944317329,1.0,0.0,10.17000000000002,10.730000000000022,10.990000000000022,10.17000000000002,-0.06932057917462953,-0.015719232592490886,-0.05360134658213861,0.0775435583550615,0.042011964631391556,1.0,0.06784660766961648,2023-03-06 07:00:00
2023-03-06 07:00:00,10.56,10.86,10.47,10.86,12765400,1027.18,390065700,1042.43,1026.73,0.0023489861918128,1.0,0.0,10.86000000000002,10.560000000000022,10.86000000000002,10.470000000000022,0.06564410444532076,0.03763106821764703,0.028013036227673888,0.03657228962334361,0.04711656504073492,-1.0,-0.047882136279926324,2023-03-07 07:00:00
2023-03-07 07:00:00,10.95,10.95,10.25,10.34,10806300,1037.84,424641600,1043.92,1033.32,0.0103244469215953,1.0,0.0,10.34000000000002,10.95000000000002,10.95000000000002,10.250000000000021,-0.0490664454255063,0.008253141756720482,-0.05731958718222679,0.06606175067809249,0.04638606307895982,-1.0,-0.079303675048356,2023-03-14 07:00:00
2023-03-08 07:00:00,10.12,10.73,10.12,10.56,8567400,1049.18,480649600,1049.18,1027.8,0.0108672764056918,1.0,0.0,10.560000000000022,10.120000000000019,10.730000000000022,10.120000000000019,0.02105340919783248,-0.02150620522096362,0.04255961441879611,0.05852989278328782,0.04530686208982973,-1.0,-0.04924242424242442,2023-03-13 07:00:00
2023-03-09 07:00:00,10.73,10.82,10.43,10.47,6709300,1055.95,557648200,1060.56,1049.45,0.0064319289919345,1.0,0.0,10.470000000000022,10.730000000000022,10.820000000000022,10.430000000000021,-0.008559253395669948,0.0159702783644917,-0.024529531760161573,0.036710004405654285,0.043097233587902885,-1.0,-0.09073543457497635,2023-03-14 07:00:00
2023-03-10 07:00:00,10.3,10.43,10.17,10.21,9150400,1053.0,456782100,1053.86,1046.31,-0.0027976025264079,1.0,0.0,10.21000000000002,10.300000000000022,10.430000000000021,10.17000000000002,-0.025146392705871438,-0.01637012964685533,-0.008776263059016074,0.02524405895221256,0.04125518395062292,-1.0,-0.06758080313418235,2023-03-14 07:00:00
2023-03-13 07:00:00,9.95,10.34,9.95,10.04,6801800,1052.8,524575300,1055.58,1045.46,-0.0001899515629227,1.0,0.0,10.040000000000019,9.950000000000019,10.340000000000021,9.950000000000019,-0.016790517912991236,-0.02579508100607284,0.009004563093081753,0.038447317909781814,0.03927744281596902,-1.0,-0.05179282868525903,2023-03-14 07:00:00
2023-03-14 07:00:00,10.04,10.12,9.39,9.52,11710100,1040.13,559130000,1051.56,1034.72,-0.0121075762474832,1.0,0.0,9.520000000000017,10.040000000000017,10.120000000000017,9.390000000000017,-0.05318226546030926,-2.2204460492503136e-16,-0.053182265460309026,0.07486837063914789,0.03938958105547167,1.0,0.06827731092436973,2023-03-15 07:00:00
2023-03-15 07:00:00,9.95,10.17,9.78,10.17,9494000,1062.19,549186800,1062.55,1043.82,0.0209871091975175,1.0,0.0,10.170000000000018,9.950000000000017,10.170000000000018,9.780000000000017,0.06604736125719461,0.0441777023672273,0.0218696588899671,0.03910272601374261,0.04483045787154462,1.0,0.05899705014749257,2023-03-17 07:00:00
2023-03-16 07:00:00,10.12,10.56,9.95,10.38,12886200,1047.4,464145200,1058.73,1043.65,-0.0140219116756995,1.0,0.0,10.380000000000019,10.120000000000017,10.56000000000002,9.950000000000017,0.020438667677273956,-0.004928546201149205,0.025367213878423167,0.05950072710761428,0.04348834922119943,0.0,0.042389210019267765,2023-03-23 07:00:00
2023-03-17 07:00:00,10.69,10.9,10.47,10.77,17506700,1045.14,491829800,1055.42,1043.54,-0.0021600551279619,1.0,0.0,10.770000000000017,10.690000000000015,10.900000000000018,10.470000000000017,0.036883613430554414,0.029427847299211003,0.007455766131343454,0.040248764352652594,0.04326438488975033,-1.0,-0.060352831940575724,2023-03-20 07:00:00
2023-03-20 07:00:00,10.64,10.82,10.12,10.12,10261400,1023.1,476089300,1042.6,1022.71,-0.0213136138325311,1.0,0.0,10.120000000000015,10.640000000000017,10.820000000000016,10.120000000000015,-0.06225082730897776,-0.01214400725479895,-0.050106820054178866,0.06688260955901602,0.045073604832114776,1.0,0.047430830039526084,2023-03-22 07:00:00
2023-03-21 07:00:00,10.3,10.51,10.04,10.43,11349400,1032.43,381502100,1036.15,1017.05,0.0090780130418299,1.0,0.0,10.430000000000017,10.300000000000018,10.51000000000002,10.040000000000017,0.030172605153361745,0.017630231376270938,0.012542373777090898,0.04575007062527679,0.04431207182787064,1.0,0.057526366251198446,2023-03-24 07:00:00
2023-03-22 07:00:00,10.73,10.9,10.56,10.6,10979200,1040.54,382708900,1042.84,1032.6,0.0078245622242724,1.0,0.0,10.60000000000002,10.73000000000002,10.90000000000002,10.56000000000002,0.016167732105340622,0.02835728762992623,-0.012189555524585678,0.03168951095698263,0.04256215214777667,1.0,0.0811320754716982,2023-03-27 07:00:00
2023-03-23 07:00:00,10.47,10.82,10.43,10.82,9956100,1045.1,369605000,1045.1,1030.93,0.0043727654494612,1.0,0.0,10.82000000000002,10.470000000000018,10.82000000000002,10.430000000000017,0.020542272300314107,-0.012339976235576026,0.03288224853588998,0.0367100044056545,0.041030262240089536,1.0,0.05914972273567476,2023-03-27 07:00:00
2023-03-24 07:00:00,10.9,11.25,10.73,11.03,19033100,1046.79,506946000,1052.29,1044.02,0.0016157640867088,1.0,0.0,11.030000000000019,10.90000000000002,11.25000000000002,10.73000000000002,0.019222559847075552,0.007366515816762646,0.01185604403031295,0.04732457200782195,0.03943244555733613,1.0,0.05893019038984604,2023-03-31 07:00:00
2023-03-27 07:00:00,11.16,11.51,11.08,11.46,16542800,1052.25,510473100,1053.78,1041.99,0.0052023899635132,1.0,0.0,11.460000000000022,11.16000000000002,11.510000000000021,11.08000000000002,0.03824387802118253,0.011717123687753897,0.02652675433342882,0.03807454141465363,0.03903943639532295,1.0,0.08726003490401402,2023-04-03 07:00:00
2023-03-28 07:00:00,11.68,11.72,11.16,11.16,15145500,1054.29,583110300,1059.83,1051.75,0.001936825920913,1.0,0.0,11.160000000000021,11.680000000000023,11.720000000000024,11.160000000000023,-0.026526754333428597,0.01901526611348753,-0.04554202044691619,0.0489608271957017,0.03838246075526447,1.0,0.04659498207885293,2023-03-31 07:00:00
2023-03-29 07:00:00,11.25,11.42,11.03,11.38,8402200,1056.33,415123800,1056.33,1048.26,0.0019330818766589,1.0,0.0,11.380000000000022,11.25000000000002,11.42000000000002,11.030000000000019,0.01952147174501989,0.008032171697264032,0.011489300047755929,0.03474737096245298,0.03686114528846889,1.0,0.09490333919156413,2023-04-03 07:00:00
2023-03-30 07:00:00,11.68,11.68,11.16,11.16,11277600,1059.44,555220700,1066.23,1056.33,0.0029398301704571,1.0,0.0,11.160000000000021,11.680000000000023,11.680000000000023,11.160000000000023,-0.019521471745019954,0.02602054870189606,-0.04554202044691619,0.04554202044691601,0.03578547630330567,1.0,0.04659498207885293,2023-03-31 07:00:00
2023-03-31 07:00:00,11.21,11.77,11.08,11.68,14812900,1064.64,574243800,1067.55,1059.79,0.0048962472114031,1.0,0.0,11.680000000000021,11.21000000000002,11.770000000000021,11.08000000000002,0.04554202044691601,0.004470280130903512,0.041071740316012385,0.0604122399530476,0.036478807291881715,1.0,0.06678082191780832,2023-04-03 07:00:00
2023-04-03 07:00:00,12.2,12.46,12.07,12.46,20426500,1079.28,778917800,1079.28,1071.6,0.0136574383004496,1.0,0.0,12.460000000000024,12.20000000000002,12.460000000000022,12.070000000000022,0.06464553595922617,0.043557974339129724,0.021087561620096385,0.03180047824986699,0.03891639917510202,1.0,0.0762439807383628,2023-04-05 07:00:00
2023-04-04 07:00:00,12.63,13.11,12.63,12.89,17006200,1078.45,746158000,1082.21,1075.1,-0.0007693270621785,1.0,0.0,12.890000000000024,12.630000000000024,13.110000000000023,12.630000000000024,0.03392830359178885,0.013551423003092611,0.0203768805886962,0.03730036141320864,0.037616941048587156,1.0,0.040341349883630695,2023-04-05 07:00:00
2023-04-05 07:00:00,12.76,13.41,12.68,13.41,19498100,1080.86,706897700,1080.86,1074.1,0.0022321954704894,1.0,0.0,13.410000000000025,12.760000000000023,13.410000000000023,12.680000000000023,0.03954888034249111,-0.010136539034452191,0.049685419376943346,0.055974748284507166,0.036610020658746585,1.0,0.09694258016405666,2023-04-07 07:00:00
2023-04-06 07:00:00,13.67,14.32,13.5,13.76,31893200,1070.91,955351800,1084.52,1070.91,-0.009248266235591,1.0,0.0,13.760000000000025,13.670000000000025,14.320000000000025,13.500000000000025,0.025765135211610325,0.019202953442271034,0.006562181769339446,0.0589674760881156,0.03494019634495795,1.0,0.06904069767441867,2023-04-07 07:00:00
2023-04-07 07:00:00,14.02,14.71,13.8,14.71,27903700,1069.71,600601100,1072.94,1063.7,-0.0011211706194489,1.0,0.0,14.710000000000027,14.020000000000024,14.710000000000027,13.800000000000026,0.06676170210814861,0.018719049101246353,0.048042653006902164,0.06385894245018717,0.03643551996340996,-1.0,-0.04690686607749861,2023-04-14 07:00:00
2023-04-10 07:00:00,15.23,15.4,14.75,15.06,26975500,1065.35,789212200,1075.54,1063.45,-0.0040842000324573,1.0,0.0,15.060000000000027,15.230000000000027,15.400000000000027,14.750000000000027,0.023514687758401296,0.034739632293724246,-0.011224944535322866,0.04312442663375462,0.0346605033396362,-1.0,-0.06905710491367889,2023-04-14 07:00:00
2023-04-11 07:00:00,14.75,15.14,14.02,15.14,41249300,1069.46,642643100,1070.56,1056.9,0.0038504645171516,1.0,0.0,15.140000000000025,14.750000000000023,15.140000000000024,14.020000000000021,0.005298025637554973,-0.020799139585918894,0.02609716522347391,0.07685536640285873,0.03335269003637438,-1.0,-0.07397622192866593,2023-04-14 07:00:00
2023-04-12 07:00:00,15.19,15.44,14.58,14.88,20607700,1069.45,660883000,1072.7,1066.43,-9.350557059487238e-06,1.0,0.0,14.880000000000027,15.190000000000026,15.440000000000026,14.580000000000027,-0.01732221860435673,0.0032970685983787196,-0.020619287202735592,0.05731081801611795,0.03370347368073603,-1.0,-0.057795698924731465,2023-04-14 07:00:00
2023-04-13 07:00:00,15.14,15.53,14.75,15.06,24484400,1064.3,595747700,1070.96,1062.26,-0.0048271915644688,1.0,0.0,15.060000000000025,15.140000000000024,15.530000000000024,14.750000000000023,0.012024192966801591,0.01732221860435657,-0.00529802563755505,0.05153055437476692,0.0320914626533759,-1.0,-0.06905710491367878,2023-04-14 07:00:00
2023-04-14 07:00:00,15.14,15.23,14.02,14.02,40577800,1052.89,724480200,1068.79,1052.89,-0.0107785418075046,1.0,0.0,14.020000000000021,15.140000000000024,15.230000000000024,14.020000000000021,-0.07155734076530366,0.005298025637554973,-0.07685536640285873,0.08278228530062652,0.04041650411867283,1.0,0.07417974322396614,2023-04-18 07:00:00
2023-04-17 07:00:00,14.02,14.15,13.67,14.1,14373900,1053.81,406570600,1054.72,1049.11,0.0008734039573586,1.0,0.0,14.100000000000023,14.020000000000021,14.150000000000022,13.670000000000021,0.005689915777678676,0.0,0.005689915777678676,0.03451097335338841,0.03845018234248032,1.0,0.06808510638297882,2023-04-18 07:00:00
2023-04-18 07:00:00,14.1,15.06,13.76,15.06,33217500,1055.02,494431200,1057.15,1050.89,0.0011475558795975,1.0,0.0,15.060000000000027,14.100000000000025,15.060000000000027,13.760000000000025,0.06586742498762502,2.2204460492503128e-16,0.06586742498762502,0.09027638986654997,0.04053942267751677,-1.0,-0.069057104913679,2023-04-25 07:00:00
2023-04-19 07:00:00,15.36,15.53,14.71,14.71,24545000,1048.98,496274700,1058.14,1047.47,-0.0057414606388377,1.0,0.0,14.710000000000026,15.360000000000026,15.530000000000028,14.710000000000027,-0.023514687758401463,0.019724505347778573,-0.04323919310617988,0.05424610254724941,0.04012558469486319,-1.0,-0.04690686607749872,2023-04-25 07:00:00
2023-04-20 07:00:00,14.88,15.1,14.41,14.84,14379200,1049.25,332580000,1051.86,1045.85,0.0002573597760875,1.0,0.0,14.840000000000023,14.880000000000024,15.100000000000023,14.410000000000023,0.008798703125888117,0.011490494791599463,-0.0026917916657115256,0.04677233380944782,0.03816828726766003,-1.0,-0.055256064690027085,2023-04-25 07:00:00
2023-04-21 07:00:00,14.88,15.36,14.67,14.8,20168300,1042.91,512429100,1050.4,1041.26,-0.0060607404854619,1.0,0.0,14.800000000000024,14.880000000000024,15.360000000000023,14.670000000000023,-0.0026990569691649467,0.0026917916657115746,-0.005390848634876423,0.04596213556463564,0.03649756546893755,-1.0,-0.05270270270270294,2023-04-25 07:00:00
2023-04-24 07:00:00,14.88,15.01,14.23,14.62,16068700,1041.36,451137200,1047.18,1038.36,-0.0014873315700335,1.0,0.0,14.62000000000002,14.880000000000024,15.010000000000023,14.230000000000022,-0.012236726448437145,0.005390848634876373,-0.01762757508331357,0.053364233543609634,0.03527557097460762,-1.0,-0.041039671682626566,2023-04-25 07:00:00
2023-04-25 07:00:00,14.84,15.06,14.02,14.02,23953800,1034.85,485690900,1045.87,1032.49,-0.0062710624979775,1.0,0.0,14.02000000000002,14.84000000000002,15.06000000000002,14.02000000000002,-0.04190557271518844,0.014935783417601739,-0.05684135613279026,0.07155734076530343,0.03659135141271259,1.0,0.042796005706134066,2023-04-26 07:00:00
2023-04-26 07:00:00,14.15,14.62,14.06,14.62,12006300,1040.8,431573300,1040.8,1029.19,0.0057331595380681,1.0,0.0,14.620000000000019,14.15000000000002,14.620000000000019,14.06000000000002,0.04190557271518838,0.00922974248280273,0.03267583023238574,0.039056567939113544,0.036827168935662694,1.0,0.10670314637482936,2023-04-28 07:00:00
2023-04-27 07:00:00,14.67,15.49,14.62,15.14,32598000,1039.63,466451200,1044.25,1037.62,-0.001124767594533,1.0,0.0,15.140000000000022,14.67000000000002,15.490000000000022,14.620000000000019,0.03494979368767046,0.003414137833257897,0.03153565585441245,0.05780420010714495,0.036116488988899874,1.0,0.06869220607661841,2023-04-28 07:00:00
2023-04-28 07:00:00,15.32,16.18,15.14,16.18,34089900,1049.12,571699400,1049.12,1039.63,0.0090868369115469,1.0,0.0,16.180000000000025,15.320000000000023,16.180000000000025,15.140000000000024,0.06643566362104308,0.011818916303142605,0.054616747317900394,0.06643566362104288,0.038526326901605706,0.0,0.02410383189122367,2023-05-10 07:00:00
2023-05-04 07:00:00,16.18,16.96,16.01,16.35,29595900,1040.61,571590000,1048.13,1038.18,-0.0081446378648037,1.0,0.0,16.350000000000023,16.18000000000002,16.960000000000022,16.010000000000023,0.010451985712916622,-2.2204460492503136e-16,0.010451985712916842,0.05764410335513366,0.036661838952825515,1.0,0.0819571865443427,2023-05-11 07:00:00
2023-05-05 07:00:00,16.35,16.7,15.79,16.48,22033100,1040.31,439888400,1043.22,1036.69,-0.0002883340081102,1.0,0.0,16.480000000000025,16.350000000000026,16.700000000000024,15.790000000000024,0.007919627138063445,2.2204460492503128e-16,0.007919627138063224,0.0560318911551587,0.034915862576671085,1.0,0.07342233009708732,2023-05-11 07:00:00
2023-05-08 07:00:00,16.79,16.79,15.92,16.31,28911700,1053.44,591247600,1053.44,1043.44,0.0125422539662003,1.0,0.0,16.310000000000024,16.790000000000024,16.790000000000024,15.920000000000025,-0.010369107848403218,0.01863594660812361,-0.029005054456526964,0.05320729067321242,0.03395879070310515,1.0,0.08461066830165542,2023-05-11 07:00:00
2023-05-09 07:00:00,16.31,16.4,15.83,16.01,16318600,1053.77,502515300,1058.71,1052.68,0.0003132103612812,1.0,0.0,16.010000000000023,16.31000000000002,16.40000000000002,15.830000000000021,-0.01856488962429916,-2.2204460492503136e-16,-0.018564889624298933,0.03537446093723172,0.03349910045010953,1.0,0.034978138663335434,2023-05-10 07:00:00
2023-05-10 07:00:00,16.01,16.87,16.01,16.57,21290200,1058.26,650680600,1058.67,1053.34,0.0042518399494671,1.0,0.0,16.570000000000025,16.010000000000026,16.870000000000026,16.010000000000026,0.03438030442984824,2.2204460492503128e-16,0.03438030442984803,0.05232336954925355,0.03283184464466879,1.0,0.06759203379601675,2023-05-11 07:00:00
2023-05-11 07:00:00,16.7,17.69,16.61,17.69,35770300,1057.12,681482900,1063.69,1056.72,-0.0010778206377684,1.0,0.0,17.690000000000026,16.70000000000002,17.690000000000026,16.61000000000002,0.06540567673322223,0.007814887984237549,0.05759078874898481,0.06299458454649058,0.035321775724534724,-1.0,-0.053702656868287235,2023-05-18 07:00:00
2023-05-12 07:00:00,17.74,17.95,17.56,17.87,18622400,1066.9,688543800,1066.9,1053.97,0.0092090179158401,1.0,0.0,17.870000000000026,17.740000000000023,17.950000000000024,17.560000000000024,0.010123820999642739,0.002822468709739283,0.007301352289903404,0.021966526727317283,0.03364158934409351,-1.0,-0.06323447118074987,2023-05-18 07:00:00
2023-05-15 07:00:00,18.08,18.3,17.48,17.48,19760300,1065.71,791524900,1076.32,1067.15,-0.0011160035107295,1.0,0.0,17.480000000000025,18.080000000000023,18.300000000000026,17.480000000000025,-0.0220659589439473,0.011683025792693544,-0.03374898473664092,0.045843689619985764,0.03391905761145358,1.0,0.03947368421052633,2023-05-16 07:00:00
2023-05-16 07:00:00,17.52,18.17,17.48,18.17,21177400,1065.91,592131700,1069.27,1063.65,0.0001876507075247,1.0,0.0,18.170000000000027,17.520000000000024,18.170000000000027,17.480000000000025,0.03871451218069043,0.002285715280855861,0.03642879689983456,0.03871451218069043,0.03327150208797269,-1.0,-0.07870115575123837,2023-05-18 07:00:00
2023-05-17 07:00:00,18.34,18.69,18.0,18.0,21834300,1060.44,762187700,1069.95,1060.44,-0.0051449780762974,1.0,0.0,18.000000000000025,18.340000000000025,18.690000000000026,18.000000000000025,-0.009400124511915244,0.00931258442023887,-0.01871270893215408,0.03761686357130677,0.032442255967122885,-1.0,-0.06999999999999995,2023-05-18 07:00:00
2023-05-18 07:00:00,18.04,18.13,16.74,16.74,33831900,1068.31,590882500,1073.41,1060.44,0.0073940442565969,1.0,0.0,16.740000000000023,18.040000000000028,18.130000000000027,16.740000000000023,-0.07257069283483537,0.0022197567383130316,-0.07479044957314841,0.07976695970543045,0.04002005644219749,1.0,0.05973715651135003,2023-05-19 07:00:00
2023-05-19 07:00:00,17.09,17.74,16.44,17.74,31926300,1067.07,661637200,1070.15,1058.56,-0.0011613859260438,1.0,0.0,17.740000000000023,17.09000000000002,17.740000000000023,16.440000000000023,0.058020911820104146,0.02069243206617,0.03732847975393389,0.07610458725339954,0.041399780594185136,0.0,0.014656144306651742,2023-05-26 07:00:00
2023-05-22 07:00:00,18.0,18.0,17.48,17.74,12991800,1070.64,634063400,1070.64,1065.88,0.0033400258396527,1.0,0.0,17.740000000000023,18.000000000000025,18.000000000000025,17.480000000000025,0.0,0.014549781014731365,-0.014549781014731299,0.029314387668775307,0.03947489929742058,0.0,0.01916572717023657,2023-05-29 07:00:00
2023-05-23 07:00:00,17.82,18.13,17.61,17.82,21727300,1065.85,668600300,1073.96,1062.15,-0.0044839976089156,1.0,0.0,17.82000000000003,17.82000000000003,18.130000000000027,17.610000000000028,0.004499445161230192,0.004499445161230192,0.0,0.029101102258644936,0.03756518854192981,0.0,0.017396184062850262,2023-05-30 07:00:00
2023-05-24 07:00:00,17.91,18.56,17.91,18.04,26286800,1061.79,682648400,1069.61,1060.6,-0.0038164397434675,1.0,0.0,18.040000000000024,17.910000000000025,18.560000000000024,17.910000000000025,0.012270092591813964,0.00503779402995686,0.007232298561857159,0.03564951128543396,0.03575584007608793,0.0,0.02383592017738345,2023-05-31 07:00:00
2023-05-25 07:00:00,17.82,18.13,17.18,17.78,21191400,1064.63,614115100,1065.5,1057.91,0.0026711578038549,1.0,0.0,17.780000000000026,17.820000000000025,18.130000000000024,17.18000000000002,-0.01451728454871896,-0.012270092591814247,-0.002247191956904721,0.05382210821065044,0.03469890432217474,1.0,0.03880764904386913,2023-05-31 07:00:00
2023-05-26 07:00:00,17.78,18.3,17.52,18.0,15835400,1063.76,595849900,1067.28,1063.76,-0.0008175193911403,1.0,0.0,18.000000000000025,17.780000000000026,18.300000000000026,17.520000000000024,0.012297527810406026,0.0,0.012297527810406026,0.04355797433912994,0.03305725601800167,1.0,0.06499999999999972,2023-06-01 07:00:00
2023-05-29 07:00:00,18.34,18.43,18.0,18.08,15832600,1074.98,738474500,1077.18,1066.34,0.0104922551890814,1.0,0.0,18.08000000000002,18.34000000000002,18.43000000000002,18.00000000000002,0.004434597067865554,0.018712708932153946,-0.014278111864288392,0.02360801378556718,0.031451312300592844,1.0,0.06028761061946919,2023-06-01 07:00:00
2023-05-30 07:00:00,18.43,18.78,18.04,18.13,27591400,1078.05,816002500,1079.31,1071.01,0.0028517968450294,1.0,0.0,18.13000000000002,18.43000000000002,18.780000000000022,18.04000000000002,0.0027616698027292112,0.01917341671770144,-0.01641174691497221,0.040200959145639245,0.029937459282334947,1.0,0.05736348593491458,2023-06-01 07:00:00
2023-05-31 07:00:00,18.21,18.73,18.0,18.47,21736000,1075.17,861773100,1079.11,1071.38,-0.0026750649886524,1.0,0.0,18.47000000000002,18.210000000000022,18.73000000000002,18.00000000000002,0.018579769444388838,0.004402868972756922,0.014176900471631913,0.039754758559832355,0.02872108061878176,1.0,0.037899296155928575,2023-06-01 07:00:00
2023-06-01 07:00:00,18.65,19.25,18.6,19.17,23101000,1078.39,820193400,1078.39,1071.61,0.0029903995241067,1.0,0.0,19.170000000000023,18.65000000000002,19.25000000000002,18.600000000000023,0.037198762846404575,0.009698351878675897,0.02750041096772877,0.03434948001463764,0.028761471666324343,-1.0,-0.0432968179447053,2023-06-05 07:00:00
2023-06-02 07:00:00,19.55,19.55,18.65,18.86,22620600,1090.84,973372400,1092.24,1083.36,0.0114788535147776,1.0,0.0,18.86000000000002,19.550000000000022,19.550000000000022,18.65000000000002,-0.01630327985224174,0.01962872937382157,-0.03593200922606333,0.04712914034155026,0.028496637364409876,-1.0,-0.04559915164369022,2023-06-08 07:00:00
2023-06-05 07:00:00,18.99,19.04,18.34,18.34,24029000,1097.82,893972900,1103.81,1096.76,0.0063783535717364,1.0,0.0,18.34000000000002,18.99000000000002,19.04000000000002,18.34000000000002,-0.027958810376992622,0.006869247618883014,-0.03482805799587557,0.037457562534900415,0.029151055253744847,1.0,0.03816793893129766,2023-06-07 07:00:00
2023-06-06 07:00:00,18.3,18.65,18.0,18.47,21346400,1108.31,782675900,1108.31,1098.28,0.0095099373641264,1.0,0.0,18.470000000000017,18.30000000000002,18.650000000000016,18.000000000000014,0.0070633273828294915,-0.0021834069809437287,0.00924673436377315,0.035474388193659945,0.027740977139427452,1.0,0.030860855441256163,2023-06-07 07:00:00
2023-06-07 07:00:00,18.39,19.21,18.39,19.04,24945900,1109.54,930395400,1112.28,1104.26,0.0011091824299248,1.0,0.0,19.04000000000002,18.390000000000022,19.210000000000022,18.390000000000022,0.030394235152070733,-0.0043407555949185345,0.0347349907469895,0.04362393816423544,0.027512436143663256,-1.0,-0.054621848739495715,2023-06-08 07:00:00
2023-06-08 07:00:00,19.17,19.25,18.0,18.0,28200600,1101.32,1211637500,1115.14,1101.32,-0.0074360546366368,1.0,0.0,18.00000000000002,19.170000000000023,19.25000000000002,18.00000000000002,-0.05617027146705447,0.006804527694334069,-0.06297479916138843,0.06713930283762852,0.03235342890466647,0.0,-0.012222222222222134,2023-06-15 07:00:00
2023-06-09 07:00:00,18.08,18.3,17.13,18.08,29069500,1107.53,839731400,1107.53,1097.23,0.0056228502265899,1.0,0.0,18.08000000000002,18.08000000000002,18.300000000000022,17.130000000000017,0.004434597067865554,0.004434597067865554,0.0,0.0660697475113469,0.030791832794769908,-1.0,-0.030973451327433676,2023-06-12 07:00:00
2023-06-12 07:00:00,18.0,18.08,17.26,17.52,20145000,1116.02,726269400,1116.02,1100.08,0.0076364743390939,1.0,0.0,17.520000000000017,18.00000000000002,18.08000000000002,17.26000000000002,-0.031463269455785106,-0.004434597067865641,-0.02702867238791949,0.04641466930874847,0.030907192732862073,1.0,0.03481735159817356,2023-06-13 07:00:00
2023-06-13 07:00:00,17.78,18.39,17.48,18.13,23340100,1122.46,870411600,1122.46,1116.1,0.0057539203099738,1.0,0.0,18.13000000000002,17.780000000000022,18.390000000000022,17.480000000000018,0.03422493925851435,0.014731144577513452,0.019493794681001132,0.05074966838884045,0.03133802787765648,1.0,0.043022614451185826,2023-06-20 07:00:00
2023-06-14 07:00:00,18.34,18.6,17.74,17.74,15125300,1117.42,845985500,1129.49,1117.42,-0.0045002486793374,1.0,0.0,17.74000000000002,18.34000000000002,18.600000000000023,17.74000000000002,-0.021746047885326227,0.01151644206155908,-0.03326248994688538,0.047339603837722156,0.030627797999144345,1.0,0.03382187147688853,2023-06-19 07:00:00
2023-06-15 07:00:00,17.74,17.91,17.56,17.78,9995900,1116.97,675615200,1120.13,1112.11,-0.0004027945041682,1.0,0.0,17.780000000000022,17.74000000000002,17.91000000000002,17.560000000000016,0.0022522532043252746,0.0,0.0022522532043252746,0.019735627865650144,0.029145557164822172,1.0,0.03149606299212593,2023-06-19 07:00:00
2023-06-16 07:00:00,18.08,18.47,17.95,18.0,25058000,1115.22,1075388700,1128.92,1112.51,-0.0015679672057793,1.0,0.0,18.00000000000002,18.08000000000002,18.47000000000002,17.95000000000002,0.012297527810406026,0.01673212487827164,-0.004434597067865641,0.028557679276860762,0.027982722750344968,1.0,0.050555555555555465,2023-06-20 07:00:00
2023-06-19 07:00:00,18.17,18.73,17.91,18.34,21117800,1105.4,723615800,1117.23,1104.73,-0.0088444344491539,1.0,0.0,18.34000000000002,18.170000000000023,18.73000000000002,17.91000000000002,0.018712708932154164,0.009400124511915268,0.00931258442023887,0.04476730038337662,0.02715392797846063,1.0,0.031079607415485322,2023-06-20 07:00:00
2023-06-20 07:00:00,18.56,18.95,18.43,18.91,18877900,1111.72,593021300,1111.72,1102.58,0.0057011051436337,1.0,0.0,18.91000000000002,18.56000000000002,18.95000000000002,18.43000000000002,0.030606415842047378,0.011924260529735572,0.01868215531231168,0.027824159846703354,0.027173788215522986,1.0,0.05446853516657879,2023-06-22 07:00:00
2023-06-21 07:00:00,18.95,18.99,18.56,18.78,22209800,1118.46,800466000,1118.46,1110.65,0.0060443735664129,1.0,0.0,18.780000000000022,18.95000000000002,18.99000000000002,18.56000000000002,-0.0068984088902492345,0.002113048858069266,-0.009011457748318364,0.022903797466139936,0.02610463681979945,1.0,0.061767838125665664,2023-06-22 07:00:00
2023-06-22 07:00:00,19.21,20.07,19.12,19.94,47760100,1125.3,828954300,1127.54,1122.27,0.0060969276467419,1.0,0.0,19.940000000000026,19.210000000000026,20.07000000000003,19.120000000000026,0.05993529075357548,0.022638503000348524,0.037296787753226895,0.04849125518499168,0.029991586951696497,-1.0,-0.08425275827482437,2023-06-29 07:00:00
2023-06-23 07:00:00,19.94,20.03,19.55,19.73,21975700,1129.38,857067500,1130.61,1122.62,0.0036191428081903,1.0,0.0,19.73000000000003,19.940000000000026,20.03000000000003,19.550000000000026,-0.010587444499168182,0.0,-0.010587444499168182,0.024255863246352174,0.029156023809157522,-1.0,-0.07450582868727829,2023-06-29 07:00:00
2023-06-26 07:00:00,19.64,20.16,19.04,19.99,36668400,1132.03,955006800,1134.0,1119.95,0.0023436716146054,1.0,0.0,19.990000000000027,19.640000000000025,20.16000000000003,19.040000000000024,0.013091828477784598,-0.004572017108204277,0.017663845585988953,0.05715841383994883,0.027784020722060966,-1.0,-0.030515257628814352,2023-06-28 07:00:00
2023-06-27 07:00:00,20.16,20.16,19.64,19.77,18341100,1134.33,641633700,1136.49,1128.82,0.0020296870661285,1.0,0.0,19.770000000000024,20.16000000000003,20.16000000000003,19.640000000000025,-0.01106651132978326,0.008468294690859343,-0.01953480602064248,0.026132140276848122,0.027046525969509166,-1.0,-0.07637835103692447,2023-06-29 07:00:00
2023-06-28 07:00:00,19.94,19.99,19.38,19.38,21499200,1138.35,772870700,1140.56,1131.86,0.0035376772731557,1.0,0.0,19.380000000000027,19.940000000000033,19.99000000000003,19.380000000000027,-0.019924030719905235,0.008562127351167233,-0.028486158071072368,0.03099054204968873,0.026903669590909327,-1.0,-0.05779153766769862,2023-06-29 07:00:00
2023-06-29 07:00:00,19.21,19.3,18.26,18.26,48143500,1125.39,839096000,1140.43,1125.39,-0.0114502032878494,1.0,0.0,18.260000000000026,19.210000000000026,19.300000000000026,18.260000000000026,-0.05952873129579773,-0.00881062968215492,-0.05071810161364274,0.055392220744017444,0.031902347563148505,0.0,-0.012048192771084598,2023-07-06 07:00:00
2023-06-30 07:00:00,18.17,18.39,17.91,18.21,18187400,1120.18,543467000,1126.33,1120.01,-0.0046402555684847,1.0,0.0,18.210000000000026,18.170000000000027,18.390000000000025,17.910000000000025,-0.002741981427305908,-0.004940992758742522,0.0021990113314368093,0.026447822543609355,0.03034547645260218,0.0,-0.011532125205931054,2023-07-07 07:00:00
2023-07-03 07:00:00,18.34,18.47,18.0,18.08,11247800,1125.5,502324200,1128.35,1121.17,0.0047379946850896,1.0,0.0,18.08000000000002,18.34000000000002,18.47000000000002,18.00000000000002,-0.007164538775486434,0.007113573088801937,-0.014278111864288392,0.025776036314983767,0.028900812846954824,0.0,0.02433628318584069,2023-07-10 07:00:00
2023-07-04 07:00:00,18.08,18.65,18.0,18.6,15187700,1132.0,638567700,1132.12,1123.49,0.0057585984163413,1.0,0.0,18.600000000000023,18.08000000000002,18.65000000000002,18.00000000000002,0.02835522575512522,0.0,0.02835522575512522,0.03547438819365973,0.029047551766700486,-1.0,-0.03010752688172047,2023-07-06 07:00:00
2023-07-05 07:00:00,18.78,18.82,18.39,18.39,10754900,1134.62,744832500,1138.67,1133.45,0.0023118133316375,1.0,0.0,18.390000000000022,18.780000000000022,18.82000000000002,18.390000000000022,-0.011354542102925897,0.009630893060961366,-0.02098543516388712,0.023113095541003843,0.027846710404938402,0.0,-0.009787928221859699,2023-07-12 07:00:00
2023-07-06 07:00:00,18.39,18.56,17.82,18.04,18180300,1126.22,870574400,1135.81,1122.35,-0.0074309005969134,1.0,0.0,18.04000000000002,18.390000000000022,18.56000000000002,17.82000000000002,-0.01921552398175214,0.0,-0.01921552398175214,0.04068730531539119,0.02705382927924283,1.0,0.05986696230598687,2023-07-13 07:00:00
2023-07-07 07:00:00,17.95,18.08,17.31,18.0,16241100,1138.07,713850500,1138.07,1122.94,0.0104669527202238,1.0,0.0,18.00000000000002,17.95000000000002,18.08000000000002,17.310000000000016,-0.002219756738312888,-0.005001399700189734,0.0027816429618767705,0.043521985775912764,0.025733686698631787,1.0,0.028888888888888742,2023-07-10 07:00:00
2023-07-10 07:00:00,18.0,18.78,18.0,18.52,15646400,1149.02,814696500,1149.02,1140.03,0.0095755599195721,1.0,0.0,18.52000000000002,18.00000000000002,18.780000000000022,18.00000000000002,0.02847947132186849,0.0,0.02847947132186849,0.04242071588395226,0.026209450642570298,1.0,0.032397408207343714,2023-07-13 07:00:00
2023-07-11 07:00:00,18.69,18.78,18.17,18.26,15329900,1151.77,851005600,1157.01,1149.38,0.0023904844071415,1.0,0.0,18.260000000000023,18.690000000000023,18.780000000000022,18.170000000000023,-0.014138354051210831,0.009137392249438114,-0.023275746300649033,0.03302059137203694,0.025308253983521774,1.0,0.04709748083242071,2023-07-13 07:00:00
2023-07-12 07:00:00,18.3,18.39,18.0,18.21,12768800,1154.2,696536100,1157.43,1149.28,0.0021075737320762,1.0,0.0,18.210000000000022,18.300000000000022,18.390000000000022,18.00000000000002,-0.002741981427305908,0.0021881846805526933,-0.004930166107858609,0.021435280720065085,0.02407837404119733,1.0,0.049972542559033606,2023-07-13 07:00:00
2023-07-13 07:00:00,18.34,19.3,18.21,19.12,35989400,1165.42,760650800,1165.42,1158.15,0.0096740737744684,1.0,0.0,19.120000000000026,18.340000000000025,19.300000000000026,18.210000000000026,0.048764013883738744,0.0071135730888023775,0.041650440794936336,0.05813420217132322,0.027405209995533895,1.0,0.04759414225941394,2023-07-17 07:00:00
2023-07-14 07:00:00,19.47,19.47,18.86,19.38,21468500,1168.4,973749100,1169.84,1156.28,0.0025537544622513,1.0,0.0,19.38000000000002,19.47000000000002,19.47000000000002,18.86000000000002,0.013506698839364584,0.01813991176085268,-0.004633212921488143,0.0318315421787969,0.026239383274855203,1.0,0.033539731682146634,2023-07-17 07:00:00
2023-07-17 07:00:00,19.6,20.51,19.55,20.03,47533300,1173.13,851144600,1174.89,1168.4,0.0040400989385094,1.0,0.0,20.030000000000022,19.600000000000023,20.510000000000023,19.550000000000022,0.032989543215106804,0.011287959773851575,0.021701583441255327,0.047937285652914385,0.026392256435704836,1.0,0.07139291063404918,2023-07-21 07:00:00
2023-07-18 07:00:00,20.07,20.46,19.77,20.2,32297000,1174.09,755379600,1175.7,1170.04,0.0008179889857177,1.0,0.0,20.20000000000002,20.07000000000002,20.460000000000022,19.77000000000002,0.008451454729432057,0.0019950131305197915,0.006456441598912199,0.03430612334095484,0.025106811479765505,1.0,0.062376237623762654,2023-07-21 07:00:00
2023-07-19 07:00:00,20.46,20.64,19.81,19.86,39472800,1172.98,798154200,1178.55,1172.98,-0.0009458602280759,1.0,0.0,19.86000000000002,20.460000000000022,20.640000000000022,19.81000000000002,-0.01697494579013256,0.012789156116321358,-0.029764101906453976,0.041044079902902555,0.024978107405786223,1.0,0.08056394763343433,2023-07-21 07:00:00
2023-07-20 07:00:00,19.73,20.07,19.3,20.07,29010300,1172.81,739529900,1174.39,1166.62,-0.0001449405107002,1.0,0.0,20.070000000000025,19.730000000000025,20.07000000000003,19.300000000000026,0.010518504191220537,-0.006567338582502295,0.01708584277372274,0.03912106689740708,0.023816631842983382,1.0,0.06925759840558054,2023-07-21 07:00:00
2023-07-21 07:00:00,20.07,21.46,20.03,21.46,41031700,1185.9,896244200,1185.9,1172.07,0.0110994012717125,1.0,0.0,21.46000000000003,20.07000000000003,21.46000000000003,20.03000000000003,0.06696457439430571,2.2204460492503128e-16,0.0669645743943055,0.06895958752482535,0.029247631882673666,1.0,0.03215284249767003,2023-07-25 07:00:00
2023-07-24 07:00:00,21.76,22.15,21.5,21.63,33705300,1190.72,988720500,1193.22,1183.39,0.004056186187508,1.0,0.0,21.630000000000024,21.760000000000026,22.150000000000023,21.500000000000025,0.007890502762414648,0.013882684785189309,-0.005992182022774597,0.029784561357527495,0.027840009056897756,1.0,0.04022191400832198,2023-07-27 07:00:00
2023-07-25 07:00:00,21.63,22.28,21.46,22.15,40710200,1195.9,918186800,1199.27,1193.34,0.0043408738165041,1.0,0.0,22.150000000000027,21.630000000000027,22.28000000000003,21.46000000000003,0.023756256526177306,2.2204460492503128e-16,0.02375625652617709,0.03749867785653077,0.026755891911840683,-1.0,-0.027539503386004416,2023-08-01 07:00:00
2023-07-26 07:00:00,22.06,22.41,21.72,22.02,25404600,1200.84,848117200,1200.84,1195.44,0.004122271915603,1.0,0.0,22.020000000000028,22.060000000000027,22.41000000000003,21.720000000000027,-0.0058863651966106975,-0.004071482665788194,-0.0018148825308225006,0.031273792747100994,0.02603052392935046,0.0,-0.005903723887375034,2023-08-02 07:00:00
2023-07-27 07:00:00,22.02,22.67,21.76,22.5,46581400,1197.33,1078942000,1203.69,1191.08,-0.0029272341046249,1.0,0.0,22.50000000000003,22.020000000000028,22.670000000000034,21.76000000000003,0.02156417791584064,0.0,0.02156417791584064,0.0409690425316959,0.024981671007854728,-1.0,-0.04266666666666663,2023-08-01 07:00:00
2023-07-28 07:00:00,22.5,22.89,21.98,22.15,41099900,1207.67,1045384000,1207.67,1195.86,0.0085988055809458,1.0,0.0,22.150000000000027,22.50000000000003,22.890000000000033,21.98000000000003,-0.015677812719229793,0.0,-0.015677812719229793,0.040567184989000124,0.025141149968628252,-1.0,-0.027539503386004416,2023-08-01 07:00:00
2023-07-31 07:00:00,21.98,22.58,21.5,22.5,37767400,1222.9,1122987500,1224.81,1212.81,0.0125322038286383,1.0,0.0,22.50000000000003,21.98000000000003,22.580000000000027,21.50000000000003,0.01567781271922979,-0.007704547515669293,0.023382360234899015,0.049011623587898616,0.023998647051433123,-1.0,-0.04266666666666663,2023-08-01 07:00:00
2023-08-01 07:00:00,22.63,22.67,21.54,21.54,27815500,1217.56,1206705300,1234.5,1217.56,-0.004376231138695,1.0,0.0,21.540000000000028,22.630000000000027,22.670000000000034,21.540000000000028,-0.043603637482131904,0.005761150435071441,-0.04936478791720346,0.051130792791195354,0.027894447367939158,1.0,0.02831940575673153,2023-08-03 07:00:00
2023-08-02 07:00:00,21.54,22.11,21.46,21.89,17893800,1220.43,849434300,1223.04,1213.18,0.0023543995879786,1.0,0.0,21.89000000000003,21.540000000000028,22.110000000000028,21.46000000000003,0.016118239806529187,0.0,0.016118239806529187,0.029839257666802326,0.026760349254286483,1.0,0.063499314755596,2023-08-04 07:00:00
2023-08-03 07:00:00,21.89,22.41,21.67,22.15,26836300,1210.95,978923300,1222.35,1209.06,-0.0077980801354735,1.0,0.0,22.150000000000027,21.89000000000003,22.41000000000003,21.67000000000003,0.011807584956373005,0.0,0.011807584956373005,0.033578472264567776,0.025521432563503695,1.0,0.05101580135440176,2023-08-04 07:00:00
2023-08-04 07:00:00,22.5,23.54,22.24,23.28,36216600,1225.98,1086883100,1228.12,1211.9,0.0123353486402573,1.0,0.0,23.28000000000003,22.500000000000025,23.540000000000024,22.240000000000023,0.04975712637209238,0.01567781271922979,0.0340793136528628,0.05680863244974901,0.027586968892362312,-1.0,-0.04123711340206182,2023-08-09 07:00:00
2023-08-07 07:00:00,23.45,23.45,22.76,23.06,21489800,1241.42,1114331800,1241.42,1225.98,0.0125153615429796,1.0,0.0,23.06000000000003,23.45000000000003,23.45000000000003,22.760000000000034,-0.009495108022324072,0.007275872029051272,-0.016770980051375402,0.029865885634158124,0.026915089507836585,-1.0,-0.03209019947961844,2023-08-09 07:00:00
2023-08-08 07:00:00,23.06,23.15,22.54,22.67,24384800,1242.23,1115494500,1246.22,1239.01,0.0006522658415781,1.0,0.0,22.67000000000003,23.06000000000003,23.15000000000003,22.540000000000028,-0.017057050321475305,0.0,-0.017057050321475305,0.026703271920613003,0.02673294963870355,1.0,0.049404499338332464,2023-08-14 07:00:00
2023-08-09 07:00:00,22.5,22.8,22.32,22.32,20421200,1233.99,1011321100,1241.96,1231.28,-0.0066553298291664,1.0,0.0,22.32000000000003,22.50000000000003,22.800000000000033,22.32000000000003,-0.01555932700632745,-0.007527155309063214,-0.008032171697264267,0.021277398447285097,0.02624859864460882,1.0,0.027329749103942813,2023-08-11 07:00:00
2023-08-10 07:00:00,22.32,22.84,22.24,22.28,19242400,1220.61,982441100,1238.19,1220.61,-0.0109020879358297,1.0,0.0,22.280000000000033,22.32000000000003,22.840000000000032,22.240000000000027,-0.0017937224540267663,0.0,-0.0017937224540267663,0.02662091540542811,0.02502834686250924,1.0,0.029174147217235102,2023-08-11 07:00:00
2023-08-11 07:00:00,22.5,22.93,21.93,22.93,23064900,1232.21,983635900,1232.21,1213.37,0.0094585713442411,1.0,0.0,22.93000000000003,22.50000000000003,22.93000000000003,21.930000000000028,0.028756681810729715,0.009825894151290981,0.01893078765943881,0.044590534440016295,0.02499692087634673,1.0,0.03750545137374606,2023-08-14 07:00:00
2023-08-14 07:00:00,23.41,24.36,23.28,23.79,32704600,1236.84,1032952400,1239.61,1229.34,0.0037504347235074,1.0,0.0,23.790000000000028,23.410000000000025,24.360000000000028,23.280000000000026,0.036819227445053115,0.020717184633006,0.016102042812047083,0.045347819978459256,0.025539582048661507,1.0,0.03656998738965944,2023-08-16 07:00:00
2023-08-15 07:00:00,24.05,24.18,23.58,23.71,20538800,1234.05,850306500,1239.42,1230.58,-0.0022582965536526,1.0,0.0,23.71000000000003,24.05000000000003,24.180000000000028,23.580000000000023,-0.0033684242375521057,0.010869672236903891,-0.014238096474456076,0.02512695007742186,0.02456826327718538,1.0,0.04006748207507371,2023-08-16 07:00:00
2023-08-16 07:00:00,23.75,24.66,23.28,24.66,31510400,1243.26,865531300,1243.48,1235.27,0.0074355187139972,1.0,0.0,24.66000000000003,23.750000000000025,24.66000000000003,23.280000000000026,0.039285597658884036,0.001685630403335927,0.037599967255548115,0.05758787487296118,0.02523677449107665,-1.0,-0.09124087591240893,2023-08-18 07:00:00
2023-08-17 07:00:00,24.79,24.88,24.05,24.05,21741400,1233.48,1050181000,1243.98,1233.48,-0.0078975191842152,1.0,0.0,24.050000000000026,24.790000000000028,24.880000000000027,24.05000000000003,-0.025047501184428153,0.005257848310900908,-0.030305349495329037,0.03392927131920835,0.02630401339701202,-1.0,-0.0681912681912683,2023-08-18 07:00:00
2023-08-18 07:00:00,23.79,24.01,22.41,22.41,50660100,1177.99,1583022900,1228.98,1177.74,-0.0460298466016766,1.0,0.0,22.41000000000002,23.79000000000002,24.010000000000023,22.41000000000002,-0.07062770873893467,-0.010869672236904104,-0.05975803650203053,0.06896312242032629,0.03429683787049324,1.0,0.03882195448460535,2023-08-24 07:00:00
2023-08-21 07:00:00,22.06,22.45,21.11,21.98,26433700,1179.76,1000968600,1188.16,1164.63,0.0015014317315312,1.0,0.0,21.98000000000002,22.06000000000002,22.45000000000002,21.110000000000017,-0.019374338837360304,-0.015741273987479227,-0.0036330648498809825,0.06154375232803409,0.03313223904304369,1.0,0.059144676979072,2023-08-24 07:00:00
2023-08-22 07:00:00,21.98,22.24,20.77,21.98,23161200,1180.49,979999200,1184.43,1149.13,0.0006185785601332,1.0,0.0,21.98000000000002,21.980000000000018,22.24000000000002,20.770000000000017,0.0,-1.1102230246251565e-16,2.2204460492503128e-16,0.06838283149436081,0.031520726361737104,1.0,0.059144676979072,2023-08-24 07:00:00
2023-08-23 07:00:00,22.32,22.58,21.76,21.76,19639500,1172.56,653730100,1193.79,1168.89,-0.0067402137837734,1.0,0.0,21.760000000000026,22.320000000000025,22.580000000000023,21.760000000000026,-0.010059526987733231,0.015350188537635069,-0.025409715525368214,0.03699113673377379,0.030085261205167566,1.0,0.06985294117647056,2023-08-24 07:00:00
2023-08-24 07:00:00,21.85,23.28,21.72,23.28,33408000,1189.39,790038300,1189.99,1171.33,0.0142511779176332,1.0,0.0,23.280000000000026,21.850000000000026,23.280000000000026,21.720000000000024,0.06752120087549517,0.004127499553857292,0.06339370132163778,0.06936112779750232,0.03556275030983807,1.0,0.05927835051546393,2023-08-30 07:00:00
2023-08-25 07:00:00,23.28,23.97,23.28,23.36,29418000,1183.37,812317900,1192.59,1181.6,-0.0050742703998874,1.0,0.0,23.360000000000028,23.280000000000026,23.970000000000024,23.280000000000026,0.0034305350967892222,0.0,0.0034305350967892222,0.029208425583055815,0.033827509821832746,1.0,0.05565068493150682,2023-08-30 07:00:00
2023-08-28 07:00:00,23.41,23.97,23.19,23.97,20803600,1201.72,763534500,1202.02,1189.43,0.0153875636309255,1.0,0.0,23.970000000000027,23.410000000000025,23.970000000000024,23.190000000000026,0.025777890486266608,0.002138123542793029,0.023639766943473674,0.033081897178852494,0.032836299441390174,1.0,0.03420942845223185,2023-08-31 07:00:00
2023-08-29 07:00:00,24.14,24.88,23.97,23.97,25713000,1204.43,904324000,1208.78,1197.57,0.0022525620978629,1.0,0.0,23.970000000000027,24.14000000000003,24.880000000000027,23.970000000000024,0.0,0.007067167223092573,-0.007067167223092555,0.037261219424685736,0.03128754189424763,1.0,0.03420942845223185,2023-08-31 07:00:00
2023-08-30 07:00:00,24.05,24.79,23.75,24.66,30069600,1213.16,864559000,1213.52,1203.51,0.0072220996491863,1.0,0.0,24.66000000000003,24.05000000000003,24.790000000000028,23.750000000000025,0.028379449289905233,0.003331948105477175,0.025047501184428,0.04285781556644899,0.030546360340463714,1.0,0.033252230332522226,2023-09-06 07:00:00
2023-08-31 07:00:00,25.01,25.31,24.79,24.79,16999200,1224.05,887111900,1224.84,1214.32,0.0089365072963828,1.0,0.0,24.790000000000028,25.01000000000003,25.310000000000027,24.790000000000028,0.005257848310900908,0.01409324715332941,-0.008835398842428687,0.020759228509933544,0.029064666166138092,-1.0,-0.02985074626865658,2023-09-11 07:00:00
2023-09-05 07:00:00,24.92,25.44,24.79,25.05,17373700,1234.98,983260400,1236.21,1228.7,0.0088897426878154,1.0,0.0,25.05000000000003,24.92000000000003,25.44000000000003,24.790000000000028,0.010433481483774777,0.005230347872153422,0.0052031336116214,0.025882392424822414,0.027660469845150124,-1.0,-0.03992015968063867,2023-09-11 07:00:00
2023-09-06 07:00:00,24.88,25.53,24.57,25.48,26747700,1245.5,1067480700,1245.5,1229.89,0.008482280103271,1.0,0.0,25.48000000000003,24.880000000000027,25.53000000000003,24.57000000000003,0.017020003173088803,-0.00680955965989518,0.023829562832983993,0.038328044720304794,0.026458155258522156,-1.0,-0.05612244897959173,2023-09-11 07:00:00
2023-09-07 07:00:00,25.65,25.96,25.18,25.4,21752500,1243.14,1099761600,1255.11,1240.82,-0.0018966188017888,1.0,0.0,25.40000000000003,25.650000000000034,25.960000000000036,25.18000000000003,-0.003144656679471608,0.006649740912816235,-0.00979439759228781,0.03050686321968827,0.02541534799731457,-1.0,-0.053149606299212615,2023-09-11 07:00:00
2023-09-08 07:00:00,25.27,25.7,25.18,25.44,15447600,1241.48,973560500,1248.1,1240.15,-0.0013362206268904,1.0,0.0,25.440000000000033,25.27000000000003,25.700000000000035,25.18000000000003,0.0015735644474305383,-0.00513125262438801,0.006704817071818506,0.020440963284973024,0.02424081395784504,-1.0,-0.05463836477987427,2023-09-11 07:00:00
2023-09-11 07:00:00,25.53,25.61,24.05,24.05,33620700,1223.63,1222447000,1251.37,1223.33,-0.0144823654810842,1.0,0.0,24.05000000000003,25.53000000000003,25.610000000000028,24.05000000000003,-0.05618774192015127,0.003531492781470938,-0.059719234701622194,0.06284790365966349,0.029885712934244756,1.0,0.04158004158004158,2023-09-12 07:00:00
2023-09-12 07:00:00,24.05,25.05,23.54,25.05,24147200,1245.44,880808100,1245.44,1220.85,0.0176670303250592,1.0,0.0,25.05000000000003,24.05000000000003,25.05000000000003,23.540000000000024,0.04073883097910362,0.0,0.04073883097910362,0.06217272569874332,0.03085168612552029,-1.0,-0.05708582834331344,2023-09-14 07:00:00
2023-09-13 07:00:00,25.09,25.48,24.23,24.57,24192500,1238.39,1136967200,1250.61,1232.84,-0.005676732250071,1.0,0.0,24.57000000000003,25.09000000000003,25.48000000000003,24.23000000000003,-0.01934764099778601,0.0015955328474571567,-0.020943173845243135,0.05030229587552818,0.030227903672832467,-1.0,-0.03866503866503879,2023-09-14 07:00:00
2023-09-14 07:00:00,24.4,24.53,23.62,23.62,27447700,1223.81,1159894000,1244.21,1223.03,-0.011843205602589,1.0,0.0,23.620000000000026,24.400000000000027,24.53000000000003,23.620000000000026,-0.039432375763871624,-0.006943054233931576,-0.03248932152993998,0.0378030475011818,0.03139517607859339,1.0,0.03683319220999115,2023-09-20 07:00:00
2023-09-15 07:00:00,23.75,24.1,23.36,23.54,17733400,1227.36,868066900,1233.87,1220.27,0.0028965779461152,1.0,0.0,23.54000000000002,23.75000000000002,24.100000000000023,23.36000000000002,-0.003392708937085802,0.005488719711433859,-0.008881428648519535,0.03118668253658299,0.029867886424978982,1.0,0.04035683942225998,2023-09-20 07:00:00
2023-09-18 07:00:00,23.36,23.71,23.1,23.19,16821600,1211.81,762110800,1227.36,1203.88,-0.012750411547317,1.0,0.0,23.190000000000026,23.360000000000024,23.710000000000026,23.100000000000026,-0.014979950564690125,-0.007675943872104179,-0.007304006692585927,0.026064282549566282,0.028688834066558908,1.0,0.056058645968089404,2023-09-20 07:00:00
2023-09-19 07:00:00,23.36,23.79,22.89,23.71,19999200,1211.5,880971700,1219.57,1199.85,-0.0002558484070886,1.0,0.0,23.710000000000022,23.36000000000002,23.79000000000002,22.890000000000022,0.022175748809873542,0.007304006692585826,0.014871742117287822,0.03856519035039081,0.0283217801597144,1.0,0.03289751159848153,2023-09-20 07:00:00
2023-09-20 07:00:00,23.88,24.75,23.62,24.49,16497400,1226.11,763034400,1226.11,1209.46,0.0119872948901047,1.0,0.0,24.49000000000002,23.88000000000002,24.75000000000002,23.620000000000022,0.032367970886762146,0.00714438844708725,0.025223582439675096,0.04673167824548291,0.02871050748190033,-1.0,-0.09554920375663511,2023-09-22 07:00:00
2023-09-21 07:00:00,24.57,24.57,23.79,23.79,17159600,1212.74,923870000,1227.88,1211.65,-0.0109642937778869,1.0,0.0,23.790000000000024,24.57000000000003,24.57000000000003,23.790000000000024,-0.02899954664920988,0.0032613155690117282,-0.03226086221822155,0.03226086221822169,0.02891422594700431,-1.0,-0.06893652795292138,2023-09-22 07:00:00
2023-09-22 07:00:00,23.19,23.28,22.15,22.15,28828600,1193.05,1317432800,1205.41,1174.57,-0.0163692090007644,1.0,0.0,22.150000000000023,23.190000000000026,23.280000000000026,22.150000000000023,-0.07142782782372165,-0.025544173047425955,-0.045883654776295725,0.04975712637209238,0.03483125274289345,-1.0,-0.0681715575620766,2023-09-25 07:00:00
2023-09-25 07:00:00,22.06,22.41,20.64,20.64,26114100,1153.2,916538500,1195.62,1153.2,-0.0339723666037867,1.0,0.0,20.640000000000025,22.060000000000024,22.410000000000025,20.640000000000022,-0.0706065558777825,-0.004071482665788194,-0.06653507321199423,0.08227634719947369,0.03823748914959089,1.0,0.068798449612403,2023-09-27 07:00:00
2023-09-26 07:00:00,20.33,21.5,20.29,21.2,25379200,1137.96,957913900,1163.52,1137.96,-0.0133035010806107,1.0,0.0,21.200000000000024,20.33000000000002,21.500000000000025,20.29000000000002,0.026770241064604614,-0.015133312973106971,0.041903554037711725,0.05792478129589395,0.038316799469717965,1.0,0.040566037735849214,2023-09-27 07:00:00
2023-09-27 07:00:00,21.2,22.06,20.38,22.06,17003500,1153.85,777264400,1153.85,1126.36,0.0138669912669516,1.0,0.0,22.060000000000027,21.200000000000028,22.060000000000027,20.380000000000027,0.039764832147389795,2.2204460492503128e-16,0.03976483214738958,0.07921198603077757,0.03934454923130675,-1.0,-0.08431550317316427,2023-10-03 07:00:00
2023-09-28 07:00:00,21.8,21.93,21.07,21.2,19590200,1152.43,649062500,1155.39,1136.99,-0.0012314204514977,1.0,0.0,21.200000000000024,21.800000000000026,21.930000000000025,21.070000000000025,-0.039764832147389774,-0.011856044030313097,-0.027908788117076616,0.04000533461369899,0.03888085036012761,-1.0,-0.04716981132075482,2023-10-03 07:00:00
2023-09-29 07:00:00,21.59,21.8,21.33,21.72,17032800,1154.15,535931100,1163.88,1152.43,0.0014913857909169,1.0,0.0,21.720000000000024,21.590000000000025,21.800000000000026,21.330000000000023,0.024232313387767806,0.018229062848749186,0.006003250539018745,0.021795437311784127,0.038242890571978556,-1.0,-0.06998158379373853,2023-10-03 07:00:00
2023-10-02 07:00:00,21.72,22.06,21.5,21.72,7942900,1155.25,465546100,1161.48,1149.63,0.0009526284603684,1.0,0.0,21.720000000000024,21.720000000000024,22.060000000000024,21.500000000000025,0.0,0.0,0.0,0.025713078691739263,0.03640756723037915,-1.0,-0.06998158379373853,2023-10-03 07:00:00
2023-10-03 07:00:00,21.29,21.33,20.2,20.2,27941600,1118.1,940147700,1146.59,1117.28,-0.0326859545970534,1.0,0.0,20.20000000000002,21.290000000000024,21.330000000000023,20.20000000000002,-0.07255089065857566,-0.019996016160346505,-0.05255487449822912,0.05443192807610017,0.04023514022779204,-1.0,-0.0663366336633664,2023-10-05 07:00:00
2023-10-04 07:00:00,19.04,20.68,19.04,20.25,19183400,1128.67,646114500,1133.79,1106.4,0.0094091322045585,1.0,0.0,20.25000000000002,19.04000000000002,20.68000000000002,19.04000000000002,0.002472189145389073,-0.059140575043939755,0.061612764189328886,0.08262502027700905,0.0384861597925584,-1.0,-0.06864197530864213,2023-10-05 07:00:00
2023-10-05 07:00:00,20.42,20.64,18.86,18.86,18899600,1113.89,556516000,1133.12,1113.89,-0.0131815550135934,1.0,0.0,18.860000000000017,20.42000000000002,20.64000000000002,18.860000000000017,-0.07111151634723688,0.008360019183971282,-0.07947153553120812,0.09018766340805047,0.041010593066274324,1.0,0.06203605514316024,2023-10-09 07:00:00
2023-10-06 07:00:00,18.73,19.3,18.0,19.3,21901000,1128.54,586082400,1129.13,1107.4,0.0130663685664806,1.0,0.0,19.30000000000002,18.730000000000018,19.30000000000002,18.000000000000014,0.023061818705528394,-0.006916760749314229,0.029978579454842676,0.06973333801467535,0.0407074130509013,1.0,0.049222797927461315,2023-10-11 07:00:00
2023-10-09 07:00:00,19.25,20.16,19.04,20.03,14284400,1137.36,545012000,1137.36,1127.03,0.0077850254166744,1.0,0.0,20.03000000000002,19.250000000000018,20.160000000000018,19.040000000000017,0.0371260537668871,-0.0025940351770466466,0.03972008894393375,0.05715841383994862,0.041439641221157515,0.0,0.01298052920619086,2023-10-16 07:00:00
2023-10-10 07:00:00,20.16,20.29,19.73,19.86,13881600,1143.69,627950000,1150.34,1140.83,0.0055500898698728,1.0,0.0,19.860000000000017,20.160000000000018,20.290000000000017,19.730000000000018,-0.00852349106070044,0.006469293525440944,-0.014992784586141393,0.027987833803199406,0.039418895941773044,-1.0,-0.04783484390735104,2023-10-17 07:00:00
2023-10-11 07:00:00,19.86,20.25,19.25,20.25,14033000,1150.81,496702300,1150.81,1138.22,0.0062061650495528,1.0,0.0,20.25000000000002,19.86000000000002,20.25000000000002,19.25000000000002,0.019447134935521724,2.2204460492503128e-16,0.019447134935521724,0.050643732818754936,0.038353583150825786,-1.0,-0.06617283950617259,2023-10-17 07:00:00
2023-10-12 07:00:00,20.42,20.85,20.2,20.59,13867000,1151.61,619607000,1156.73,1148.11,0.0006949210241348,1.0,0.0,20.590000000000025,20.420000000000023,20.850000000000026,20.20000000000002,0.016650727487150015,0.008360019183971501,0.008290708303178563,0.03167134383765162,0.03704902722634966,-1.0,-0.08159300631374444,2023-10-17 07:00:00
2023-10-13 07:00:00,20.07,20.94,19.77,20.51,15448800,1154.73,593801400,1155.1,1138.99,0.0027055871235396,1.0,0.0,20.510000000000026,20.07000000000002,20.940000000000026,19.77000000000002,-0.0038929489554087745,-0.025579358231451403,0.021686409276042724,0.057495568259865404,0.03524231964337045,-1.0,-0.07801072647489027,2023-10-17 07:00:00
2023-10-16 07:00:00,20.51,20.85,20.03,20.29,13597000,1141.42,622999800,1157.46,1140.64,-0.0115934491044646,1.0,0.0,20.290000000000024,20.51000000000003,20.85000000000003,20.03000000000003,-0.010784418246565997,2.2204460492503128e-16,-0.01078441824656611,0.04012279856708347,0.03360690234139927,-1.0,-0.0680137999014292,2023-10-17 07:00:00
2023-10-17 07:00:00,20.51,20.51,18.91,18.91,11010300,1121.65,566555000,1147.89,1121.65,-0.0174722858307635,1.0,0.0,18.910000000000025,20.51000000000003,20.51000000000003,18.910000000000025,-0.07043727116735717,0.010784418246566148,-0.0812216894139232,0.0812216894139233,0.03777341698470942,-1.0,-0.06874669487043905,2023-10-18 07:00:00
2023-10-18 07:00:00,18.99,19.12,17.61,17.61,24315300,1103.4,913483700,1125.27,1088.87,-0.0164044936209839,1.0,0.0,17.61000000000002,18.99000000000002,19.120000000000022,17.61000000000002,-0.07122396016225149,0.0042216421538280174,-0.07544560231607964,0.08226798511514041,0.04038729056011655,-1.0,-0.06416808631459403,2023-10-19 07:00:00
2023-10-19 07:00:00,17.48,17.74,16.48,16.48,23371600,1087.85,615746700,1104.03,1087.85,-0.014193050574119,1.0,0.0,16.480000000000018,17.480000000000018,17.74000000000002,16.480000000000018,-0.06631939802678918,-0.007409552280725488,-0.058909845746063685,0.07367445240010781,0.04131765327220628,1.0,0.06856796116504871,2023-10-20 07:00:00
2023-10-20 07:00:00,16.48,17.61,16.48,17.61,17629300,1108.03,592527800,1108.16,1073.73,0.0183803924887487,1.0,0.0,17.61000000000002,16.480000000000018,17.61000000000002,16.480000000000018,0.06631939802678928,0.0,0.06631939802678928,0.06631939802678928,0.04722506088005997,0.0,0.03918228279386726,2023-10-27 07:00:00
2023-10-23 07:00:00,17.69,18.17,17.31,17.35,15661500,1093.53,500482000,1106.8,1086.54,-0.0131726681702165,1.0,0.0,17.350000000000023,17.690000000000026,18.170000000000027,17.31000000000002,-0.014874416115246472,0.004532585663579361,-0.01940700177882582,0.04848751321996231,0.04492645694025739,1.0,0.06224783861671446,2023-10-24 07:00:00
2023-10-24 07:00:00,17.61,18.43,17.48,18.43,16056500,1105.9,443128900,1107.3,1088.17,0.0112484874985707,1.0,0.0,18.43000000000002,17.61000000000002,18.43000000000002,17.480000000000018,0.06038726528886349,0.014874416115246394,0.04551284917361718,0.05292240145434253,0.048053596121417144,-1.0,-0.0705371676614216,2023-10-26 07:00:00
2023-10-25 07:00:00,18.52,18.78,18.17,18.17,19797300,1101.66,482997000,1111.39,1100.64,-0.0038413499191637,1.0,0.0,18.170000000000027,18.520000000000024,18.780000000000026,18.170000000000027,-0.014207889273651826,0.004871457536301638,-0.019079346809953365,0.03302059137203694,0.045780945641788744,-1.0,-0.05723720418271905,2023-10-26 07:00:00
2023-10-26 07:00:00,17.52,17.61,16.92,17.13,37078300,1055.45,1129481400,1083.22,1049.71,-0.0428509169100711,1.0,0.0,17.13000000000002,17.520000000000024,17.610000000000024,16.920000000000023,-0.05894057007205158,-0.03642879689983449,-0.0225117731722171,0.039970568330037634,0.046326881003685004,1.0,0.06830122591943977,2023-10-27 07:00:00
2023-10-27 07:00:00,17.52,18.3,17.13,18.3,23893600,1060.62,638920300,1061.87,1037.46,0.0048864265237671,1.0,0.0,18.300000000000026,17.520000000000024,18.300000000000026,17.13000000000002,0.0660697475113469,0.022511773172217118,0.04355797433912994,0.0660697475113469,0.04986835794979948,1.0,0.05464480874316946,2023-11-03 07:00:00
2023-10-30 07:00:00,18.13,18.69,17.52,17.52,18924400,1042.4,465837000,1060.62,1042.4,-0.0173278959652111,1.0,0.0,17.520000000000024,18.130000000000024,18.690000000000026,17.520000000000024,-0.043557974339129904,-0.009333035080615603,-0.03422493925851417,0.06464553595922617,0.04890254804849942,1.0,0.08675799086757996,2023-11-02 07:00:00
2023-10-31 07:00:00,17.74,18.34,17.31,17.48,24265600,1028.19,705940300,1046.17,1025.03,-0.0137257719708193,1.0,0.0,17.48000000000002,17.74000000000002,18.34000000000002,17.310000000000016,-0.0022857152808561736,0.012478891373187844,-0.014764606654043914,0.05780009764020113,0.04654554789529922,1.0,0.0892448512585815,2023-11-02 07:00:00
2023-11-01 07:00:00,17.82,17.82,16.87,17.82,19774800,1039.66,603502200,1039.66,1020.01,0.0110937617676801,1.0,0.0,17.820000000000025,17.820000000000025,17.820000000000025,16.870000000000022,0.01926405181527406,0.01926405181527406,0.0,0.05478452548478634,0.04499071247327283,1.0,0.06846240179573515,2023-11-02 07:00:00
2023-11-02 07:00:00,18.21,19.04,18.08,19.04,26227800,1075.47,735677500,1075.47,1039.86,0.033864038708454,1.0,0.0,19.040000000000028,18.21000000000003,19.040000000000028,18.080000000000027,0.06622060732055603,0.02164947169685351,0.04457113562370249,0.051735674399188684,0.047838373223243594,1.0,0.08613445378151274,2023-11-08 07:00:00
2023-11-03 07:00:00,19.34,19.6,18.91,19.3,26869400,1076.78,703784300,1082.23,1071.11,0.0012173308507593,1.0,0.0,19.30000000000003,19.34000000000003,19.600000000000033,18.91000000000003,0.013563066547620566,0.015633460661928958,-0.002070394114308402,0.03583868356610568,0.04563665696174635,1.0,0.07150259067357512,2023-11-08 07:00:00
2023-11-06 07:00:00,19.51,19.73,19.12,19.73,14761800,1089.66,571437300,1089.66,1076.78,0.0118906147917523,1.0,0.0,19.730000000000032,19.510000000000034,19.730000000000032,19.12000000000003,0.022035224123684145,0.010822058724180145,0.011213165399504104,0.03140541241126885,0.04378239987164413,1.0,0.04815002534211854,2023-11-08 07:00:00
2023-11-07 07:00:00,19.43,19.86,19.21,19.34,17969100,1080.29,535907500,1089.89,1079.42,-0.0086361973663234,1.0,0.0,19.34000000000003,19.43000000000003,19.86000000000003,19.21000000000003,-0.019964830009375864,-0.015322056645175282,-0.004642773364200658,0.03327668183656127,0.042313106717003404,1.0,0.06928645294725966,2023-11-08 07:00:00
2023-11-08 07:00:00,19.3,20.68,19.17,20.68,26441000,1113.43,886220500,1113.43,1075.8,0.030215817288614,1.0,0.0,20.68000000000003,19.30000000000003,20.68000000000003,19.17000000000003,0.0669915596150802,-0.002070394114308402,0.0690619537293885,0.07582049258267522,0.0446855301183697,1.0,0.0459381044487428,2023-11-13 07:00:00
2023-11-09 07:00:00,21.11,21.8,20.85,21.2,28703200,1113.89,996860000,1124.78,1112.13,0.0004130524635349,1.0,0.0,21.200000000000035,21.11000000000004,21.80000000000004,20.850000000000037,0.024834132037738394,0.020579812220001124,0.004254319817737289,0.04455602155023303,0.042782355406481724,1.0,0.06509433962264155,2023-11-16 07:00:00
2023-11-10 07:00:00,20.9,22.41,20.9,21.11,35129600,1101.68,945389300,1116.02,1101.23,-0.011022105925417,1.0,0.0,21.11000000000003,20.90000000000003,22.410000000000036,20.90000000000003,-0.004254319817737666,-0.014252022707201615,0.009997702889463852,0.06975812884207044,0.04092656005435343,1.0,0.06963524396020859,2023-11-16 07:00:00
2023-11-13 07:00:00,21.42,21.76,20.98,21.63,22517300,1100.07,730190300,1107.91,1093.19,-0.0014624732934797,1.0,0.0,21.630000000000035,21.420000000000034,21.760000000000037,20.980000000000032,0.024334378104738204,0.014578203159373556,0.009756174945364656,0.03650381901959097,0.039207955431608266,1.0,0.043920480813684826,2023-11-16 07:00:00
2023-11-14 07:00:00,21.93,22.06,21.2,21.42,18092200,1109.73,766022100,1115.6,1101.67,0.0087429283493098,1.0,0.0,21.420000000000034,21.930000000000035,22.060000000000034,21.20000000000003,-0.009756174945364685,0.013774322464829422,-0.02353049741019416,0.039764832147389795,0.03778052689512065,1.0,0.05415499533146595,2023-11-16 07:00:00
2023-11-15 07:00:00,21.98,22.32,21.37,21.5,25530600,1122.5,882296600,1132.75,1118.74,0.0114415981417087,1.0,0.0,21.500000000000036,21.980000000000036,22.320000000000036,21.370000000000033,0.003727870114014391,0.02580788395587272,-0.02208001384185815,0.043495068182053946,0.035963941235744146,1.0,0.050232558139534866,2023-11-16 07:00:00
2023-11-16 07:00:00,21.29,22.58,21.29,22.58,28433000,1125.53,605124900,1125.53,1114.97,0.0026956951952242,1.0,0.0,22.580000000000037,21.29000000000004,22.580000000000037,21.29000000000004,0.04901162358789883,-0.009815456228228858,0.058827079816127774,0.058827079816127774,0.03637502320740487,-1.0,-0.051372896368467424,2023-11-23 07:00:00
2023-11-17 07:00:00,22.76,23.1,21.37,22.15,36148400,1101.19,1175535600,1129.84,1096.16,-0.0218626225869564,1.0,0.0,22.150000000000038,22.76000000000004,23.100000000000044,21.37000000000004,-0.01922706223037122,0.007940050536614437,-0.027167112766985586,0.07784454819669165,0.03584405282454673,1.0,0.0392776523702032,2023-11-22 07:00:00
2023-11-20 07:00:00,21.63,22.76,21.37,22.5,21034000,1103.66,750883200,1111.26,1085.32,0.0022405161650591,1.0,0.0,22.50000000000004,21.630000000000038,22.76000000000004,21.37000000000004,0.01567781271922979,-0.023756256526177185,0.03943406924540703,0.0630165399270738,0.0341555254319822,-1.0,-0.04799999999999982,2023-11-23 07:00:00
2023-11-21 07:00:00,22.93,22.97,22.32,22.45,16102300,1110.46,601828500,1112.77,1103.79,0.0061424144851209,1.0,0.0,22.45000000000004,22.93000000000004,22.970000000000038,22.32000000000004,-0.0022246950221111624,0.01893078765943859,-0.021155482681549778,0.02870587918789649,0.03268123640129829,-1.0,-0.0458797327394207,2023-11-23 07:00:00
2023-11-22 07:00:00,22.41,23.19,22.32,23.02,25656100,1113.82,812231500,1115.47,1103.26,0.0030212046646548,1.0,0.0,23.020000000000042,22.41000000000004,23.190000000000044,22.32000000000004,0.025072789105473364,-0.001783326375427594,0.02685611548090114,0.03823801375433017,0.03148776935151056,-1.0,-0.06950477845351866,2023-11-23 07:00:00
2023-11-23 07:00:00,23.15,23.32,21.42,21.42,37517100,1088.49,952327300,1118.54,1088.49,-0.0230041338616347,1.0,0.0,21.42000000000004,23.15000000000004,23.320000000000043,21.42000000000004,-0.07203833827413385,0.005631377238506381,-0.07766971551264025,0.08498629646268883,0.03882876629311401,0.0,-0.0023342670401492738,2023-11-30 07:00:00
2023-11-24 07:00:00,21.63,21.72,20.33,21.63,34208000,1095.61,900833700,1095.61,1073.31,0.006519871088157,1.0,0.0,21.630000000000038,21.630000000000038,21.720000000000038,20.330000000000034,0.009756174945364656,0.009756174945364656,0.0,0.06613586742547956,0.03700362694714945,0.0,0.004160887656033507,2023-12-01 07:00:00
2023-11-27 07:00:00,21.67,21.76,20.9,20.9,12984200,1088.06,507177400,1096.84,1085.69,-0.006914991811866,1.0,0.0,20.900000000000038,21.67000000000004,21.76000000000004,20.900000000000034,-0.03433208099420203,0.0018475755833003565,-0.036179656577502474,0.0403242630169767,0.03694197550028348,1.0,0.03923444976076573,2023-12-01 07:00:00
2023-11-28 07:00:00,20.77,21.33,20.38,21.2,18818000,1095.43,593255200,1095.43,1076.45,0.0067506862762256,1.0,0.0,21.20000000000004,20.770000000000035,21.330000000000037,20.380000000000035,0.014252022707201413,-0.006239521082744493,0.020491543789945995,0.04556050468868051,0.03542354897725552,1.0,0.08349056603773586,2023-12-04 07:00:00
2023-11-29 07:00:00,21.29,21.72,21.16,21.67,15253700,1102.8,562813100,1105.28,1095.43,0.0067054199192477,1.0,0.0,21.670000000000044,21.290000000000042,21.72000000000004,21.160000000000043,0.0219276338703011,0.0042362972274215815,0.017691336642879675,0.02612088807563587,0.03429080785307772,1.0,0.05999077065066882,2023-12-04 07:00:00
2023-11-30 07:00:00,21.67,22.06,21.37,21.37,16948400,1094.13,659979600,1107.45,1094.13,-0.0078928732457195,1.0,0.0,21.370000000000044,21.670000000000044,22.06000000000004,21.370000000000044,-0.013940746217211412,0.0,-0.013940746217211412,0.031777944494299944,0.033004434610722215,1.0,0.07487131492746824,2023-12-04 07:00:00
2023-12-01 07:00:00,21.67,21.98,21.24,21.72,13467800,1102.16,569333300,1102.2,1090.08,0.0073123638324216,1.0,0.0,21.72000000000004,21.670000000000044,21.980000000000043,21.24000000000004,0.01624542573467827,0.013940746217211412,0.0023046795174667817,0.03424675260173725,0.03171855973214269,1.0,0.057550644567219145,2023-12-04 07:00:00
2023-12-04 07:00:00,22.15,23.23,22.11,22.97,28946500,1120.49,1038038200,1123.96,1102.16,0.0164941988775757,1.0,0.0,22.97000000000004,22.150000000000038,23.230000000000043,22.11000000000004,0.05595552163527218,0.01960400142540977,0.036351520209862306,0.049414551912963046,0.03417744008243614,0.0,-0.0074009577710055785,2023-12-11 07:00:00
2023-12-05 07:00:00,22.97,23.19,22.84,22.93,17811000,1115.97,753445900,1124.11,1113.55,-0.0040421077544132,1.0,0.0,22.93000000000004,22.970000000000038,23.190000000000044,22.84000000000004,-0.0017429198311939352,-1.1102230246251565e-16,-0.001742919831193824,0.015207766479630938,0.03263380357373137,0.0,-0.0056694286960311535,2023-12-12 07:00:00
2023-12-06 07:00:00,22.93,23.71,22.67,23.58,23660000,1126.43,776768800,1126.43,1115.97,0.0093293577123331,1.0,0.0,23.58000000000004,22.93000000000004,23.710000000000043,22.67000000000004,0.027952798239411786,0.0,0.027952798239411786,0.044854435557876576,0.03168700651070765,-1.0,-0.03307888040712448,2023-12-11 07:00:00
2023-12-07 07:00:00,23.62,23.75,22.15,22.89,33278800,1121.49,1298392700,1129.83,1109.51,-0.0043951812808437,1.0,0.0,22.89000000000004,23.620000000000044,23.750000000000043,22.150000000000038,-0.029698761144749494,0.0016949156599915041,-0.031393676804741026,0.0697450339895056,0.03229664952821758,-1.0,-0.05111402359108763,2023-12-14 07:00:00
2023-12-08 07:00:00,22.97,23.45,22.58,23.15,24607100,1124.44,737605100,1127.46,1119.43,0.0026269756372601,1.0,0.0,23.15000000000004,22.970000000000038,23.450000000000042,22.580000000000037,0.011294646567767883,0.0034888827365315437,0.007805763831236424,0.037805936170772506,0.030775768435485008,-1.0,-0.03585313174945992,2023-12-13 07:00:00
2023-12-11 07:00:00,23.36,23.36,22.5,22.8,12432100,1125.5,618307400,1129.15,1120.32,0.0009422474185311,1.0,0.0,22.800000000000043,23.360000000000042,23.360000000000042,22.50000000000004,-0.01523424457184786,0.009030377427783171,-0.024264621999631093,0.03750984874965201,0.02994758436606349,-1.0,-0.047368421052631615,2023-12-14 07:00:00
2023-12-12 07:00:00,22.93,23.1,22.76,22.8,11030400,1127.63,539184200,1129.77,1123.35,0.0018907037184006,1.0,0.0,22.800000000000043,22.93000000000004,23.100000000000044,22.76000000000004,0.0,0.005685560909417838,-0.005685560909417738,0.014828008269617853,0.02850815989907157,-1.0,-0.047368421052631615,2023-12-14 07:00:00
2023-12-13 07:00:00,23.02,23.15,22.32,22.32,18992300,1114.2,763977100,1131.21,1112.08,-0.0119814264784724,1.0,0.0,22.320000000000043,23.020000000000046,23.150000000000045,22.320000000000046,-0.02127739844728485,0.009602867333341638,-0.030880265780626436,0.036511643019132685,0.028115813761683147,0.0,-1.1102230246251565e-16,2023-12-20 07:00:00
2023-12-14 07:00:00,22.71,22.71,21.72,21.72,16642400,1110.13,603922700,1120.36,1107.86,-0.0036595330208922,1.0,0.0,21.72000000000004,22.710000000000047,22.710000000000047,21.72000000000004,-0.027249642447375474,0.017322218604357006,-0.04457186105173261,0.044571861051732595,0.028067793909087334,1.0,0.02992633517495391,2023-12-19 07:00:00
2023-12-15 07:00:00,21.67,22.37,21.46,21.8,18783500,1102.3,684449900,1112.79,1102.3,-0.0070782195965531,1.0,0.0,21.80000000000004,21.67000000000004,22.37000000000004,21.46000000000004,0.0036764747293086273,-0.002304679517467028,0.00598115424677559,0.04153003829948578,0.026746032169436117,1.0,0.038073394495412805,2023-12-21 07:00:00
2023-12-18 07:00:00,22.06,22.41,21.89,22.02,9676600,1091.88,544297600,1103.74,1091.45,-0.0094979248126699,1.0,0.0,22.02000000000004,22.060000000000038,22.41000000000004,21.89000000000004,0.010041161499490497,0.01185604403031295,-0.0018148825308225006,0.023477376278063924,0.02566272037006964,1.0,0.027702089009990827,2023-12-21 07:00:00
2023-12-19 07:00:00,22.02,22.37,21.72,22.37,11754900,1096.3,561157600,1096.3,1082.29,0.0040398925238944,1.0,0.0,22.37000000000004,22.02000000000004,22.37000000000004,21.720000000000038,0.015769644207504402,0.0,0.015769644207504402,0.029487280436303505,0.024872542218320075,1.0,0.02905677246312033,2023-12-25 07:00:00
2023-12-20 07:00:00,22.5,22.58,22.24,22.32,6814300,1100.76,470483400,1102.27,1093.38,0.0040599766290701,1.0,0.0,22.32000000000004,22.50000000000004,22.580000000000037,22.240000000000038,-0.0022376379889280655,0.005794533708336091,-0.008032171697264267,0.015172089339134347,0.02368425350098285,1.0,0.03136200716845883,2023-12-25 07:00:00
2023-12-21 07:00:00,22.15,22.76,22.02,22.63,13706700,1102.43,451416900,1102.43,1094.47,0.001515983932238,1.0,0.0,22.630000000000038,22.150000000000038,22.76000000000004,22.02000000000004,0.01379332213233577,-0.007645641021965575,0.021438963154301306,0.03305347796359621,0.022851321472901955,1.0,0.02297834732655768,2023-12-26 07:00:00
2023-12-22 07:00:00,22.67,22.89,22.32,22.32,9669100,1103.06,496287600,1104.65,1099.32,0.0005713016310526,1.0,0.0,22.32000000000004,22.67000000000004,22.89000000000004,22.32000000000004,-0.01379332213233576,0.0017660048739917907,-0.01555932700632745,0.02521699645136501,0.022269116764022986,1.0,0.03136200716845883,2023-12-25 07:00:00
2023-12-25 07:00:00,22.41,23.1,22.32,23.02,16740400,1117.66,550839600,1118.31,1104.27,0.013149078099839,1.0,0.0,23.020000000000042,22.41000000000004,23.100000000000044,22.32000000000004,0.030880265780626442,0.004024150299725327,0.02685611548090114,0.034349480014637855,0.02304304227185265,0.0,-0.022589052997393555,2024-01-02 07:00:00
2023-12-26 07:00:00,23.19,23.32,22.89,23.15,16842400,1122.25,575288900,1123.11,1117.93,0.0040983846893471,1.0,0.0,23.15000000000004,23.190000000000044,23.320000000000043,22.89000000000004,0.005631377238506381,0.00735774797370372,-0.0017263707351973016,0.018611227517816492,0.02192661630952521,-1.0,-0.028077753779697567,2024-01-02 07:00:00
2023-12-27 07:00:00,23.28,23.45,22.97,22.97,12903200,1121.99,570737700,1126.47,1121.99,-0.0002317042750892,1.0,0.0,22.97000000000004,23.280000000000044,23.450000000000042,22.970000000000038,-0.007805763831236132,0.0055998423309941365,-0.013405606162230256,0.02068147819128165,0.021148122628072363,0.0,-0.0017414018284719335,2024-01-04 07:00:00
2023-12-28 07:00:00,23.02,23.54,22.97,23.1,18519400,1128.93,608466000,1130.58,1120.5,0.0061663870690413,1.0,0.0,23.100000000000044,23.020000000000042,23.540000000000042,22.970000000000038,0.0056436008267411,0.0021743865927298027,0.00346921423401132,0.024512085131123938,0.020135258452868312,-1.0,-0.025974025974025983,2024-01-02 07:00:00
2023-12-29 07:00:00,23.32,23.36,23.06,23.15,10736200,1129.93,616484900,1135.05,1129.93,0.0008854024289493,1.0,0.0,23.15000000000004,23.320000000000043,23.360000000000042,23.06000000000004,0.0021621630044950956,0.009478743954543739,-0.007316580950048592,0.012925643119113449,0.019154074509699952,-1.0,-0.028077753779697567,2024-01-02 07:00:00
2024-01-02 07:00:00,23.36,23.36,22.45,22.5,20527800,1131.72,777337200,1139.71,1128.69,0.0015829154588509,1.0,0.0,22.500000000000043,23.360000000000046,23.360000000000046,22.450000000000045,-0.028479471321868573,0.009030377427783391,-0.03750984874965193,0.039734543771763,0.02052595503784916,1.0,0.04400000000000004,2024-01-05 07:00:00
2024-01-03 07:00:00,22.37,22.84,22.37,22.76,11793500,1144.17,657568100,1144.17,1128.32,0.0109408839544567,1.0,0.0,22.76000000000004,22.37000000000004,22.84000000000004,22.37000000000004,0.01148930004775571,-0.0057945337083363125,0.01728383375609202,0.02079260928577108,0.019832459613659075,1.0,0.032073813708260124,2024-01-05 07:00:00
2024-01-04 07:00:00,22.76,23.49,22.63,22.93,25582200,1150.72,1141608900,1160.08,1144.17,0.0057083501048954,1.0,0.0,22.930000000000042,22.76000000000004,23.49000000000004,22.630000000000038,0.007441487611682875,0.0,0.007441487611682875,0.037298339025375445,0.018963201536907812,1.0,0.024422154382904626,2024-01-05 07:00:00
2024-01-05 07:00:00,23.02,23.58,23.02,23.49,27632300,1154.68,760282600,1155.84,1149.08,0.0034354158885108,1.0,0.0,23.490000000000045,23.020000000000046,23.580000000000044,23.020000000000046,0.024128701801008484,0.0039173064239235895,0.020211395377084766,0.024035491815488183,0.019267828323423254,1.0,0.022137079608344212,2024-01-08 07:00:00
2024-01-08 07:00:00,23.79,24.4,23.75,24.01,31694300,1160.19,814410600,1162.56,1155.48,0.0047605354995759,1.0,0.0,24.01000000000005,23.790000000000045,24.40000000000005,23.750000000000046,0.02189561156234066,0.012690525644044917,0.009205085918295875,0.027000601818506095,0.01912246524661553,-1.0,-0.03415243648479804,2024-01-10 07:00:00
2024-01-09 07:00:00,24.1,24.23,23.62,23.71,27019100,1158.59,799457700,1162.83,1155.46,-0.0013800362724652,1.0,0.0,23.71000000000005,24.10000000000005,24.23000000000005,23.620000000000047,-0.012573510155847718,0.0037414302634473638,-0.01631494041929514,0.02549772405921818,0.018986301669497573,-1.0,-0.0219316743989878,2024-01-10 07:00:00
2024-01-10 07:00:00,23.71,23.79,23.06,23.19,23271800,1161.54,935719400,1166.1,1155.94,0.0025429623251454,1.0,0.0,23.190000000000047,23.710000000000047,23.790000000000045,23.060000000000045,-0.022175748809873858,-1.1102230246251565e-16,-0.022175748809873743,0.031165809473953397,0.019678913018754324,-1.0,-0.02069857697283295,2024-01-15 07:00:00
2024-01-11 07:00:00,23.32,23.49,23.02,23.41,13921500,1162.22,782237200,1169.1,1157.43,0.0005852583910644,1.0,0.0,23.410000000000046,23.320000000000046,23.490000000000045,23.020000000000046,0.009442130235379091,0.005590210214851271,0.0038519200205277527,0.020211395377084766,0.018877967494999374,-1.0,-0.02605724049551461,2024-01-12 07:00:00
2024-01-12 07:00:00,23.1,23.19,22.58,22.8,30897600,1154.7,1037940400,1161.91,1146.75,-0.0064913992771673,1.0,0.0,22.800000000000047,23.100000000000048,23.190000000000047,22.580000000000044,-0.02640274554242418,-0.013330663975071455,-0.013072081567352775,0.026656592545924458,0.01990073864866519,1.0,0.024561403508772006,2024-01-18 07:00:00
2024-01-15 07:00:00,22.93,23.28,22.71,22.71,10934000,1154.12,559640600,1163.75,1154.12,-0.0005024211607667,1.0,0.0,22.71000000000005,22.93000000000005,23.280000000000054,22.71000000000005,-0.003955179842927831,0.005685560909418059,-0.009640740752345915,0.02478926674577007,0.018955858552102158,1.0,0.021136063408190298,2024-01-16 07:00:00
2024-01-16 07:00:00,22.58,23.19,22.54,23.19,10004600,1163.12,570974600,1163.12,1147.71,0.0077679008261266,1.0,0.0,23.19000000000005,22.580000000000048,23.19000000000005,22.54000000000005,0.020915795149973257,-0.005740797395951268,0.026656592545924458,0.02842964265581009,0.01919516473700757,0.0,0.0017248814144024127,2024-01-23 07:00:00
2024-01-17 07:00:00,23.23,23.62,23.1,23.23,16298300,1162.53,694094400,1168.46,1160.45,-0.0005073850430265,1.0,0.0,23.230000000000047,23.230000000000047,23.620000000000047,23.100000000000048,0.0017233955148773638,0.0017233955148773638,0.0,0.022261193241468254,0.018259100883864267,0.0,-1.1102230246251565e-16,2024-01-24 07:00:00
2024-01-18 07:00:00,23.49,23.71,23.28,23.36,17339200,1169.06,569563600,1169.73,1162.62,0.0056013424943843,1.0,0.0,23.36000000000005,23.49000000000005,23.710000000000054,23.280000000000054,0.005580611177708712,0.011130251888503785,-0.005549640710795176,0.018302277214076974,0.017418092060192313,0.0,-0.005565068493150971,2024-01-25 07:00:00
2024-01-19 07:00:00,23.58,23.66,23.02,23.02,14230500,1181.5,630781700,1181.5,1169.06,0.0105848105524347,1.0,0.0,23.020000000000046,23.580000000000044,23.660000000000046,23.020000000000046,-0.014661754666289866,0.009373737149198294,-0.02403549181548816,0.02742245525650408,0.017277458337967986,1.0,0.020417028670721038,2024-01-22 07:00:00
2024-01-22 07:00:00,23.1,23.54,22.84,23.49,18383700,1182.86,770796000,1186.96,1175.54,0.0011504171530495,1.0,0.0,23.490000000000045,23.100000000000048,23.540000000000045,22.840000000000046,0.020211395377084766,0.00346921423401132,0.01674218114307341,0.030187717044321,0.017518931557799024,0.0,-0.01660280970625816,2024-01-29 07:00:00
2024-01-23 07:00:00,23.66,23.66,23.23,23.23,8125600,1177.5,600595700,1184.74,1173.78,-0.0045416878894391,1.0,0.0,23.230000000000043,23.660000000000043,23.660000000000043,23.230000000000043,-0.011130251888503659,0.007211059879419159,-0.018341311767922863,0.01834131176792284,0.017125169936313054,0.0,0.0038743004735255493,2024-01-30 07:00:00
2024-01-24 07:00:00,23.23,23.49,23.15,23.23,10296100,1172.97,644055900,1180.3,1172.0,-0.0038545530117249,1.0,0.0,23.230000000000043,23.230000000000043,23.49000000000004,23.15000000000004,0.0,0.0,0.0,0.01458001813857821,0.016290772594128936,0.0,0.009470512268618059,2024-01-31 07:00:00
2024-01-25 07:00:00,23.28,23.49,23.15,23.23,9445100,1170.37,480699500,1173.83,1168.5,-0.0022190557639197,1.0,0.0,23.230000000000043,23.280000000000044,23.49000000000004,23.15000000000004,0.0,0.002150076080919437,-0.0021500760809192924,0.01458001813857821,0.015496895038949077,1.0,0.0206629358588033,2024-02-01 07:00:00
2024-01-26 07:00:00,23.32,23.75,23.28,23.32,12540400,1175.67,498217000,1176.76,1173.26,0.0045182597197632,1.0,0.0,23.320000000000043,23.320000000000043,23.750000000000043,23.280000000000044,0.0038668146999737913,0.0038668146999737913,0.0,0.01998790761741307,0.014773321011157725,1.0,0.01672384219554024,2024-02-01 07:00:00
2024-01-29 07:00:00,23.41,23.45,23.1,23.1,9100100,1175.69,552811300,1180.46,1174.88,1.7011431682565616e-05,1.0,0.0,23.10000000000004,23.410000000000043,23.450000000000042,23.100000000000044,-0.009478743954543883,0.0038519200205277527,-0.013330663975071568,0.015037877364540502,0.014396301426750437,1.0,0.015151515151515138,2024-01-31 07:00:00
2024-01-30 07:00:00,23.19,23.45,23.19,23.32,9309500,1179.65,564656400,1179.92,1174.13,0.0033625750263484,1.0,0.0,23.320000000000043,23.190000000000044,23.450000000000042,23.190000000000044,0.009478743954543959,0.003888533739692596,0.005590210214851271,0.011149343624847942,0.013992936993013861,1.0,0.01672384219554024,2024-02-01 07:00:00
2024-01-31 07:00:00,23.54,23.84,23.32,23.45,26054200,1164.31,1022547900,1182.53,1163.13,-0.0130891474349655,1.0,0.0,23.450000000000042,23.540000000000042,23.840000000000042,23.320000000000043,0.005559133409996646,0.009389740349838917,-0.003830606939842313,0.02205348071485722,0.01338590922917421,1.0,0.020042643923241066,2024-02-02 07:00:00
2024-02-01 07:00:00,23.54,23.97,23.49,23.71,16140100,1173.02,578639500,1174.5,1162.45,0.0074529829487441,1.0,0.0,23.710000000000043,23.540000000000042,23.97000000000004,23.49000000000004,0.011026405185025885,0.003830606939842185,0.0071957982451836,0.020228249775471444,0.013066451637500427,0.0,0.010965837199493844,2024-02-15 07:00:00
2024-02-02 07:00:00,23.92,24.7,23.79,23.92,26331600,1172.55,790756000,1178.27,1169.7,-0.0004007554720518,1.0,0.0,23.920000000000048,23.920000000000048,24.70000000000005,23.790000000000045,0.008818029005116945,0.008818029005116945,0.0,0.03753791931906524,0.012587048860520735,0.0,0.007525083612040184,2024-02-16 07:00:00
2024-02-05 07:00:00,24.05,24.1,23.62,23.84,16056100,1186.06,769953100,1188.45,1173.54,0.0114560251628039,1.0,0.0,23.840000000000046,24.05000000000005,24.10000000000005,23.620000000000047,-0.0033500868852820854,0.0054200674693393345,-0.008770154354621345,0.020118029727393235,0.01211687164254611,0.0,0.001677852348993314,2024-02-19 07:00:00
2024-02-06 07:00:00,23.88,24.1,23.79,23.84,10125400,1188.48,566198900,1190.92,1185.68,0.0020382902270333,1.0,0.0,23.840000000000046,23.880000000000045,24.10000000000005,23.790000000000045,0.0,0.0016764463272523522,-0.00167644632725226,0.01294651618174322,0.011545330217399289,0.0,-0.002097315436241587,2024-02-20 07:00:00
2024-02-07 07:00:00,23.88,23.92,23.58,23.62,18341400,1198.53,664714300,1199.52,1190.5,0.0084206261259865,1.0,0.0,23.620000000000047,23.880000000000045,23.920000000000048,23.580000000000044,-0.009271031427932681,0.0016764463272523522,-0.010947477755184933,0.0143160339732063,0.011497557871952242,1.0,0.014817950889076892,2024-02-15 07:00:00
2024-02-15 07:00:00,23.79,23.97,23.58,23.97,16420600,1202.5,843733100,1207.56,1198.53,0.0033069171296432,1.0,0.0,23.970000000000045,23.790000000000045,23.970000000000045,23.580000000000044,0.014709237677076584,0.007171513545650003,0.007537724131426673,0.01640415333706813,0.011694242883347816,-1.0,-0.017939090529829005,2024-02-21 07:00:00
2024-02-16 07:00:00,24.23,24.57,24.05,24.1,25679100,1209.7,783875500,1210.25,1204.29,0.0059696719858862,1.0,0.0,24.100000000000048,24.23000000000005,24.57000000000005,24.05000000000005,0.005408792050316452,0.010788486382141634,-0.005379694331825167,0.02139118998131756,0.011163597107314863,-1.0,-0.012863070539419152,2024-02-20 07:00:00
2024-02-19 07:00:00,24.14,24.14,23.71,23.88,19153300,1224.97,975154800,1225.48,1212.58,0.0125439589172265,1.0,0.0,23.880000000000045,24.14000000000005,24.14000000000005,23.710000000000047,-0.009170551972208053,0.0016583751727763474,-0.010828927144984343,0.017973315592071534,0.011191633758672256,-1.0,-0.014237855946398814,2024-02-21 07:00:00
2024-02-20 07:00:00,23.97,24.18,23.71,23.79,15936300,1230.06,843779800,1230.47,1222.66,0.0041465947815096,1.0,0.0,23.790000000000045,23.970000000000045,24.18000000000005,23.710000000000047,-0.0037759642095349624,0.003761759921891586,-0.007537724131426634,0.01962894510933253,0.010761044611206704,-1.0,-0.018074821353510018,2024-02-22 07:00:00
2024-02-21 07:00:00,23.79,23.92,23.41,23.54,20435400,1230.04,886110400,1234.22,1222.92,-1.6259501646571377e-05,1.0,0.0,23.540000000000042,23.790000000000042,23.920000000000044,23.410000000000043,-0.010564222482735799,-1.1102230246251565e-16,-0.010564222482735575,0.02155164757961166,0.01080738642505056,-1.0,-0.038657604078164765,2024-02-23 07:00:00
2024-02-22 07:00:00,23.54,23.62,23.36,23.36,12816100,1227.31,795021800,1232.09,1226.15,-0.0022219066255418,1.0,0.0,23.360000000000042,23.540000000000042,23.620000000000044,23.360000000000042,-0.007675943872104291,0.0,-0.007675943872104291,0.011068652809190064,0.010527090065426703,-1.0,-0.03125,2024-02-23 07:00:00
2024-02-23 07:00:00,23.45,23.45,22.5,22.63,27786500,1212.0,1245742100,1240.81,1211.55,-0.0125528949080905,1.0,0.0,22.63000000000004,23.450000000000042,23.450000000000042,22.50000000000004,-0.0317486983145803,0.0038453369322619542,-0.035594035246842314,0.041355185681914076,0.013667187029461333,1.0,0.04551480335837388,2024-02-27 07:00:00
2024-02-26 07:00:00,22.67,22.97,22.5,22.89,13352200,1224.17,834749900,1225.21,1210.52,0.0099911756877318,1.0,0.0,22.890000000000047,22.670000000000048,22.970000000000045,22.500000000000046,0.011423674319029438,0.0017660048739917907,0.009657669445037566,0.020673707490632284,0.013785312473780504,1.0,0.03363914373088672,2024-02-27 07:00:00
2024-02-27 07:00:00,23.02,23.66,22.89,23.66,18912300,1237.46,916784900,1237.6,1226.49,0.0107978283711236,1.0,0.0,23.660000000000046,23.020000000000046,23.660000000000046,22.890000000000047,0.03308572458576527,0.005663269329261212,0.02742245525650408,0.03308572458576527,0.01690726316681749,1.0,0.027472527472527153,2024-03-04 07:00:00
2024-02-28 07:00:00,23.79,23.79,23.23,23.36,13613400,1254.55,899523200,1254.55,1236.32,0.0137160508406523,1.0,0.0,23.360000000000042,23.790000000000042,23.790000000000042,23.230000000000043,-0.012760700590214573,0.005479465764625349,-0.018240166354839916,0.023820777532548385,0.016609030120643367,1.0,0.020547945205479534,2024-03-01 07:00:00
2024-02-29 07:00:00,23.45,24.05,23.36,23.62,28065800,1252.73,1012951600,1264.39,1247.7,-0.0014517726936435,1.0,0.0,23.620000000000047,23.450000000000045,24.05000000000005,23.360000000000046,0.011068652809190064,0.0038453369322621754,0.007223315876927902,0.029109838591743927,0.016164540251127565,1.0,0.029212531752751625,2024-03-04 07:00:00
2024-03-01 07:00:00,23.79,23.97,23.62,23.84,13412300,1258.28,890614800,1258.76,1247.87,0.0044205391756994,1.0,0.0,23.840000000000046,23.790000000000045,23.970000000000045,23.620000000000047,0.009271031427932714,0.007171513545650003,0.002099517882282688,0.014709237677076584,0.015586223609386466,1.0,0.019714765100670828,2024-03-04 07:00:00
2024-03-04 07:00:00,24.18,24.92,24.18,24.31,49273800,1261.41,1060738400,1268.25,1256.54,0.002484433886685,1.0,0.0,24.31000000000004,24.180000000000042,24.920000000000044,24.180000000000042,0.019522946130882676,0.014161002989497488,0.005361943141385373,0.030144848732605735,0.01577771170293582,-1.0,-0.033730974907445255,2024-03-06 07:00:00
2024-03-05 07:00:00,24.36,24.49,23.97,24.1,19130700,1269.98,927988200,1269.98,1257.81,0.0067710093996307,1.0,0.0,24.100000000000048,24.36000000000005,24.490000000000048,23.970000000000045,-0.008675947831422406,0.0020546545136645973,-0.010730602345087006,0.021461822517783464,0.01543530869191824,-1.0,-0.025311203319502096,2024-03-06 07:00:00
2024-03-06 07:00:00,24.1,24.18,23.45,23.49,23821600,1262.73,1001224394,1277.51,1256.3,-0.005725108522239,1.0,0.0,23.490000000000045,24.10000000000005,24.18000000000005,23.450000000000045,-0.02563704182578791,2.2204460492503128e-16,-0.025637041825788135,0.030655350294358293,0.01690160898630749,-1.0,-0.0221370796083441,2024-03-08 07:00:00
2024-03-07 07:00:00,23.45,23.79,23.1,23.66,28910200,1268.46,948074000,1269.88,1260.24,0.0045275224601955,1.0,0.0,23.660000000000046,23.450000000000045,23.790000000000045,23.100000000000048,0.007211059879419379,-0.0017043037785329689,0.008915363657952329,0.029432706787118193,0.016242791400254773,-1.0,-0.029163144547760034,2024-03-08 07:00:00
2024-03-08 07:00:00,23.79,23.84,22.97,22.97,32128300,1247.35,1308498300,1274.3,1247.35,-0.0167822653198502,1.0,0.0,22.97000000000004,23.790000000000042,23.840000000000042,22.970000000000038,-0.02959684184923394,0.005479465764625349,-0.03507630761385936,0.03717582549614223,0.017874560221616667,1.0,0.03569873748367414,2024-03-14 07:00:00
2024-03-11 07:00:00,22.97,23.19,22.54,22.67,18539000,1235.49,922753300,1254.01,1233.49,-0.0095536484084502,1.0,0.0,22.670000000000044,22.970000000000038,23.190000000000044,22.54000000000004,-0.013146552181569078,-1.1102230246251565e-16,-0.013146552181568965,0.028429642655810303,0.017296631227901302,1.0,0.0304367004852224,2024-03-13 07:00:00
2024-03-12 07:00:00,22.71,23.06,22.58,22.8,13972900,1245.0,792213500,1248.33,1233.14,0.0076678773920125,1.0,0.0,22.800000000000043,22.71000000000004,23.06000000000004,22.580000000000037,0.0057180714409573894,0.001762891598029247,0.0039551798429282355,0.021034956119397163,0.016689909199316948,1.0,0.024561403508771562,2024-03-13 07:00:00
2024-03-13 07:00:00,22.97,23.36,22.8,23.36,14820100,1270.51,890291900,1270.51,1245.25,0.0202828647473972,1.0,0.0,23.36000000000004,22.970000000000038,23.360000000000042,22.80000000000004,0.024264621999630864,0.007428480740611654,0.016836141259019364,0.024264621999631298,0.017833307935473008,1.0,0.018407534246575263,2024-03-14 07:00:00
2024-03-14 07:00:00,23.62,24.05,23.36,23.79,35281500,1264.26,1021281000,1276.41,1258.67,-0.0049314238894339,1.0,0.0,23.79000000000004,23.620000000000037,24.05000000000004,23.360000000000035,0.018240166354839923,0.011068652809189845,0.007171513545650223,0.029109838591744142,0.017843398417589276,1.0,0.036569987389659664,2024-03-15 07:00:00
2024-03-15 07:00:00,23.92,25.09,23.84,24.66,69887600,1263.78,1008834600,1271.63,1252.36,-0.0003797408314489,1.0,0.0,24.660000000000043,23.920000000000044,25.090000000000046,23.840000000000042,0.03591717342133207,0.005449604767564906,0.030467568653767072,0.051104518181181974,0.019870259305910222,1.0,0.06853203568532051,2024-03-18 07:00:00
2024-03-18 07:00:00,25.01,26.35,24.92,26.35,78932200,1243.56,1616423600,1269.9,1221.67,-0.0161289959411958,1.0,0.0,26.35000000000005,25.01000000000005,26.350000000000055,24.92000000000005,0.06628577725117324,0.014093247153329847,0.05219253009784361,0.05579758106811903,0.02644383757664998,1.0,0.040986717267551986,2024-03-21 07:00:00
2024-03-19 07:00:00,26.78,26.78,25.87,25.87,28335800,1242.46,782479600,1249.75,1238.92,-0.000884948690507,1.0,0.0,25.87000000000005,26.780000000000054,26.780000000000054,25.870000000000054,-0.018384278789433543,0.01618706527565515,-0.034571344065088785,0.03457134406508872,0.026637098999291065,1.0,0.06030150753768804,2024-03-21 07:00:00
2024-03-20 07:00:00,25.83,26.65,25.57,26.3,29500600,1260.08,859094600,1261.55,1235.46,0.0140819256998606,1.0,0.0,26.300000000000047,25.830000000000044,26.650000000000045,25.570000000000046,0.016484942985781015,-0.0015473890901889287,0.018032332075969888,0.041369361308758255,0.02546691248060496,1.0,0.04296577946768054,2024-03-21 07:00:00
2024-03-21 07:00:00,26.74,27.77,25.87,27.43,44811900,1276.42,1135242300,1276.42,1264.2,0.0128840733571072,1.0,0.0,27.430000000000046,26.740000000000045,27.77000000000005,25.870000000000047,0.04206836576579293,0.016591632490078043,0.025476733275714675,0.0708723051207704,0.02621821335693311,1.0,0.0331753554502372,2024-03-27 07:00:00
2024-03-22 07:00:00,27.69,27.95,26.87,27.65,24601900,1281.8,1180774200,1291.27,1276.38,0.0042060557195391,1.0,0.0,27.650000000000045,27.69000000000005,27.95000000000005,26.870000000000047,0.007988423018831821,0.009434032233358714,-0.0014456092145269438,0.03940677697370836,0.02496683072662747,0.0,0.007594936708861022,2024-03-29 07:00:00
2024-03-25 07:00:00,27.56,28.55,27.43,27.69,25546500,1267.86,1165944800,1286.84,1264.51,-0.0109349002632356,1.0,0.0,27.69000000000005,27.56000000000005,28.55000000000005,27.43000000000005,0.001445609214526841,-0.003260281822885859,0.004705891037412714,0.040019631152507305,0.023942790160896586,1.0,0.04694835680751175,2024-04-01 07:00:00
2024-03-26 07:00:00,27.52,28.25,27.17,27.65,17271700,1282.21,858426100,1282.5,1264.42,0.0112547118111583,1.0,0.0,27.65000000000005,27.52000000000005,28.25000000000005,27.17000000000005,-0.0014456092145267215,-0.006158324117727572,0.00471271490320093,0.03898003415419353,0.023061146419080508,1.0,0.024954792043399676,2024-03-27 07:00:00
2024-03-27 07:00:00,27.73,28.99,27.47,28.34,22462300,1283.09,803249600,1286.72,1276.95,0.0006860796277381,1.0,0.0,28.340000000000053,27.73000000000005,28.990000000000048,27.47000000000005,0.02464850629419061,0.002889131659342974,0.021759374634847877,0.05385644282638158,0.022407983844839056,1.0,0.022935779816513735,2024-04-01 07:00:00
2024-03-28 07:00:00,28.55,28.64,28.25,28.29,12618800,1290.18,888388100,1293.9,1285.52,0.0055105122595652,1.0,0.0,28.290000000000052,28.55000000000005,28.64000000000005,28.25000000000005,-0.001765848949058532,0.0073827018394847085,-0.009148550788543297,0.013710884499994858,0.02165278721632375,1.0,0.02474372569812644,2024-04-01 07:00:00
2024-03-29 07:00:00,28.29,28.38,27.73,27.86,16886600,1284.09,790542600,1293.04,1282.44,-0.0047314472539336,1.0,0.0,27.860000000000053,28.290000000000056,28.380000000000056,27.730000000000057,-0.015316416961816093,2.2204460492503128e-16,-0.015316416961816319,0.023169812104209726,0.021929851876334654,1.0,0.040559942569992735,2024-04-01 07:00:00
2024-04-01 07:00:00,27.86,29.33,27.82,28.99,26743300,1281.52,899388500,1286.8,1274.09,-0.0020034228581906,1.0,0.0,28.99000000000005,27.86000000000005,29.33000000000005,27.82000000000005,0.0397589745819044,-1.1102230246251565e-16,0.0397589745819044,0.05285569649406283,0.02303519648470976,-1.0,-0.05070714039323909,2024-04-03 07:00:00
2024-04-02 07:00:00,28.68,29.25,28.29,29.07,18671400,1287.04,1031022100,1287.04,1268.48,0.0042981347510045,1.0,0.0,29.07000000000005,28.68000000000005,29.250000000000053,28.29000000000005,0.0027557716372204532,-0.01075092720214453,0.013506698839365021,0.033371188364389785,0.022031474257221625,-1.0,-0.05331957344341243,2024-04-03 07:00:00
2024-04-03 07:00:00,28.99,28.99,27.52,27.52,27588400,1271.47,995560400,1288.99,1271.47,-0.0121712967405074,1.0,0.0,27.52000000000005,28.990000000000048,28.990000000000048,27.52000000000005,-0.05479370150564162,-0.002755771637220448,-0.052037929868421026,0.05203792986842107,0.028567627890496303,1.0,0.03597383720930214,2024-04-09 07:00:00
2024-04-04 07:00:00,27.86,28.9,27.43,27.86,31924800,1268.25,921606500,1277.62,1265.12,-0.0025357139569257,1.0,0.0,27.860000000000053,27.860000000000056,28.900000000000055,27.430000000000053,0.012278955286516806,0.012278955286517027,-1.1102230246251565e-16,0.052204290168874595,0.027300604591843407,0.0,0.02476669059583614,2024-04-11 07:00:00
2024-04-05 07:00:00,27.47,28.51,27.34,27.69,24872100,1255.11,1034849200,1265.14,1253.56,-0.0104147793195091,1.0,0.0,27.690000000000055,27.470000000000052,28.51000000000006,27.340000000000053,-0.006120631168789068,-0.014097468244477104,0.007976837075688034,0.041904071628777136,0.02615939543498495,1.0,0.029613578909353233,2024-04-09 07:00:00
2024-04-08 07:00:00,27.69,28.25,27.52,27.77,17973700,1250.35,790344900,1258.4,1246.87,-0.0037997060236276,1.0,0.0,27.77000000000005,27.69000000000005,28.25000000000005,27.52000000000005,0.0028849641358375706,-1.1102230246251565e-16,0.0028849641358375706,0.026180444527307004,0.024882971915155146,1.0,0.026647461289160956,2024-04-09 07:00:00
2024-04-09 07:00:00,27.82,28.51,27.52,28.51,17300600,1262.82,648177200,1262.82,1247.7,0.0099238032754728,1.0,0.0,28.510000000000048,27.820000000000043,28.510000000000044,27.520000000000042,0.026298601605872437,0.0017988851765884334,0.024499716429283863,0.035341889859437745,0.02465932477419982,-1.0,-0.051560855840055986,2024-04-15 07:00:00
2024-04-10 07:00:00,28.51,28.64,27.95,27.95,16980300,1258.56,633149400,1268.72,1258.56,-0.0033791051356908,1.0,0.0,27.950000000000045,28.510000000000044,28.640000000000047,27.950000000000042,-0.01983770332347246,-1.1102230246251565e-16,-0.019837703323472348,0.024387142491336836,0.0246666673345076,1.0,0.040071556350626425,2024-04-12 07:00:00
2024-04-11 07:00:00,27.56,28.81,27.56,28.55,22049900,1258.2,642873900,1262.03,1248.11,-0.0002860821075153,1.0,0.0,28.55000000000005,27.56000000000005,28.81000000000005,27.56000000000005,0.021239736500911197,-0.01405175345565019,0.03529148995656149,0.04435710295097927,0.024090623520306394,-1.0,-0.052889667250437755,2024-04-15 07:00:00
2024-04-12 07:00:00,28.73,29.38,28.64,29.07,23388900,1276.6,696705300,1278.39,1259.02,0.0145181656860276,1.0,0.0,29.070000000000054,28.73000000000005,29.380000000000052,28.64000000000005,0.018049778468765338,0.006284936889178886,0.01176484157958643,0.02550982865328639,0.023258397295524973,-1.0,-0.06983144134846919,2024-04-15 07:00:00
2024-04-15 07:00:00,28.86,29.12,27.04,27.04,35671500,1216.61,1056598900,1281.81,1216.61,-0.0481319913406601,1.0,0.0,27.04000000000005,28.86000000000005,29.120000000000054,27.04000000000005,-0.07238946339602119,-0.007250161225059863,-0.06513930217096138,0.07410797215372204,0.03237248454748635,-1.0,-0.03698224852071008,2024-04-16 07:00:00
2024-04-16 07:00:00,26.78,26.82,25.31,26.04,45670500,1215.68,1214696500,1222.45,1191.73,-0.0007647114820359,1.0,0.0,26.040000000000045,26.780000000000047,26.820000000000046,25.310000000000045,-0.037683433834394875,-0.009661910911736972,-0.028021522922658023,0.05794830329649971,0.03267479956897984,-1.0,-0.043010752688171894,2024-04-17 07:00:00
2024-04-17 07:00:00,26.22,26.35,24.92,24.92,26638200,1193.01,766171800,1221.47,1193.01,-0.0188240657068022,1.0,0.0,24.920000000000048,26.220000000000045,26.350000000000048,24.920000000000044,-0.04396312342111594,0.006888660995185316,-0.05085178441630122,0.05579758106811903,0.033237701293013365,-1.0,-0.04855537720706271,2024-04-19 07:00:00
2024-04-19 07:00:00,24.23,25.09,23.41,23.71,38934500,1174.85,1024630300,1190.96,1165.99,-0.0153390454378443,1.0,0.0,23.710000000000043,24.230000000000043,25.090000000000046,23.410000000000043,-0.0497737938419384,-0.02807915909081819,-0.02169463475112015,0.06930607887551155,0.0339632912601269,1.0,0.04555040067482086,2024-04-24 07:00:00
2024-04-22 07:00:00,24.4,24.62,23.79,24.31,18528700,1190.22,615914300,1193.88,1181.13,0.012997684113458,1.0,0.0,24.31000000000005,24.40000000000005,24.62000000000005,23.790000000000045,0.024990888250718105,0.028686232221842235,-0.0036953439711241453,0.03429379644144138,0.03422149800136296,-1.0,-0.04607157548334018,2024-04-23 07:00:00
2024-04-23 07:00:00,24.31,24.4,23.02,23.19,22766300,1177.4,672945800,1192.8,1169.61,-0.0108295463739111,1.0,0.0,23.190000000000047,24.31000000000005,24.40000000000005,23.020000000000046,-0.047166637060591696,0.0,-0.047166637060591696,0.05821972900541961,0.03452847341744402,1.0,0.06899525657611028,2024-04-24 07:00:00
2024-04-24 07:00:00,23.66,24.79,23.62,24.79,25333700,1205.61,691475300,1207.61,1177.4,0.0236770453088072,1.0,0.0,24.79000000000005,23.660000000000046,24.79000000000005,23.620000000000047,0.06671919477965874,0.02006470728280041,0.046654487496858486,0.04834653527788279,0.040606297596006764,-1.0,-0.06292860024203317,2024-05-02 07:00:00
2024-04-25 07:00:00,24.7,24.75,24.18,24.49,15069200,1204.97,489174900,1208.41,1200.21,-0.0005309925536902,1.0,0.0,24.490000000000048,24.70000000000005,24.75000000000005,24.18000000000005,-0.012175475083022778,-0.0036371024131676617,-0.00853837266985521,0.02329964382805264,0.038684418221992284,-1.0,-0.05144957125357297,2024-05-02 07:00:00
2024-04-26 07:00:00,24.14,24.66,23.97,24.05,21396900,1209.52,574409200,1216.6,1198.73,0.0037689163226677,1.0,0.0,24.050000000000047,24.14000000000005,24.66000000000005,23.970000000000045,-0.018129874412306245,-0.014394655294690839,-0.0037352191176153885,0.028379449289905448,0.03698619765127212,0.0,0.029106029106028997,2024-05-08 07:00:00
2024-05-02 07:00:00,23.62,23.75,22.67,23.23,34452500,1216.36,513763800,1216.36,1206.28,0.0056392056708126,1.0,0.0,23.230000000000043,23.620000000000044,23.750000000000043,22.67000000000004,-0.03469044976945253,-0.018041185782554,-0.016649263986898474,0.04654006596121268,0.03616398621154137,1.0,0.04649160568230726,2024-05-06 07:00:00
2024-05-03 07:00:00,23.58,23.71,23.19,23.23,12391000,1221.03,567269900,1225.75,1218.33,0.0038319724906782,1.0,0.0,23.230000000000043,23.58000000000004,23.710000000000043,23.190000000000044,0.0,0.014954348326906947,-0.014954348326906976,0.022175748809873757,0.03451836590357626,1.0,0.04649160568230726,2024-05-06 07:00:00
2024-05-06 07:00:00,23.58,24.4,23.28,24.31,21566000,1241.58,666198300,1241.58,1224.22,0.0166899972183558,1.0,0.0,24.31000000000004,23.58000000000004,24.40000000000004,23.280000000000044,0.04544324154571412,0.014954348326906947,0.030488893218807097,0.046988509435918945,0.03664943119795416,0.0,0.014397367338544242,2024-05-13 07:00:00
2024-05-07 07:00:00,24.36,24.4,23.92,24.1,13921600,1248.63,592485900,1250.63,1240.09,0.0056621881973492,1.0,0.0,24.100000000000048,24.36000000000005,24.40000000000005,23.920000000000048,-0.008675947831422406,0.0020546545136645973,-0.010730602345087006,0.019868203216725184,0.03489574836055665,0.0,0.01784232365145222,2024-05-14 07:00:00
2024-05-08 07:00:00,23.71,25.09,23.28,24.75,28545700,1250.46,819607600,1251.62,1234.76,0.0014645333518127,1.0,0.0,24.750000000000046,23.710000000000043,25.090000000000046,23.280000000000044,0.026613648518089904,-0.016314940419295366,0.042928588937385256,0.0748747375150938,0.03444673172011781,0.0,-0.0036363636363634377,2024-05-15 07:00:00
2024-05-09 07:00:00,25.05,25.22,24.23,24.31,15533200,1248.64,638850100,1256.8,1243.29,-0.0014565246062624,1.0,0.0,24.31000000000005,25.05000000000005,25.22000000000005,24.23000000000005,-0.017937700686667207,0.012048338516174574,-0.029986039202841815,0.04004579570833908,0.033157460952352634,0.0,0.021390374331550666,2024-05-16 07:00:00
2024-05-10 07:00:00,24.49,25.01,24.27,24.75,20979000,1244.7,593429800,1252.5,1237.46,-0.0031604219877597,1.0,0.0,24.75000000000005,24.490000000000048,25.01000000000005,24.27000000000005,0.01793770068666725,0.007377082636044274,0.010560618050622922,0.0300347251510176,0.0321435785575472,0.0,0.022626262626262328,2024-05-17 07:00:00
2024-05-13 07:00:00,24.92,24.96,24.01,24.66,13827800,1240.18,636191500,1249.2,1233.56,-0.0036380066524073,1.0,0.0,24.66000000000005,24.92000000000005,24.96000000000005,24.01000000000005,-0.003642991278501092,0.00684520490455313,-0.010488196183054245,0.03880413326806485,0.030587465735192793,0.0,0.019464720194646956,2024-05-20 07:00:00
2024-05-14 07:00:00,24.7,24.96,24.49,24.53,11075800,1243.28,529153100,1252.52,1240.88,0.0024965182528318,1.0,0.0,24.530000000000047,24.700000000000042,24.960000000000043,24.49000000000004,-0.005285639465800429,0.001620745897732901,-0.006906385363533341,0.019009672537150652,0.02912333373431917,1.0,0.03179779861394194,2024-05-17 07:00:00
2024-05-15 07:00:00,24.66,24.92,24.44,24.66,14586500,1254.39,759159700,1257.92,1243.28,0.0088963500182355,1.0,0.0,24.66000000000005,24.66000000000005,24.92000000000005,24.44000000000005,0.005285639465800461,0.005285639465800461,0.0,0.01944955961585788,0.02777472658981061,1.0,0.02798053527980504,2024-05-22 07:00:00
2024-05-16 07:00:00,25.14,25.53,24.83,24.83,17896100,1268.78,808769400,1271.66,1261.19,0.0114064102051563,1.0,0.0,24.830000000000044,25.140000000000047,25.530000000000047,24.83000000000004,0.0068701017838768644,0.01927770542590288,-0.012407603642026213,0.02780163173331742,0.026518687906385754,0.0,0.01772049939589171,2024-05-23 07:00:00
2024-05-17 07:00:00,24.83,25.35,24.75,25.31,18538300,1273.11,830841100,1274.27,1266.32,0.0034069170485126,1.0,0.0,25.310000000000045,24.83000000000004,25.350000000000048,24.750000000000043,0.019146975036957496,-1.1102230246251565e-16,0.019146975036957496,0.023953241022493015,0.02587705310541332,-1.0,-0.04978269458711981,2024-05-24 07:00:00
2024-05-20 07:00:00,25.78,25.78,25.14,25.14,14256800,1277.58,957652300,1285.19,1277.36,0.0035049375471011,1.0,0.0,25.140000000000043,25.780000000000047,25.780000000000047,25.140000000000047,-0.006739371394931414,0.018399422954008773,-0.025138794348940036,0.025138794348940046,0.024747868100512632,-1.0,-0.04335719968178209,2024-05-24 07:00:00
2024-05-21 07:00:00,25.09,25.18,24.66,25.01,16918700,1277.14,840139100,1281.29,1267.29,-0.0003444604530833,1.0,0.0,25.010000000000044,25.090000000000046,25.180000000000046,24.660000000000043,-0.005184458272573619,-0.0019908427837703187,-0.0031936154888033237,0.020867530880002916,0.023613098352018292,-1.0,-0.038384646141543466,2024-05-24 07:00:00
2024-05-22 07:00:00,25.09,25.7,25.01,25.35,24604600,1266.91,987232400,1283.06,1263.87,-0.0080423381136067,1.0,0.0,25.350000000000044,25.090000000000046,25.700000000000045,25.010000000000048,0.013502985147664426,0.0031936154888033254,0.010309369658861067,0.027215247011646324,0.022804772971004417,-1.0,-0.05128205128205132,2024-05-24 07:00:00
2024-05-23 07:00:00,25.27,25.31,24.88,25.27,13634800,1281.03,833709000,1281.03,1262.29,0.0110835769665838,1.0,0.0,25.27000000000004,25.27000000000004,25.310000000000038,24.880000000000038,-0.003160808637089507,-0.003160808637089507,0.0,0.01713530668605385,0.021739886363716272,-1.0,-0.04827859121487921,2024-05-24 07:00:00
2024-05-24 07:00:00,25.09,25.48,23.62,24.05,31504200,1261.93,1179910300,1285.07,1250.28,-0.0150221467753626,1.0,0.0,24.05000000000004,25.09000000000004,25.48000000000004,23.620000000000037,-0.04948292484833257,-0.007148561021771948,-0.04233436382656065,0.0758000199347464,0.02569986116158332,0.0,-0.0016632016632017743,2024-05-31 07:00:00
2024-05-27 07:00:00,24.05,24.1,23.66,23.66,14699800,1267.68,598637500,1267.68,1257.27,0.0045461631660385,1.0,0.0,23.660000000000036,24.05000000000004,24.10000000000004,23.660000000000036,-0.01634913800152964,0.0,-0.01634913800152964,0.01842598194636878,0.02474333570561811,1.0,0.0439560439560438,2024-06-03 07:00:00
2024-05-28 07:00:00,23.88,24.49,23.84,24.1,10454600,1281.73,744100500,1281.73,1269.37,0.011022269658278,1.0,0.0,24.100000000000033,23.88000000000003,24.49000000000003,23.840000000000032,0.01842598194636856,0.009255429974160383,0.009170551972208105,0.026900028766927275,0.024557336002432782,1.0,0.024896265560165887,2024-06-03 07:00:00
2024-05-29 07:00:00,24.23,24.44,23.88,24.18,13197700,1272.64,967116000,1285.63,1271.6,-0.0071172448558838,1.0,0.0,24.180000000000035,24.23000000000004,24.44000000000004,23.880000000000035,0.0033140046900372914,0.005379694331825255,-0.0020656896417879473,0.02317984577899341,0.02342724505498378,0.0,0.003722084367245415,2024-06-05 07:00:00
2024-05-30 07:00:00,23.88,24.14,23.49,23.88,15645200,1266.32,958531600,1269.07,1251.8,-0.0049784266418429,1.0,0.0,23.880000000000035,23.880000000000035,24.14000000000004,23.490000000000034,-0.012484556662245284,-0.012484556662245284,0.0,0.027295416998564196,0.022503565646242018,1.0,0.03433835845896138,2024-06-03 07:00:00
2024-05-31 07:00:00,24.18,24.36,23.79,24.01,9390500,1261.72,617748900,1271.07,1261.43,-0.0036391869406681,1.0,0.0,24.010000000000037,24.18000000000004,24.36000000000004,23.790000000000035,0.005429121708760713,0.012484556662245495,-0.007055434953484773,0.02367711852683019,0.021557255459776863,1.0,0.028738025822573565,2024-06-03 07:00:00
2024-06-03 07:00:00,24.27,25.05,24.27,24.7,15720100,1280.0,930997200,1284.48,1271.65,0.0143842084768481,1.0,0.0,24.70000000000003,24.27000000000003,25.050000000000033,24.27000000000003,0.02833283340076931,0.010770609505347863,0.017562223895421447,0.03163280779236371,0.022478731286544706,-1.0,-0.027935222672064608,2024-06-06 07:00:00
2024-06-04 07:00:00,24.79,24.83,24.49,24.49,9241100,1283.52,785860800,1289.31,1281.98,0.0027462256680252,1.0,0.0,24.49000000000003,24.79000000000003,24.83000000000003,24.49000000000003,-0.00853837266985521,0.0036371024131676695,-0.012175475083022778,0.013787728555998765,0.021560348377441654,-1.0,-0.023274806043282914,2024-06-07 07:00:00
2024-06-05 07:00:00,24.66,24.75,24.27,24.27,11003400,1284.35,810156400,1293.93,1284.35,0.0006464501932764,1.0,0.0,24.27000000000003,24.660000000000032,24.750000000000032,24.27000000000003,-0.009023851225566277,0.006917626772121926,-0.015941477997688264,0.019584469276189394,0.02067891095752627,0.0,-0.010712814173877261,2024-06-12 07:00:00
2024-06-06 07:00:00,24.44,24.44,23.84,24.01,11956400,1283.56,797941200,1292.02,1278.4,-0.0006152863806932,1.0,0.0,24.010000000000034,24.440000000000033,24.440000000000033,23.840000000000032,-0.010770609505348095,0.006980114564884684,-0.017750724070232683,0.0248562921062455,0.019886109556605396,0.0,0.01624323198667188,2024-06-13 07:00:00
2024-06-07 07:00:00,24.23,24.23,23.88,23.92,7612000,1287.58,604686400,1293.03,1283.13,0.0031270201355934,1.0,0.0,23.92000000000003,24.23000000000003,24.23000000000003,23.880000000000024,-0.003755481150730992,0.009121124595272378,-0.012876605746003359,0.014550246304033135,0.018923033460253362,1.0,0.020066889632106788,2024-06-13 07:00:00
2024-06-10 07:00:00,24.1,24.4,23.79,24.05,10417600,1290.67,778972900,1297.39,1287.44,0.0023969758397863,1.0,0.0,24.05000000000003,24.10000000000003,24.400000000000027,23.790000000000024,0.005420067469339113,0.007496911414178374,-0.002076843944839117,0.02531780798429,0.018143119530504234,-1.0,-0.028690228690228525,2024-06-17 07:00:00
2024-06-11 07:00:00,24.05,24.14,23.66,23.79,10426700,1284.41,859304400,1296.41,1279.47,-0.0048619944480701,1.0,0.0,23.790000000000028,24.05000000000003,24.14000000000003,23.660000000000025,-0.010869672236903879,0.0,-0.010869672236903879,0.02008435711914489,0.017490300645351294,1.0,0.02564102564102555,2024-06-13 07:00:00
2024-06-12 07:00:00,23.88,24.05,23.66,24.01,8735500,1300.19,769901500,1301.35,1281.71,0.0122109386947683,1.0,0.0,24.01000000000003,23.880000000000024,24.05000000000003,23.660000000000025,0.009205085918295657,0.0037759642095349143,0.005429121708760713,0.01634913800152963,0.016995208503592575,-1.0,-0.02707205331112028,2024-06-17 07:00:00
2024-06-13 07:00:00,24.23,24.83,24.18,24.4,19557100,1301.51,829312700,1306.01,1297.6,0.0010147212309353,1.0,0.0,24.400000000000027,24.23000000000003,24.830000000000027,24.180000000000028,0.016112722065994216,0.009121124595272378,0.006991597470721671,0.026526754333428604,0.016988325987588933,-1.0,-0.028278688524589923,2024-06-14 07:00:00
2024-06-14 07:00:00,24.44,24.49,23.71,23.71,13479800,1279.91,1009525700,1305.02,1279.91,-0.0167353659056614,1.0,0.0,23.710000000000033,24.440000000000033,24.49000000000003,23.710000000000033,-0.028686232221841825,0.0016380020042385914,-0.030324234226080465,0.032367970886762146,0.0183841447592579,-1.0,-0.02024462252214254,2024-06-19 07:00:00
2024-06-17 07:00:00,23.71,23.79,23.36,23.36,12611200,1274.77,779686100,1283.1,1272.54,-0.0040239927785815,1.0,0.0,23.36000000000003,23.710000000000033,23.79000000000003,23.36000000000003,-0.01487174211728781,0.0,-0.01487174211728781,0.018240166354839923,0.017888901776300623,-1.0,-0.031249999999999778,2024-06-21 07:00:00
2024-06-18 07:00:00,23.45,23.75,23.36,23.36,7306800,1279.5,633180900,1286.52,1278.38,0.0037036064368019,1.0,0.0,23.36000000000003,23.45000000000003,23.750000000000032,23.36000000000003,0.0,0.0038453369322619542,-0.0038453369322620713,0.016557372520623878,0.017049135379576665,-1.0,-0.031249999999999778,2024-06-21 07:00:00
2024-06-19 07:00:00,23.62,23.62,23.15,23.23,9866100,1279.79,767825600,1284.14,1270.66,0.000226625354095,1.0,0.0,23.230000000000032,23.620000000000033,23.620000000000033,23.15000000000003,-0.005580611177708487,0.011068652809190064,-0.016649263986898474,0.020099030236973174,0.016232747566442652,-1.0,-0.025828669823503958,2024-06-21 07:00:00
2024-06-20 07:00:00,23.41,23.41,22.67,22.97,13018100,1282.3,818094800,1286.54,1273.54,0.0019593385111313,1.0,0.0,22.97000000000003,23.410000000000032,23.410000000000032,22.670000000000034,-0.011255530081310916,0.007718734720501497,-0.01897426480181255,0.03212081698338158,0.015619232886097694,1.0,0.02655637788419729,2024-06-27 07:00:00
2024-06-21 07:00:00,22.93,23.02,22.63,22.63,9635400,1282.02,702735900,1288.06,1279.44,-0.0002183814821182,1.0,0.0,22.630000000000035,22.930000000000035,23.020000000000035,22.630000000000035,-0.01491255705556071,-0.0017429198311936015,-0.013169637224367026,0.017086943648290533,0.015204676847710933,1.0,0.02297834732655768,2024-06-25 07:00:00
2024-06-24 07:00:00,22.93,23.58,22.93,22.97,18895700,1254.12,1098142200,1284.84,1252.66,-0.0220028275885393,1.0,0.0,22.970000000000038,22.93000000000004,23.58000000000004,22.93000000000004,0.014912557055560893,0.013169637224367132,0.0017429198311938198,0.027952798239411786,0.01567958710512077,1.0,0.026556377884196847,2024-06-27 07:00:00
2024-06-25 07:00:00,23.32,23.32,22.97,23.15,5078400,1256.56,547152400,1260.07,1250.25,0.0019436971403643,1.0,0.0,23.150000000000038,23.320000000000043,23.320000000000043,22.970000000000038,0.007805763831236203,0.015122344781285,-0.007316580950048816,0.015122344781285,0.015283590211901581,1.0,0.01857451403887711,2024-06-27 07:00:00
2024-06-26 07:00:00,23.15,23.28,22.67,22.8,7238900,1261.24,589079700,1262.67,1247.55,0.0037175354593899,1.0,0.0,22.80000000000004,23.15000000000004,23.280000000000044,22.67000000000004,-0.01523424457184786,2.2204460492503128e-16,-0.015234244571848085,0.026552158343799537,0.015056151053951812,1.0,0.03421052631578947,2024-06-27 07:00:00
2024-06-27 07:00:00,22.84,23.75,22.67,23.58,13592000,1259.09,469667500,1262.49,1255.12,-0.0017061261989741,1.0,0.0,23.58000000000004,22.84000000000004,23.750000000000043,22.67000000000004,0.033638359148829775,0.0017528488274143868,0.03188551032141551,0.04654006596121268,0.018165085123745036,-1.0,-0.025869380831212818,2024-06-28 07:00:00
2024-06-28 07:00:00,23.62,23.62,22.89,22.97,8247600,1245.32,671599000,1262.61,1240.15,-0.0109967128100012,1.0,0.0,22.97000000000004,23.620000000000044,23.620000000000044,22.89000000000004,-0.02620987840821791,0.0016949156599915041,-0.027904794068209365,0.03139367680474112,0.019004667395694848,1.0,0.03961689159773618,2024-07-02 07:00:00
2024-07-01 07:00:00,23.06,23.45,22.93,23.28,5851400,1254.56,432927800,1254.56,1240.07,0.0073923884974203,1.0,0.0,23.280000000000044,23.06000000000004,23.450000000000042,22.93000000000004,0.013405606162230322,0.003910498139906088,0.009495108022324245,0.022424398022475422,0.01869594002126438,1.0,0.025773195876288568,2024-07-02 07:00:00
2024-07-02 07:00:00,23.49,23.92,23.15,23.88,12915600,1269.79,470400200,1270.47,1257.93,0.012066618966782,1.0,0.0,23.88000000000004,23.49000000000004,23.920000000000044,23.15000000000004,0.025446665661164176,0.008980175807584319,0.01646648985357998,0.03272014855018799,0.019476514163851766,-1.0,-0.02721943048576214,2024-07-05 07:00:00
2024-07-03 07:00:00,23.92,24.01,23.58,23.71,5786300,1276.85,501951100,1278.14,1268.23,0.0055445748804046,1.0,0.0,23.710000000000043,23.920000000000044,24.010000000000044,23.58000000000004,-0.007144388447087135,0.0016736405580296937,-0.008818029005116896,0.018071515123937117,0.018711500684910013,-1.0,-0.020244622522142652,2024-07-05 07:00:00
2024-07-04 07:00:00,23.71,23.97,23.36,23.45,7289900,1279.89,475717900,1283.13,1274.58,0.0023780293910261,1.0,0.0,23.450000000000042,23.710000000000043,23.97000000000004,23.360000000000042,-0.011026405185025812,0.0,-0.011026405185025812,0.025777890486266608,0.018148373508890963,-1.0,-0.02771855010660984,2024-07-08 07:00:00
2024-07-05 07:00:00,23.45,23.62,23.1,23.23,8940100,1283.04,589226400,1284.98,1276.93,0.0024581253378942,1.0,0.0,23.23000000000004,23.450000000000042,23.620000000000044,23.100000000000044,-0.00942594810997068,0.0,-0.00942594810997068,0.022261193241468254,0.01747677746811941,-1.0,-0.0185105467068446,2024-07-08 07:00:00
2024-07-08 07:00:00,23.28,23.32,22.67,22.8,14275500,1283.56,664000500,1287.14,1277.68,0.0004052053355527,1.0,0.0,22.80000000000004,23.280000000000044,23.320000000000043,22.67000000000004,-0.01868401082192269,0.002150076080919437,-0.02083408690284214,0.02826889696285409,0.017434993281987252,1.0,0.026754385964911975,2024-07-11 07:00:00
2024-07-09 07:00:00,22.76,23.1,22.76,22.93,7136100,1293.71,757408500,1294.15,1283.62,0.0078765922670442,1.0,0.0,22.930000000000035,22.760000000000037,23.100000000000037,22.760000000000037,0.005685560909417838,-0.0017559267022650312,0.007441487611682875,0.014828008269617634,0.016784013766126385,1.0,0.0209332751853466,2024-07-11 07:00:00
2024-07-10 07:00:00,23.02,23.23,22.8,22.89,6402900,1285.94,678093600,1297.96,1285.94,-0.0060240912507903,1.0,0.0,22.890000000000033,23.02000000000003,23.230000000000032,22.800000000000033,-0.0017459629053378643,0.003917306423923368,-0.005663269329261252,0.01868401082192269,0.01596509043276476,1.0,0.022717343818261293,2024-07-11 07:00:00
2024-07-11 07:00:00,23.1,23.92,23.06,23.41,16669300,1283.8,636332300,1293.32,1283.8,-0.0016655385328476,1.0,0.0,23.410000000000036,23.100000000000037,23.920000000000037,23.060000000000034,0.02246314753834411,0.009132483563272693,0.013330663975071454,0.03661541424151814,0.01688452060633767,-1.0,-0.01879538658692881,2024-07-15 07:00:00
2024-07-12 07:00:00,23.62,23.62,23.06,23.1,6914700,1280.75,546830500,1288.67,1277.16,-0.002378586058366,1.0,0.0,23.100000000000037,23.620000000000037,23.620000000000037,23.060000000000034,-0.013330663975071455,0.008930529266396852,-0.022261193241468392,0.02399429592830329,0.016575966473785463,-1.0,-0.08225108225108257,2024-07-17 07:00:00
2024-07-15 07:00:00,23.1,23.28,22.97,22.97,5727000,1279.82,474359200,1286.37,1276.27,-0.0007264007942712,1.0,0.0,22.97000000000003,23.100000000000033,23.280000000000033,22.97000000000003,-0.0056436008267412175,-1.1102230246251565e-16,-0.005643600826741106,0.013405606162230322,0.015828592883048383,-1.0,-0.07705703090988247,2024-07-17 07:00:00
2024-07-16 07:00:00,23.02,23.32,22.76,22.76,7934800,1281.18,637199000,1291.47,1279.37,0.0010620852228371,1.0,0.0,22.760000000000034,23.02000000000003,23.320000000000032,22.760000000000034,-0.009184407442876531,0.0021743865927298027,-0.011358794035606292,0.024306752224161284,0.015235168324022271,-1.0,-0.06854130052724094,2024-07-17 07:00:00
2024-07-17 07:00:00,22.8,22.93,21.2,21.2,35495200,1268.66,1082362800,1290.76,1256.42,-0.0098203029344453,1.0,0.0,21.200000000000028,22.800000000000033,22.93000000000003,21.200000000000028,-0.07100342758016359,0.001755926702264791,-0.07275935428242843,0.07844491519184642,0.02528958146061086,-1.0,-0.028773584905660288,2024-07-19 07:00:00
2024-07-18 07:00:00,21.24,21.42,20.68,21.37,12650600,1274.44,652389000,1274.67,1256.21,0.004545641109358,1.0,0.0,21.37000000000003,21.240000000000027,21.42000000000003,20.680000000000028,0.00798688765308951,0.001885014695771204,0.006101872957318176,0.0351580153793744,0.024577003956113896,-1.0,-0.03649976602714089,2024-07-19 07:00:00
2024-07-19 07:00:00,21.46,21.46,20.33,20.59,11849400,1264.78,726065300,1279.94,1260.68,-0.0076086724292747,1.0,0.0,20.59000000000003,21.46000000000003,21.46000000000003,20.330000000000027,-0.03718254829135821,0.004202667871496199,-0.041385216162854364,0.05409310956229711,0.025066514230401085,1.0,0.02768334142787765,2024-07-24 07:00:00
2024-07-22 07:00:00,20.33,20.9,19.9,20.77,14319800,1254.64,834239700,1267.43,1245.02,-0.0080495151673461,1.0,0.0,20.770000000000028,20.330000000000027,20.900000000000027,19.900000000000023,0.0087041168483228,-0.012707893399442918,0.0214120102477657,0.049029427240318814,0.024499914892350986,-1.0,-0.029369282619162163,2024-07-23 07:00:00
2024-07-23 07:00:00,20.94,20.94,20.07,20.16,5807800,1231.81,662804800,1258.74,1231.81,-0.0183640464051722,1.0,0.0,20.16000000000003,20.94000000000003,20.94000000000003,20.07000000000003,-0.029809194684852977,0.008151567554369868,-0.03796076223922297,0.04243504263414407,0.024193697430577265,1.0,0.04960317460317465,2024-07-24 07:00:00
2024-07-24 07:00:00,19.94,21.24,19.86,21.16,12335900,1238.47,658299500,1242.4,1218.65,0.0053921143648171,1.0,0.0,21.160000000000032,19.940000000000033,21.24000000000003,19.86000000000003,0.048412163786930806,-0.010972678669475332,0.059384842456406295,0.06717853775671132,0.02901807909936067,0.0,0.0,2024-07-31 07:00:00
2024-07-25 07:00:00,20.81,21.03,20.59,21.03,5816300,1233.19,421019600,1235.67,1226.2,-0.0042724387914519,1.0,0.0,21.030000000000033,20.81000000000003,21.030000000000033,20.590000000000032,-0.00616261727549011,-0.016678966584555567,0.010516349309065552,0.02114446867491027,0.027605256657181713,-1.0,-0.0394674274845459,2024-08-01 07:00:00
2024-07-26 07:00:00,21.03,21.03,20.51,21.03,5500900,1242.11,417284900,1242.11,1234.05,0.0072072384049491,1.0,0.0,21.030000000000033,21.030000000000033,21.030000000000033,20.510000000000034,0.0,0.0,0.0,0.02503741763031901,0.02629811867252619,-1.0,-0.0394674274845459,2024-08-01 07:00:00
2024-07-29 07:00:00,21.2,21.67,21.03,21.2,8713400,1246.6,464637300,1249.68,1243.08,0.0036082989754389,1.0,0.0,21.200000000000028,21.200000000000028,21.67000000000003,21.03000000000003,0.008051191963358186,0.008051191963358186,0.0,0.029978825833659215,0.02529272411409979,-1.0,-0.047169811320754484,2024-08-01 07:00:00
2024-07-30 07:00:00,21.03,21.24,20.46,21.03,6133100,1245.06,602301200,1248.73,1236.97,-0.0012361238660921,1.0,0.0,21.030000000000033,21.030000000000033,21.24000000000003,20.460000000000033,-0.008051191963358045,-0.008051191963358045,0.0,0.037414435850257416,0.02410272109087664,-1.0,-0.0394674274845459,2024-08-01 07:00:00
2024-07-31 07:00:00,21.11,21.46,20.72,21.16,6756000,1251.51,685428100,1255.77,1246.3,0.0051671007427539,1.0,0.0,21.160000000000032,21.11000000000003,21.460000000000033,20.72000000000003,0.006162617275490232,0.003796872145620683,0.002365745129869455,0.03509131981127019,0.023115992047254903,-1.0,-0.04536862003780717,2024-08-01 07:00:00
2024-08-01 07:00:00,21.11,21.11,19.68,20.2,14146400,1226.96,852237400,1257.85,1222.51,-0.0198112569088874,1.0,0.0,20.20000000000003,21.11000000000003,21.11000000000003,19.68000000000003,-0.04643000258293954,-0.002365745129869469,-0.04406425745307014,0.07014397023612175,0.0256277197694445,-1.0,-0.03415841584158419,2024-08-05 07:00:00
2024-08-02 07:00:00,20.16,20.68,19.64,20.68,10272000,1236.6,657669700,1236.6,1209.77,0.0078261127819439,1.0,0.0,20.68000000000003,20.160000000000032,20.68000000000003,19.640000000000033,0.023484445233069327,-0.001982161203991211,0.025466606437060425,0.05159874671390851,0.02603566919736002,-1.0,-0.056576402321083186,2024-08-05 07:00:00
2024-08-05 07:00:00,20.07,20.33,19.25,19.51,19505800,1188.07,942540200,1236.6,1184.53,-0.0400355363788213,1.0,0.0,19.51000000000003,20.070000000000032,20.33000000000003,19.25000000000003,-0.058239895005208556,-0.02994088683198157,-0.02829900817322695,0.05458656690646214,0.02966921785242654,0.0,-0.010763710917478408,2024-08-12 07:00:00
2024-08-06 07:00:00,19.9,20.07,19.21,19.73,9612800,1210.28,612793000,1213.35,1186.74,0.0185215960338197,1.0,0.0,19.730000000000032,19.90000000000003,20.070000000000032,19.21000000000003,0.011213165399504324,0.019792577095426922,-0.008579411695922625,0.04379518602778157,0.02888003231963447,0.0,-0.017739483020780766,2024-08-13 07:00:00
2024-08-07 07:00:00,19.9,20.16,19.6,19.9,7076900,1215.88,510188600,1217.79,1205.11,0.0046163566665122,1.0,0.0,19.900000000000027,19.900000000000023,20.16000000000003,19.600000000000026,0.008579411695922376,0.008579411695922376,2.2204460492503128e-16,0.02817087696669644,0.027879190475008767,-1.0,-0.03015075376884424,2024-08-12 07:00:00
2024-08-08 07:00:00,19.81,20.25,19.51,19.81,8715500,1208.32,639434200,1219.97,1202.58,-0.0062371293689525,1.0,0.0,19.810000000000027,19.810000000000024,20.25000000000003,19.510000000000026,-0.004532871019987159,-0.00453287101998727,2.2204460492503128e-16,0.037227638917528415,0.026520772200395566,-1.0,-0.030287733467945555,2024-08-14 07:00:00
2024-08-09 07:00:00,20.12,20.2,19.77,20.03,6766300,1223.64,544377600,1225.02,1208.32,0.0125990580871081,1.0,0.0,20.03000000000003,20.12000000000003,20.200000000000028,19.770000000000024,0.011044288967267338,0.015527484521079037,-0.004483195553811601,0.021516967224633653,0.025719424220163378,-1.0,-0.03644533200199718,2024-08-12 07:00:00
2024-08-12 07:00:00,18.78,19.47,18.65,19.3,34262900,1230.28,494612600,1231.46,1221.16,0.0054117625721798,1.0,0.0,19.300000000000026,18.780000000000026,19.470000000000024,18.650000000000023,-0.0371260537668872,-0.06443867589761018,0.027312622130723007,0.043028673294283754,0.026418557962192658,1.0,0.06476683937823857,2024-08-16 07:00:00
2024-08-13 07:00:00,19.3,19.64,19.08,19.38,7255400,1230.42,488354400,1231.55,1223.01,0.0001137887594189,1.0,0.0,19.380000000000027,19.30000000000003,19.640000000000033,19.080000000000027,0.004136510551780497,2.2204460492503128e-16,0.0041365105517802755,0.02892763690617964,0.025358607070879512,1.0,0.06037151702786403,2024-08-16 07:00:00
2024-08-14 07:00:00,19.43,19.55,18.95,19.21,9755100,1230.36,443207500,1236.51,1228.93,-4.876502573333678e-05,1.0,0.0,19.210000000000026,19.430000000000025,19.550000000000026,18.950000000000024,-0.00881062968215492,0.0025766569267285017,-0.01138728660888337,0.031171354902939426,0.024134753677618727,1.0,0.06975533576262394,2024-08-16 07:00:00
2024-08-15 07:00:00,19.21,19.3,18.78,19.21,13801500,1223.56,432238900,1231.69,1222.28,-0.0055421671493017,1.0,0.0,19.210000000000026,19.210000000000026,19.300000000000026,18.780000000000026,0.0,0.0,0.0,0.027312622130723007,0.02303624033489203,1.0,0.06975533576262394,2024-08-16 07:00:00
2024-08-16 07:00:00,19.47,20.55,19.3,20.55,28028300,1252.23,917109200,1253.24,1225.73,0.0231613195377391,1.0,0.0,20.550000000000033,19.47000000000003,20.550000000000033,19.30000000000003,0.06742996416177861,0.013443842603643175,0.05398612155813527,0.06275584503140376,0.031077367920054732,1.0,0.054501216545012277,2024-08-20 07:00:00
2024-08-19 07:00:00,20.9,21.11,20.42,20.51,13679100,1261.62,609857600,1263.84,1252.23,0.0074706475499605,1.0,0.0,20.510000000000034,20.90000000000003,21.11000000000003,20.420000000000034,-0.0019483688579542788,0.016888218028521577,-0.018836586886475847,0.03323204912370956,0.029575910635334015,1.0,0.056557776694295514,2024-08-20 07:00:00
2024-08-20 07:00:00,20.72,21.8,20.46,21.67,26124600,1272.55,772116400,1275.95,1261.62,0.0086261519751855,1.0,0.0,21.670000000000037,20.72000000000003,21.800000000000036,20.460000000000033,0.05501624346397849,0.010186845306992997,0.04482939815698563,0.06343820927156306,0.032509079130869326,0.0,-3.3306690738754696e-16,2024-08-27 07:00:00
2024-08-21 07:00:00,21.59,21.67,21.03,21.24,21433200,1284.05,715821800,1284.05,1268.91,0.0089963839181182,1.0,0.0,21.24000000000003,21.590000000000032,21.670000000000034,21.030000000000033,-0.020042619174529864,-0.0036985710215519823,-0.01634404815297797,0.029978825833659215,0.03190696568039521,0.0,-0.020244821092278875,2024-08-28 07:00:00
2024-08-22 07:00:00,21.29,21.59,21.07,21.33,10226200,1282.78,612390700,1288.42,1280.42,-0.0009895474991584,1.0,0.0,21.33000000000003,21.29000000000003,21.590000000000032,21.070000000000032,0.004228336109521105,0.0023512825316499876,0.0018770535778710846,0.02438001671061826,0.030350193584510434,-1.0,-0.03234880450070321,2024-08-29 07:00:00
2024-08-23 07:00:00,21.33,22.06,21.11,21.76,20017700,1285.32,635715300,1287.43,1276.43,0.0019781167619952,1.0,0.0,21.760000000000034,21.33000000000003,22.060000000000034,21.11000000000003,0.019958889504482824,0.0,0.019958889504482824,0.044019151965127276,0.029283770519107365,-1.0,-0.04365808823529438,2024-08-28 07:00:00
2024-08-26 07:00:00,21.93,21.98,21.63,21.72,11865800,1280.02,692148600,1290.45,1278.72,-0.0041320117729447,1.0,0.0,21.72000000000003,21.930000000000035,21.980000000000036,21.63000000000003,-0.0018399269220072938,0.007782140442054949,-0.00962206736406232,0.016051709010508043,0.02793502354144856,-1.0,-0.04189686924493563,2024-08-28 07:00:00
2024-08-27 07:00:00,21.46,21.93,21.37,21.67,15858500,1280.56,589971400,1282.92,1274.7,0.0004217794468483,1.0,0.0,21.67000000000003,21.46000000000003,21.930000000000028,21.37000000000003,-0.002304679517467028,-0.012042757863182301,0.009738078345715292,0.02586749309874057,0.02665112914758817,-1.0,-0.039686202122750425,2024-08-28 07:00:00
2024-08-28 07:00:00,21.89,22.15,20.25,20.81,41917700,1281.44,658164100,1285.72,1276.9,0.0006869633369301,1.0,0.0,20.810000000000027,21.89000000000003,22.150000000000027,20.25000000000003,-0.04049517514272471,0.01010109598650392,-0.05059627112922857,0.08968270293859636,0.028657312418740668,-1.0,-0.03555982700624705,2024-08-30 07:00:00
2024-08-29 07:00:00,20.77,21.11,20.59,20.64,10908100,1281.47,581218200,1288.2,1280.24,2.34108884052131e-05,1.0,0.0,20.64000000000003,20.770000000000028,21.110000000000028,20.59000000000003,-0.008202699792181013,-0.0019240025175221252,-0.00627869727465892,0.024941340820531142,0.027361032808142054,-1.0,-0.027616279069767602,2024-08-30 07:00:00
2024-08-30 07:00:00,20.42,20.59,19.55,20.07,32324200,1283.87,510781800,1286.84,1282.58,0.0018710975544769,1.0,0.0,20.070000000000025,20.42000000000003,20.59000000000003,19.550000000000026,-0.028004777805115375,-0.010716127876842394,-0.017288649928272913,0.051830234608323374,0.02725822229881892,-1.0,-0.03188839063278526,2024-09-06 07:00:00
2024-09-04 07:00:00,19.68,20.25,19.55,20.2,9372300,1275.8,588167700,1277.27,1268.43,-0.0063055212103995,1.0,0.0,20.200000000000024,19.680000000000025,20.25000000000003,19.550000000000026,0.006456441598912199,-0.019623271184139427,0.026079712783051663,0.035179507121173535,0.02610605682755146,-1.0,-0.03811881188118804,2024-09-06 07:00:00
2024-09-05 07:00:00,20.2,20.51,19.68,19.77,12148300,1268.21,594459100,1282.21,1266.05,-0.0059669753814014,1.0,0.0,19.770000000000024,20.200000000000028,20.51000000000003,19.680000000000025,-0.02151696722463344,2.2204460492503128e-16,-0.021516967224633667,0.041309680460182144,0.025470649739285006,-1.0,-0.04147698533131006,2024-09-11 07:00:00
2024-09-06 07:00:00,19.81,19.86,18.99,19.43,18662500,1273.96,514945000,1274.44,1262.94,0.0045237020384992,1.0,0.0,19.430000000000025,19.810000000000024,19.860000000000024,18.990000000000023,-0.017347373793176843,0.002021223527933943,-0.01936859732111079,0.044795133792832016,0.024535059166509485,-1.0,-0.02470406587750895,2024-09-11 07:00:00
2024-09-09 07:00:00,19.38,19.73,19.21,19.43,6241800,1267.73,433866000,1273.96,1262.97,-0.0049022598953352,1.0,0.0,19.430000000000025,19.380000000000024,19.730000000000025,19.210000000000026,0.0,-0.0025766569267285607,0.0025766569267285017,0.026709343254058535,0.02340081005103056,-1.0,-0.02470406587750895,2024-09-11 07:00:00
2024-09-10 07:00:00,19.47,19.55,18.78,19.47,13617000,1255.23,601503900,1271.83,1252.22,-0.0099090768627951,1.0,0.0,19.470000000000024,19.470000000000024,19.550000000000026,18.780000000000026,0.002056555994759567,0.002056555994759567,0.0,0.04018281265125778,0.02236469733810384,-1.0,-0.02670775552131477,2024-09-11 07:00:00
2024-09-11 07:00:00,19.34,19.34,18.6,18.95,8734800,1253.27,517736700,1256.86,1244.79,-0.0015626871826657,1.0,0.0,18.950000000000024,19.340000000000025,19.340000000000025,18.600000000000026,-0.02707088785567289,-0.006699329358959948,-0.02037155849671294,0.0390139093059925,0.022334601559224117,1.0,0.027440633245382706,2024-09-17 07:00:00
2024-09-12 07:00:00,19.12,19.21,18.78,18.78,4728500,1256.35,381113000,1260.93,1253.27,0.0024545561052086,1.0,0.0,18.78000000000003,19.12000000000003,19.21000000000003,18.78000000000003,-0.009011457748318252,0.008930976094820063,-0.0179424338431383,0.022638503000348306,0.02125653352557357,1.0,0.036741214057507854,2024-09-17 07:00:00
2024-09-13 07:00:00,18.82,19.12,18.69,19.04,6622500,1251.71,383574300,1254.24,1248.78,-0.0037000751925236,1.0,0.0,19.040000000000028,18.82000000000003,19.12000000000003,18.69000000000003,0.013749555583102181,0.0021276603771166066,0.011621895205985527,0.02274628615578363,0.02115010175464322,1.0,0.022584033613445298,2024-09-17 07:00:00
2024-09-16 07:00:00,19.04,19.12,18.6,18.95,7796400,1239.26,453594700,1255.42,1239.26,-0.0099961891719031,1.0,0.0,18.950000000000028,19.040000000000028,19.12000000000003,18.60000000000003,-0.004738097834783884,0.0,-0.004738097834783884,0.027573326904099554,0.02011781537387662,1.0,0.027440633245382484,2024-09-17 07:00:00
2024-09-17 07:00:00,18.78,19.55,18.78,19.47,12889800,1258.95,460745200,1258.95,1238.69,0.0157636129320078,1.0,0.0,19.470000000000027,18.78000000000003,19.550000000000033,18.78000000000003,0.027070887855672864,-0.009011457748318364,0.03608234560399134,0.040182812651258,0.021419113295515088,0.0,0.010785824345146633,2024-09-24 07:00:00
2024-09-18 07:00:00,19.55,19.73,19.34,19.6,9181800,1264.9,598425800,1271.77,1257.93,0.0047150274565499,1.0,0.0,19.600000000000033,19.550000000000033,19.730000000000032,19.34000000000003,0.006654746852363456,0.004100467047266704,0.0025542798050967007,0.019964830009375954,0.02053354467656318,0.0,0.01734693877551008,2024-09-25 07:00:00
2024-09-19 07:00:00,19.6,19.99,19.6,19.81,10010300,1271.27,477857400,1271.27,1264.82,0.0050233331322242,1.0,0.0,19.81000000000003,19.600000000000033,19.99000000000003,19.600000000000033,0.01065729447398776,0.0,0.01065729447398776,0.019702582275836895,0.019845857608109856,0.0,0.006562342251388076,2024-09-26 07:00:00
2024-09-20 07:00:00,19.99,19.99,19.6,19.68,7578000,1272.04,840427500,1283.3,1271.27,0.0006055101607952,1.0,0.0,19.68000000000003,19.99000000000003,19.99000000000003,19.600000000000033,-0.006583969086352084,0.009045287801849166,-0.01562925688820123,0.019702582275836895,0.018983702258128437,1.0,0.019817073170731447,2024-09-27 07:00:00
2024-09-23 07:00:00,19.68,19.73,19.38,19.55,5999200,1268.48,455722900,1276.99,1267.87,-0.0028025776850019,1.0,0.0,19.550000000000033,19.68000000000003,19.730000000000032,19.380000000000027,-0.006627605192732575,0.0,-0.006627605192732575,0.017898713571903938,0.01814961220526683,1.0,0.019948849104859168,2024-09-25 07:00:00
2024-09-24 07:00:00,19.43,19.73,19.38,19.68,6848500,1276.99,493764800,1276.99,1266.68,0.006686412886801,1.0,0.0,19.68000000000003,19.43000000000003,19.730000000000032,19.380000000000027,0.006627605192732458,-0.0061570230420260755,0.01278462823475872,0.017898713571903938,0.01742108091011897,1.0,0.019817073170731447,2024-09-27 07:00:00
2024-09-25 07:00:00,19.81,20.16,19.77,19.94,12809600,1287.48,904058400,1288.44,1280.47,0.0081810732883402,1.0,0.0,19.94000000000003,19.810000000000024,20.16000000000003,19.770000000000024,0.013124872909584882,0.006583969086351743,0.00654090382323304,0.01953480602064252,0.017063374490842765,-1.0,-0.028084252758274864,2024-10-02 07:00:00
2024-09-26 07:00:00,20.07,20.16,19.86,19.94,8730500,1291.49,889834500,1298.71,1289.15,0.0031097711346911,1.0,0.0,19.94000000000003,20.07000000000003,20.16000000000003,19.860000000000024,0.0,0.006498398274554466,-0.006498398274554396,0.014992784586141538,0.01623275196036249,-1.0,-0.028084252758274864,2024-10-02 07:00:00
2024-09-27 07:00:00,20.07,20.38,19.81,20.07,12775200,1290.92,874903600,1300.31,1287.21,-0.0004414481118463,1.0,0.0,20.07000000000003,20.07000000000003,20.380000000000027,19.810000000000024,0.006498398274554466,0.006498398274554466,0.0,0.02836716708411933,0.015535141664174603,-1.0,-0.034379671150971625,2024-10-02 07:00:00
2024-09-30 07:00:00,19.99,20.07,19.73,20.07,9750700,1287.94,693267200,1292.03,1283.92,-0.002311099731194,1.0,0.0,20.07000000000003,19.990000000000023,20.07000000000003,19.730000000000025,0.0,-0.0039940142959382875,0.003994014295938237,0.017085842773722958,0.014782482197789926,-1.0,-0.034379671150971625,2024-10-02 07:00:00
2024-10-01 07:00:00,20.2,20.29,19.77,19.81,12859200,1292.2,922549900,1302.22,1290.68,0.003302149395759,1.0,0.0,19.810000000000027,20.200000000000028,20.290000000000028,19.770000000000024,-0.013039302097787225,0.006456441598912199,-0.01949574369669953,0.02596251665519795,0.014702472085085341,-1.0,-0.02170620898536091,2024-10-02 07:00:00
2024-10-02 07:00:00,19.64,19.77,19.04,19.38,20544900,1287.84,677770900,1293.69,1285.14,-0.0033797957786414,1.0,0.0,19.380000000000027,19.640000000000033,19.77000000000003,19.040000000000028,-0.021945254247839368,-0.00861855778413949,-0.013326696463699926,0.03762360781930637,0.015450694501634983,-1.0,-0.02218782249742013,2024-10-03 07:00:00
2024-10-03 07:00:00,19.21,19.34,18.65,18.95,15578800,1278.1,1009745900,1299.36,1276.51,-0.007591796207755,1.0,0.0,18.950000000000024,19.210000000000026,19.340000000000025,18.650000000000023,-0.02243767493418493,-0.00881062968215492,-0.013627045252029955,0.03632934393532366,0.015908926947897646,-1.0,-0.027440633245382706,2024-10-08 07:00:00
2024-10-04 07:00:00,18.99,19.17,18.82,18.82,7983200,1270.6,568802900,1279.33,1270.6,-0.0058853703052358,1.0,0.0,18.820000000000025,18.990000000000023,19.170000000000027,18.820000000000025,-0.006883797371201697,0.002108593295759097,-0.008992390666960828,0.01842642290031971,0.01515498653655522,-1.0,-0.020722635494155317,2024-10-08 07:00:00
2024-10-07 07:00:00,18.99,19.04,18.69,18.78,4339600,1269.93,497177600,1278.61,1264.65,-0.0005274490090908,1.0,0.0,18.780000000000026,18.990000000000023,19.040000000000024,18.690000000000026,-0.0021276603771167293,0.008992390666960916,-0.011120051044077477,0.018553407895747616,0.014431496167886849,-1.0,-0.018636847710330362,2024-10-08 07:00:00
2024-10-08 07:00:00,18.78,18.86,18.39,18.43,10233300,1271.98,650356800,1275.82,1266.94,0.0016129606826734,1.0,0.0,18.43000000000002,18.780000000000022,18.86000000000002,18.390000000000022,-0.01881270209838516,-2.2204460492503136e-16,-0.018812702098384936,0.02523623858908158,0.014416852931893511,-1.0,-0.044492674986435166,2024-10-15 07:00:00
2024-10-09 07:00:00,18.56,18.73,18.43,18.52,5099700,1281.85,643356300,1283.01,1271.98,0.0077296054488313,1.0,0.0,18.52000000000002,18.56000000000002,18.73000000000002,18.43000000000002,0.0048714575363014165,0.007028955676322635,-0.0021574981400211257,0.016146744774265323,0.01406953475104178,-1.0,-0.04913606911447077,2024-10-15 07:00:00
2024-10-10 07:00:00,18.69,18.82,18.43,18.47,5787500,1286.36,665300300,1294.33,1284.97,0.0035121774590472,1.0,0.0,18.470000000000024,18.690000000000026,18.820000000000025,18.430000000000025,-0.0027034350068845525,0.009137392249438332,-0.011840827256322935,0.02094036247550176,0.013394742971127046,-1.0,-0.04656199242014092,2024-10-15 07:00:00
2024-10-11 07:00:00,18.47,18.78,18.47,18.6,4737700,1288.39,479873200,1289.37,1283.56,0.0015768524482975,1.0,0.0,18.600000000000026,18.470000000000024,18.780000000000026,18.470000000000024,0.00701378650800716,0.0,0.00701378650800716,0.016644679568968385,0.013196709588378201,-1.0,-0.05322580645161312,2024-10-15 07:00:00
2024-10-14 07:00:00,18.69,18.78,18.39,18.39,5610700,1286.34,670466100,1297.67,1286.13,-0.0015924003162964,1.0,0.0,18.390000000000025,18.690000000000026,18.780000000000026,18.390000000000025,-0.011354542102925897,0.004827040748315944,-0.016181582851241737,0.02098543516388702,0.012783945083501905,-1.0,-0.04241435562805895,2024-10-15 07:00:00
2024-10-15 07:00:00,18.39,18.47,17.18,17.61,24968000,1281.08,675124700,1294.05,1279.81,-0.0040975043891641,1.0,0.0,17.61000000000002,18.390000000000022,18.47000000000002,17.180000000000017,-0.04334011610811519,-2.2204460492503136e-16,-0.04334011610811495,0.07240187765503941,0.016960649779036864,-1.0,-0.017035775127768327,2024-10-16 07:00:00
2024-10-16 07:00:00,17.56,17.61,17.31,17.31,5026300,1279.48,482243100,1283.33,1276.4,-0.0012497267849549,1.0,0.0,17.31000000000002,17.560000000000024,17.610000000000024,17.31000000000002,-0.0171825533199969,-0.0028433343011439504,-0.014339219018852899,0.01718255331999718,0.01637736489975825,1.0,0.051993067590988096,2024-10-17 07:00:00
2024-10-17 07:00:00,17.43,18.43,17.26,18.21,10505600,1286.52,617839000,1286.52,1271.82,0.0054871532843729,1.0,0.0,18.210000000000026,17.430000000000025,18.430000000000025,17.260000000000023,0.050686524551398916,0.0069084903438118295,0.04377803420758702,0.06558808602645,0.023720995242557892,-1.0,-0.03075233388248244,2024-10-18 07:00:00
2024-10-18 07:00:00,18.43,18.43,17.65,17.65,5175400,1285.46,607857500,1294.1,1285.46,-0.0008242677314871,1.0,0.0,17.65000000000002,18.43000000000002,18.43000000000002,17.65000000000002,-0.031235110360211107,0.012008877942214979,-0.043243988302426116,0.04324398830242612,0.024106584432382637,1.0,0.02719546742209622,2024-10-23 07:00:00
2024-10-21 07:00:00,17.65,17.91,17.52,17.52,5574400,1279.77,580256800,1287.71,1279.77,-0.0044362566567317,1.0,0.0,17.52000000000002,17.65000000000002,17.91000000000002,17.520000000000017,-0.007392697871060278,0.0,-0.007392697871060278,0.02201613056437528,0.022935347225952467,1.0,0.03481735159817334,2024-10-23 07:00:00
2024-10-22 07:00:00,17.52,17.82,17.39,17.52,7320500,1269.89,728503100,1280.21,1265.44,-0.0077500917397453,1.0,0.0,17.52000000000002,17.520000000000017,17.82000000000002,17.39000000000002,0.0,-2.2204460492503136e-16,2.2204460492503128e-16,0.024426093676471656,0.021888013719432962,1.0,0.03481735159817334,2024-10-23 07:00:00
2024-10-23 07:00:00,17.65,18.3,17.52,18.13,11819700,1270.9,535847500,1273.21,1263.26,0.0007950283598403,1.0,0.0,18.13000000000002,17.65000000000002,18.300000000000022,17.520000000000017,0.03422493925851414,0.007392697871060331,0.02683224138745382,0.043557974339130154,0.02398756759569698,0.0,-0.019305019305018933,2024-10-30 07:00:00
2024-10-24 07:00:00,18.13,18.26,17.87,17.87,4716000,1257.41,592565400,1274.11,1257.41,-0.0106712610519671,1.0,0.0,17.870000000000022,18.13000000000002,18.260000000000023,17.870000000000022,-0.01444469559542292,0.0,-0.01444469559542292,0.02158954599548576,0.023144005376228856,0.0,-0.005036373810855976,2024-10-31 07:00:00
2024-10-25 07:00:00,18.08,18.43,17.91,18.21,9711700,1252.72,525132900,1261.72,1251.75,-0.0037368625988702,1.0,0.0,18.210000000000026,18.080000000000023,18.430000000000025,17.910000000000025,0.018847564568179993,0.011683025792693763,0.007164538775486227,0.028620555609111385,0.022958878870455984,-1.0,-0.025809994508511958,2024-10-29 07:00:00
2024-10-28 07:00:00,18.26,18.3,17.91,18.04,3767000,1254.77,400523500,1255.18,1250.94,0.0016351016009896,1.0,0.0,18.040000000000024,18.260000000000026,18.300000000000026,17.910000000000025,-0.009379379105039087,0.0027419814273059243,-0.012121360532344963,0.02154184377475476,0.021992979326433917,0.0,0.004988913525498795,2024-11-04 07:00:00
2024-10-29 07:00:00,18.26,18.26,17.74,17.74,6419600,1261.78,490901600,1262.38,1257.43,0.0055711336004299,1.0,0.0,17.740000000000023,18.260000000000026,18.260000000000026,17.740000000000023,-0.016769537753044142,0.01212136053234482,-0.028890898285389082,0.028890898285389186,0.021415392829676583,1.0,0.0219842164599775,2024-11-04 07:00:00
2024-10-30 07:00:00,17.74,18.13,17.65,17.78,4423600,1258.63,475263400,1264.84,1255.07,-0.0024995946215835,1.0,0.0,17.780000000000026,17.740000000000023,18.130000000000024,17.650000000000023,0.0022522532043252746,0.0,0.0022522532043252746,0.02683224138745382,0.020431538170130267,1.0,0.02699662542182235,2024-11-05 07:00:00
2024-10-31 07:00:00,17.78,18.08,17.74,17.78,3327700,1264.48,469095100,1267.88,1255.55,0.0046371426396418,1.0,0.0,17.780000000000026,17.780000000000026,18.080000000000023,17.740000000000023,0.0,0.0,0.0,0.018984378082597043,0.01944889672738612,1.0,0.019685039370078483,2024-11-04 07:00:00
2024-11-01 07:00:00,17.78,18.3,17.78,18.0,9829300,1254.89,537480700,1264.67,1254.33,-0.0076130511346046,1.0,0.0,18.000000000000025,17.780000000000026,18.300000000000026,17.780000000000026,0.012297527810406026,0.0,0.012297527810406026,0.028826829761616747,0.01901240751037394,1.0,0.021666666666666723,2024-11-07 07:00:00
2024-11-04 07:00:00,18.13,18.21,17.82,18.13,5223000,1244.71,588219400,1256.96,1242.36,-0.0081453482829683,1.0,0.0,18.130000000000024,18.130000000000024,18.210000000000026,17.820000000000025,0.0071962668705950125,0.0071962668705950125,0.0,0.02164947169685329,0.018247191670236862,-1.0,-0.026475455046883645,2024-11-11 07:00:00
2024-11-05 07:00:00,18.13,18.65,18.13,18.26,10143600,1245.76,332629000,1248.97,1243.55,0.0008432143829986,1.0,0.0,18.260000000000026,18.130000000000024,18.650000000000023,18.130000000000024,0.007144850400062897,0.0,0.007144850400062897,0.028278121323064898,0.017493512542892338,-1.0,-0.03340635268346126,2024-11-11 07:00:00
2024-11-06 07:00:00,18.47,18.52,18.0,18.21,7808600,1261.28,502638900,1262.44,1250.57,0.0123812928895071,1.0,0.0,18.210000000000026,18.470000000000024,18.520000000000024,18.000000000000025,-0.002741981427305908,0.011434919044325987,-0.014176900471631834,0.02847947132186849,0.016669723042328066,-1.0,-0.03075233388248222,2024-11-11 07:00:00
2024-11-07 07:00:00,18.3,18.73,18.21,18.39,10026000,1259.75,470366800,1267.09,1259.75,-0.0012137897508906,1.0,0.0,18.390000000000025,18.300000000000026,18.730000000000025,18.210000000000026,0.00983614487671319,0.004930166107858586,0.0049059787688544056,0.02815562271648059,0.01611596487507796,-1.0,-0.01903208265361611,2024-11-08 07:00:00
2024-11-08 07:00:00,18.39,18.47,18.0,18.04,6910000,1252.56,503245100,1264.09,1250.77,-0.00572383155744,1.0,0.0,18.040000000000024,18.390000000000025,18.470000000000024,18.000000000000025,-0.01921552398175214,0.0,-0.01921552398175214,0.025776036314983767,0.016513797541781942,-1.0,-0.02161862527716185,2024-11-11 07:00:00
2024-11-11 07:00:00,18.0,18.04,17.61,17.65,8429500,1250.32,712083900,1253.87,1241.29,-0.0017899384693293,1.0,0.0,17.650000000000023,18.000000000000025,18.040000000000024,17.610000000000024,-0.021855731255171814,-0.002219756738312888,-0.019635974516858962,0.024124592126362737,0.016943349874959986,-1.0,-0.0192634560906515,2024-11-15 07:00:00
2024-11-12 07:00:00,17.74,17.91,17.56,17.61,4532000,1244.82,516346200,1257.02,1242.91,-0.004408577400835,1.0,0.0,17.610000000000024,17.740000000000023,17.910000000000025,17.560000000000024,-0.002268860871190976,0.005086193502127681,-0.007355054373318602,0.019735627865649925,0.016117059324219005,-1.0,-0.017035775127768327,2024-11-15 07:00:00
2024-11-13 07:00:00,17.61,17.87,17.48,17.82,5227000,1246.04,587703600,1247.04,1234.62,0.0009795814277457,1.0,0.0,17.820000000000025,17.610000000000024,17.870000000000026,17.480000000000025,0.011854499534548599,0.0,0.011854499534548599,0.022065958943947174,0.01594690191304357,-1.0,-0.02188552188552184,2024-11-14 07:00:00
2024-11-14 07:00:00,17.87,17.95,17.35,17.43,4238900,1231.89,555483300,1247.07,1231.69,-0.0114209471678759,1.0,0.0,17.430000000000025,17.870000000000026,17.950000000000024,17.350000000000026,-0.022128562510733654,0.0028019071286733534,-0.024930469639407208,0.03399760854141941,0.016410123186790734,1.0,0.02983362019506597,2024-11-20 07:00:00
2024-11-15 07:00:00,17.48,17.52,17.0,17.31,8556100,1218.57,668031300,1231.89,1217.03,-0.010871535296191,1.0,0.0,17.310000000000024,17.480000000000025,17.520000000000024,17.00000000000002,-0.006908490343811673,0.002864510695459917,-0.009773001039271626,0.030129741452029454,0.015646559273633894,1.0,0.03697284806470247,2024-11-20 07:00:00
2024-11-18 07:00:00,17.31,17.48,16.92,17.22,5911500,1217.12,555960200,1225.38,1204.6,-0.0011906278477907,1.0,0.0,17.220000000000024,17.310000000000027,17.48000000000003,16.920000000000027,-0.005212870188533099,2.2204460492503128e-16,-0.005212870188533322,0.032561016049312226,0.01489019637921792,1.0,0.04239256678281067,2024-11-20 07:00:00
2024-11-19 07:00:00,17.13,17.52,17.13,17.22,5624400,1205.15,437479200,1221.4,1205.15,-0.0098833717435922,1.0,0.0,17.220000000000024,17.130000000000024,17.520000000000028,17.130000000000024,0.0,-0.005240186663556159,0.00524018666355625,0.022511773172217118,0.014209747147468131,1.0,0.04239256678281067,2024-11-20 07:00:00
2024-11-20 07:00:00,17.31,18.34,17.22,17.95,14090800,1216.54,649274200,1222.73,1197.99,0.0094067233942081,1.0,0.0,17.950000000000024,17.31000000000002,18.340000000000025,17.22000000000002,0.04151861593470312,0.00521287018853299,0.036305745746170195,0.06301296782873417,0.01913276541790628,0.0,-0.00947075208913617,2024-11-27 07:00:00
2024-11-21 07:00:00,18.0,18.08,17.87,17.95,2749500,1228.33,427350400,1228.55,1214.06,0.0096447593478318,1.0,0.0,17.950000000000024,18.000000000000025,18.080000000000023,17.870000000000026,0.0,0.0027816429618767705,-0.0027816429618768026,0.011683025792693544,0.01820063703838541,-1.0,-0.018941504178272783,2024-11-28 07:00:00
2024-11-22 07:00:00,18.08,18.08,17.69,17.74,4521000,1228.1,453742400,1233.42,1226.33,-0.0001872636311005,1.0,0.0,17.740000000000023,18.080000000000023,18.080000000000023,17.690000000000026,-0.011768138052854517,0.007216240029742406,-0.01898437808259695,0.02180684679233629,0.017718493334557377,0.0,-0.010146561443066249,2024-11-29 07:00:00
2024-11-25 07:00:00,17.82,17.82,17.52,17.74,6001700,1234.7,409112200,1236.57,1229.0,0.0053597659573597,1.0,0.0,17.740000000000023,17.820000000000025,17.820000000000025,17.520000000000024,0.0,0.004499445161229971,-0.00449944516122991,0.01697833653441783,0.01685415891856616,0.0,-0.010146561443066249,2024-12-02 07:00:00
2024-11-26 07:00:00,17.65,18.17,17.65,17.82,7834500,1242.13,503889900,1246.83,1235.22,0.0059996223294944,1.0,0.0,17.82000000000003,17.650000000000027,18.17000000000003,17.650000000000027,0.004499445161230192,-0.005086193502127412,0.009585638663357668,0.029036099028774246,0.016099097607668065,0.0,-0.014590347923681302,2024-12-03 07:00:00
2024-11-27 07:00:00,17.82,17.87,17.52,17.78,5192600,1241.97,366063100,1245.34,1239.23,-0.0001288192908669,1.0,0.0,17.78000000000003,17.82000000000003,17.87000000000003,17.520000000000028,-0.002247191956904721,0.0,-0.002247191956904721,0.019780243663091245,0.015329219257715434,-1.0,-0.01687289088863897,2024-12-04 07:00:00
2024-11-28 07:00:00,17.82,17.91,17.52,17.61,4757700,1242.11,414791400,1250.46,1240.91,0.0001127177869859,1.0,0.0,17.610000000000028,17.82000000000003,17.91000000000003,17.520000000000028,-0.009607307577643795,0.0022471919569046644,-0.011854499534548481,0.022016130564375062,0.014856652468479925,1.0,0.03180011357183421,2024-12-05 07:00:00
2024-11-29 07:00:00,17.56,17.61,17.31,17.56,7817200,1250.46,427963100,1250.92,1241.0,0.0066999372016428,1.0,0.0,17.560000000000027,17.560000000000027,17.610000000000028,17.310000000000027,-0.0028433343011441733,-0.0028433343011441733,0.0,0.017182553319996963,0.01414181761978861,1.0,0.03473804100227795,2024-12-05 07:00:00
2024-12-02 07:00:00,17.65,17.82,17.48,17.56,5133400,1251.21,388759600,1258.05,1247.74,0.0005995994855195,1.0,0.0,17.560000000000027,17.650000000000027,17.82000000000003,17.48000000000003,0.0,0.005112195172335141,-0.005112195172335196,0.019264051815273842,0.013456572137113782,1.0,0.03473804100227795,2024-12-05 07:00:00
2024-12-03 07:00:00,17.65,17.65,17.22,17.56,7593400,1249.83,477509700,1253.83,1244.91,-0.0011035410389657,1.0,0.0,17.560000000000027,17.650000000000027,17.650000000000027,17.220000000000027,0.0,0.005112195172335141,-0.005112195172335196,0.02466428437972094,0.012804072288288277,1.0,0.03473804100227795,2024-12-05 07:00:00
2024-12-04 07:00:00,17.56,17.74,17.22,17.48,8216400,1240.41,505245200,1247.78,1239.82,-0.0075655719382001,1.0,0.0,17.48000000000003,17.560000000000027,17.740000000000027,17.220000000000027,-0.004566217979581083,0.0,-0.004566217979581083,0.029750477881848664,0.012226394366072492,1.0,0.03947368421052633,2024-12-05 07:00:00
2024-12-05 07:00:00,17.43,18.3,17.22,18.17,16331900,1267.53,839974300,1269.18,1238.49,0.0216281547149855,1.0,0.0,18.17000000000003,17.430000000000028,18.30000000000003,17.220000000000027,0.03871451218069043,-0.0028645106954598683,0.041579022876150284,0.06082956084779045,0.016755879597685982,0.0,-0.012107870115575237,2024-12-12 07:00:00
2024-12-06 07:00:00,18.17,18.3,17.91,18.04,7941500,1270.14,599525400,1276.1,1268.58,0.0020570057732501,1.0,0.0,18.040000000000028,18.17000000000003,18.30000000000003,17.91000000000003,-0.007180367773602296,0.0,-0.007180367773602296,0.02154184377475476,0.016201168961113396,0.0,-0.014412416851441123,2024-12-13 07:00:00
2024-12-09 07:00:00,18.08,18.43,18.04,18.17,9391000,1273.84,584652400,1277.69,1268.69,0.0029088299506266,1.0,0.0,18.17000000000003,18.080000000000027,18.430000000000028,18.040000000000028,0.0071803677736023246,0.0022148403295528213,0.004965527444049621,0.021388257047254413,0.015503193879899664,-1.0,-0.021463951568519546,2024-12-13 07:00:00
2024-12-10 07:00:00,18.17,18.34,18.13,18.17,5790300,1272.07,499630100,1277.32,1270.32,-0.0013904657157367,1.0,0.0,18.17000000000003,18.17000000000003,18.34000000000003,18.130000000000027,0.0,0.0,0.0,0.01151644206155908,0.01475993011149938,-1.0,-0.021463951568519546,2024-12-13 07:00:00
2024-12-11 07:00:00,18.17,18.34,17.91,18.0,6132200,1268.86,501800700,1276.67,1264.15,-0.0025266352931322,1.0,0.0,18.00000000000003,18.17000000000003,18.34000000000003,17.91000000000003,-0.009400124511915244,0.0,-0.009400124511915244,0.02372525075569835,0.014445566274150279,-1.0,-0.03166666666666662,2024-12-16 07:00:00
2024-12-12 07:00:00,18.04,18.08,17.74,17.95,6690200,1267.35,487930700,1275.64,1265.99,-0.001190753272338,1.0,0.0,17.950000000000028,18.040000000000028,18.080000000000027,17.740000000000027,-0.0027816429618768026,0.00221975673831281,-0.005001399700189734,0.018984378082597043,0.01378315413013117,-1.0,-0.028969359331476263,2024-12-16 07:00:00
2024-12-13 07:00:00,17.91,18.0,17.65,17.78,6446400,1262.57,395230700,1266.55,1260.48,-0.0037787801099414,1.0,0.0,17.78000000000003,17.91000000000003,18.00000000000003,17.650000000000027,-0.009515884848529261,-0.0022308988616674135,-0.00728498598686186,0.019635974516858935,0.013451211696092107,-1.0,-0.019685039370078816,2024-12-16 07:00:00
2024-12-16 07:00:00,17.74,17.74,17.13,17.43,16866300,1263.79,385861700,1267.1,1258.65,0.0009658165066219,1.0,0.0,17.430000000000028,17.740000000000027,17.740000000000027,17.130000000000024,-0.019881370553829044,-0.0022522532043252426,-0.017629117349503776,0.03499066454540502,0.01406610374230624,-1.0,-0.029259896729776247,2024-12-19 07:00:00
2024-12-17 07:00:00,17.43,17.48,17.13,17.31,6520400,1261.72,358215800,1265.45,1260.6,-0.0016392732268293,1.0,0.0,17.310000000000027,17.430000000000028,17.48000000000003,17.130000000000024,-0.006908490343811673,0.0,-0.006908490343811673,0.020226057891361168,0.013450552187131091,-1.0,-0.022530329289428108,2024-12-19 07:00:00
2024-12-18 07:00:00,17.22,17.39,17.18,17.22,4756800,1266.0,391898500,1266.53,1261.49,0.0033864542673068,1.0,0.0,17.220000000000027,17.220000000000027,17.39000000000003,17.180000000000028,-0.005212870188533099,-0.005212870188533099,0.0,0.012149411810082281,0.012815308544081768,-1.0,-0.017421602787456414,2024-12-19 07:00:00
2024-12-19 07:00:00,16.96,17.05,16.31,16.92,16592900,1254.67,662711300,1259.76,1249.39,-0.0089897339223497,1.0,0.0,16.920000000000027,16.960000000000026,17.050000000000026,16.310000000000024,-0.017575144821507488,-0.015213868635827828,-0.002361276185679709,0.044371787096603416,0.012956561694090958,-1.0,-0.028368794326241065,2024-12-20 07:00:00
2024-12-20 07:00:00,16.79,16.87,16.44,16.44,5919200,1257.5,447065000,1259.0,1253.9,0.0022530331921225,1.0,0.0,16.440000000000026,16.790000000000024,16.870000000000026,16.440000000000026,-0.02877896455004329,-0.0077128830886279195,-0.0210660814614154,0.025819506929843125,0.014347990278256336,1.0,0.021289537712895212,2024-12-23 07:00:00
2024-12-23 07:00:00,16.79,16.92,16.74,16.79,5459800,1262.76,384666600,1265.2,1261.62,0.0041741785668268,1.0,0.0,16.790000000000024,16.790000000000024,16.920000000000027,16.740000000000023,0.021066081461415434,0.021066081461415434,0.0,0.010695289116748169,0.016006932137916464,-1.0,-0.02084574151280527,2024-12-27 07:00:00
2024-12-24 07:00:00,16.66,16.79,16.31,16.61,7112700,1260.36,520744700,1263.17,1253.78,-0.0019024071180368,1.0,0.0,16.610000000000024,16.660000000000025,16.790000000000024,16.310000000000024,-0.010778547464245966,-0.007772834350752803,-0.003005713113493196,0.029005054456526912,0.01535941544231534,-1.0,-0.015653220951234226,2024-12-30 07:00:00
2024-12-25 07:00:00,16.61,16.79,16.57,16.61,4028600,1274.04,724345800,1283.09,1260.81,0.0107955593907977,1.0,0.0,16.610000000000024,16.610000000000024,16.790000000000024,16.570000000000025,0.0,0.0,0.0,0.013189639650977875,0.014678177137457084,-1.0,-0.015653220951234226,2024-12-30 07:00:00
2024-12-26 07:00:00,16.7,16.96,16.61,16.61,5025500,1272.87,502090700,1277.17,1271.99,-0.0009187604448542,1.0,0.0,16.610000000000024,16.700000000000024,16.960000000000026,16.610000000000024,0.0,0.005403795797505806,-0.00540379579750595,0.020852706738553536,0.014020386503507655,-1.0,-0.015653220951234226,2024-12-30 07:00:00
2024-12-27 07:00:00,16.66,16.7,16.44,16.44,5210500,1275.14,590030100,1277.89,1272.23,0.0017817831174581,1.0,0.0,16.440000000000023,16.66000000000002,16.70000000000002,16.440000000000023,-0.010287533997169793,0.0030057131134929413,-0.013293247110662742,0.01569132979467538,0.013476295986306685,1.0,0.015815085158150666,2025-01-02 07:00:00
2024-12-30 07:00:00,16.44,16.53,16.14,16.35,6232900,1272.02,452947700,1274.15,1268.77,-0.0024497884391875,1.0,0.0,16.350000000000023,16.440000000000023,16.530000000000022,16.140000000000022,-0.00548949228477148,0.0,-0.00548949228477148,0.023876248991130094,0.01282224938493701,1.0,0.021406727828745975,2025-01-02 07:00:00
2024-12-31 07:00:00,16.31,16.48,16.09,16.35,6186100,1266.78,407172200,1272.46,1266.78,-0.0041279403188518,1.0,0.0,16.350000000000023,16.31000000000002,16.48000000000002,16.09000000000002,0.0,-0.0024494807103400446,0.0024494807103400402,0.023949563477033795,0.012273461515232639,1.0,0.021406727828745975,2025-01-02 07:00:00
2025-01-02 07:00:00,16.4,16.7,16.27,16.7,4114400,1269.71,371662600,1271.13,1263.25,0.0023102801928758,1.0,0.0,16.70000000000002,16.40000000000002,16.70000000000002,16.27000000000002,0.021180822079446826,0.003053437486890248,0.0181273845925567,0.02608579819176285,0.013941974238211929,-1.0,-0.028742514970059863,2025-01-06 07:00:00
2025-01-03 07:00:00,16.7,16.74,16.27,16.57,4830700,1254.59,504666900,1269.71,1254.59,-0.0119797019579875,1.0,0.0,16.57000000000002,16.70000000000002,16.74000000000002,16.27000000000002,-0.007814887984237863,0.0,-0.007814887984237863,0.028478143830382677,0.013388086976607056,-1.0,-0.02112251056125536,2025-01-06 07:00:00
2025-01-06 07:00:00,16.57,16.57,16.01,16.22,5741900,1246.35,515113100,1260.37,1244.87,-0.0065895461838348,1.0,0.0,16.22000000000002,16.57000000000002,16.57000000000002,16.010000000000023,-0.021348782751204762,0.0,-0.021348782751204762,0.03438030442984803,0.013967647515709463,-1.0,-0.0345252774352649,2025-01-07 07:00:00
2025-01-07 07:00:00,16.22,16.22,15.4,15.66,12234900,1246.95,506059500,1254.09,1243.06,0.0004812898661067,1.0,0.0,15.660000000000023,16.220000000000024,16.220000000000024,15.400000000000023,-0.035135358124609606,2.2204460492503128e-16,-0.035135358124609835,0.051877539267683244,0.01624248095642606,1.0,0.016602809706258048,2025-01-08 07:00:00
2025-01-08 07:00:00,15.57,15.92,15.23,15.92,6454100,1251.02,367537100,1251.02,1239.67,0.0032586489041419,1.0,0.0,15.920000000000023,15.570000000000025,15.920000000000025,15.230000000000024,0.01646648985357998,-0.0057637047167499065,0.022230194570329903,0.044309013509166564,0.016997647772048947,-1.0,-0.027010050251256357,2025-01-10 07:00:00
2025-01-09 07:00:00,15.66,16.05,15.57,15.7,4096800,1245.77,290493600,1253.26,1242.9,-0.0042054059311174,1.0,0.0,15.700000000000022,15.660000000000025,16.050000000000026,15.570000000000025,-0.013915468061974558,-0.016466489853579732,0.0025510217916052047,0.030362863730117966,0.016398176858512643,0.0,0.01146496815286624,2025-01-16 07:00:00
2025-01-10 07:00:00,15.7,15.79,15.27,15.49,4986700,1230.48,474211100,1247.8,1230.48,-0.0123494754746765,1.0,0.0,15.490000000000022,15.70000000000002,15.79000000000002,15.27000000000002,-0.013466057925485107,-1.1102230246251565e-16,-0.013466057925484994,0.03348670903700968,0.01577259946839112,1.0,0.019367333763718353,2025-01-15 07:00:00
2025-01-13 07:00:00,15.4,15.7,14.97,15.57,7211100,1235.65,434027000,1235.65,1220.87,0.00419281025242,1.0,0.0,15.570000000000022,15.400000000000022,15.70000000000002,14.97000000000002,0.0051513314171297555,-0.005827145009193825,0.010978476426323408,0.04761251392272525,0.015402902697812068,1.0,0.019910083493898556,2025-01-16 07:00:00
2025-01-14 07:00:00,15.57,15.66,15.32,15.49,2887600,1229.07,322278200,1235.65,1226.7,-0.0053393615764128,1.0,0.0,15.490000000000023,15.570000000000025,15.660000000000025,15.320000000000023,-0.0051513314171295595,2.2204460492503128e-16,-0.005151331417129782,0.021950526250211964,0.014651179181969298,1.0,0.019367333763718353,2025-01-15 07:00:00
2025-01-15 07:00:00,15.44,15.92,15.44,15.79,5697200,1236.18,392613400,1237.46,1231.13,0.0057681936628605,1.0,0.0,15.79000000000002,15.44000000000002,15.920000000000021,15.44000000000002,0.019182173838773287,-0.0032331098321472704,0.022415283670920473,0.030614635819606734,0.015767919077685457,1.0,0.01646611779607343,2025-01-21 07:00:00
2025-01-16 07:00:00,15.88,16.05,15.75,15.88,3702600,1242.36,401866600,1245.4,1235.56,0.0049868170835991,1.0,0.0,15.880000000000022,15.880000000000022,16.050000000000022,15.750000000000021,0.005683627551439058,0.005683627551439058,0.0,0.018868484304382736,0.015223460368694633,0.0,-0.00818639798488685,2025-01-23 07:00:00
2025-01-17 07:00:00,15.88,16.09,15.75,15.92,3834000,1249.11,356902800,1249.11,1239.63,0.0054185011379457,1.0,0.0,15.92000000000002,15.880000000000022,16.09000000000002,15.750000000000021,0.002515724597247149,0.0,0.002515724597247149,0.021357595732649785,0.014548514298882395,-1.0,-0.03768844221105516,2025-01-24 07:00:00
2025-01-20 07:00:00,15.79,15.96,15.66,15.92,4445300,1249.55,356673500,1253.02,1247.5,0.0003521887768228,1.0,0.0,15.92000000000002,15.79000000000002,15.960000000000022,15.660000000000021,0.0,-0.008199352148686199,0.008199352148686107,0.018975901459005604,0.013847961714330972,-1.0,-0.03768844221105516,2025-01-24 07:00:00
2025-01-21 07:00:00,15.75,16.09,15.75,16.05,5377500,1246.09,379222600,1254.17,1243.08,-0.0027728376022884,1.0,0.0,16.050000000000022,15.750000000000021,16.09000000000002,15.750000000000021,0.008132669159787992,-0.010735815144594808,0.018868484304382736,0.021357595732649785,0.013490707708676749,-1.0,-0.018691588785046842,2025-01-23 07:00:00
2025-01-22 07:00:00,16.09,16.09,15.75,15.88,3420700,1242.53,400259000,1249.14,1242.53,-0.0028610253299857,1.0,0.0,15.880000000000022,16.09000000000002,16.09000000000002,15.750000000000021,-0.010648393757035185,0.002489111428266926,-0.01313750518530208,0.021357595732649785,0.013182575161890283,-1.0,-0.035264483627204135,2025-01-24 07:00:00
2025-01-23 07:00:00,15.92,16.01,15.75,15.75,4535900,1259.63,495626300,1263.59,1242.53,0.0136684034795199,1.0,0.0,15.75000000000002,15.920000000000021,16.010000000000023,15.750000000000021,-0.008220090547347797,0.002515724597247149,-0.010735815144595031,0.016373161736981324,0.01269765178996763,-1.0,-0.02730158730158727,2025-01-24 07:00:00
2025-01-24 07:00:00,15.75,16.01,15.1,15.32,17521200,1265.05,495593500,1265.38,1258.46,0.0042936200441644,1.0,0.0,15.32000000000002,15.750000000000021,16.010000000000023,15.10000000000002,-0.027681200959196798,2.2204460492503128e-16,-0.027681200959196912,0.058518783187744776,0.014307878625018157,-1.0,-0.01436031331592691,2025-02-03 07:00:00
2025-02-03 07:00:00,15.44,15.49,14.75,15.1,9421600,1253.03,505566400,1259.09,1249.78,-0.0095470289248412,1.0,0.0,15.10000000000002,15.44000000000002,15.490000000000022,14.75000000000002,-0.014464420491566612,0.00780238028418502,-0.022266800775751546,0.04895157164294853,0.013927618491758298,1.0,0.014569536423841178,2025-02-04 07:00:00
2025-02-04 07:00:00,15.1,15.36,15.01,15.32,7026400,1264.68,584557300,1264.68,1255.44,0.0092545075864863,1.0,0.0,15.320000000000022,15.10000000000002,15.36000000000002,15.01000000000002,0.014464420491566713,0.0,0.014464420491566713,0.023050082074155542,0.0145575198771002,1.0,0.06723237597911225,2025-02-05 07:00:00
2025-02-05 07:00:00,15.44,16.35,15.32,16.35,24114500,1269.61,533635600,1271.8,1266.18,0.0038906409438684,1.0,0.0,16.350000000000023,15.44000000000002,16.350000000000023,15.32000000000002,0.06506873303081713,0.0078023802841848,0.057266352746632276,0.06506873303081734,0.024904705116952797,-1.0,-0.0287461773700306,2025-02-10 07:00:00
2025-02-06 07:00:00,16.4,16.44,16.14,16.27,6102100,1271.48,537101800,1275.47,1268.28,0.0014718096073495,1.0,0.0,16.27000000000002,16.40000000000002,16.440000000000023,16.140000000000022,-0.004904976112316043,0.003053437486890248,-0.007958413599206203,0.018416726786231068,0.02380488468663519,-1.0,-0.023970497848801342,2025-02-10 07:00:00
2025-02-07 07:00:00,16.35,16.53,16.14,16.18,7375900,1275.2,549313500,1279.35,1269.11,0.0029214527508868,1.0,0.0,16.18000000000002,16.350000000000023,16.530000000000022,16.140000000000022,-0.005547009600600769,0.004904976112316162,-0.0104519857129169,0.023876248991130094,0.022761000191726884,0.0,-0.013597033374536327,2025-02-14 07:00:00
2025-02-10 07:00:00,16.09,16.14,15.79,15.88,8134100,1263.26,722097700,1274.47,1263.26,-0.0094073478058129,1.0,0.0,15.880000000000022,16.09000000000002,16.140000000000022,15.79000000000002,-0.01871545581135591,-0.005577950626053783,-0.01313750518530208,0.0219238345742521,0.022482289431771482,1.0,0.024559193954660108,2025-02-17 07:00:00
2025-02-11 07:00:00,15.88,15.96,15.75,15.96,6890100,1268.45,571767200,1268.45,1263.11,0.0041000013985235,1.0,0.0,15.960000000000022,15.880000000000022,15.960000000000022,15.750000000000021,0.0050251362026729795,0.0,0.0050251362026729795,0.013245226750020723,0.021449769233731732,1.0,0.043859649122807154,2025-02-18 07:00:00
2025-02-12 07:00:00,16.09,16.14,15.75,15.83,5190900,1266.91,461579300,1272.86,1266.59,-0.0012148177689889,1.0,0.0,15.83000000000002,16.09000000000002,16.140000000000022,15.750000000000021,-0.008178718128742081,0.008112368982628954,-0.016291087111371172,0.02446029757016067,0.020551609969389015,1.0,0.027795325331648968,2025-02-17 07:00:00
2025-02-13 07:00:00,15.92,16.09,15.83,16.09,6098200,1270.35,471455600,1270.67,1263.85,0.0027115881760454,1.0,0.0,16.090000000000018,15.920000000000018,16.090000000000018,15.830000000000018,0.01629108711137084,0.005669306523316055,0.010621780588054918,0.016291087111371057,0.020211911781572504,1.0,0.03542573026724716,2025-02-18 07:00:00
2025-02-14 07:00:00,16.27,16.4,15.96,15.96,6359100,1276.08,612731000,1280.6,1272.15,0.0045004258284751,1.0,0.0,15.960000000000022,16.27000000000002,16.40000000000002,15.960000000000022,-0.008112368982628796,0.01112496022665479,-0.019237329209283616,0.027195742808489867,0.019414410705349616,1.0,0.01942355889724312,2025-02-17 07:00:00
2025-02-17 07:00:00,16.09,16.4,16.05,16.27,8246600,1272.72,739384500,1278.49,1272.72,-0.0026365363672084,1.0,0.0,16.270000000000024,16.090000000000025,16.400000000000023,16.050000000000026,0.019237329209283737,0.008112368982629174,0.01112496022665457,0.021572485254127763,0.01935366711345251,1.0,0.023970497848801564,2025-02-18 07:00:00
2025-02-18 07:00:00,16.35,17.0,16.22,16.66,14085200,1278.14,630728100,1283.34,1272.19,0.0042495536066371,1.0,0.0,16.660000000000025,16.350000000000026,17.000000000000025,16.220000000000024,0.023687715507750288,0.004904976112316162,0.01878273939543411,0.04696829536894914,0.019549731730526092,0.0,0.015606242496998934,2025-02-25 07:00:00
2025-02-19 07:00:00,16.66,16.96,16.66,16.79,10455500,1288.56,736575500,1288.56,1278.92,0.0081194196788024,1.0,0.0,16.79000000000002,16.66000000000002,16.960000000000022,16.66000000000002,0.007772834350752446,-2.2204460492503136e-16,0.007772834350752667,0.01784699362506035,0.018631682953437416,0.0,-0.0029779630732579276,2025-02-26 07:00:00
2025-02-20 07:00:00,16.87,17.05,16.57,16.61,11794900,1292.98,713812400,1295.82,1288.56,0.0034243159657054,1.0,0.0,16.61000000000002,16.870000000000022,17.050000000000022,16.57000000000002,-0.010778547464245966,0.0047534254684275384,-0.015531972932673485,0.028556372291054222,0.01829382334120198,1.0,0.018663455749548863,2025-02-25 07:00:00
2025-02-21 07:00:00,16.61,16.79,16.44,16.74,8696400,1296.75,667595300,1296.75,1290.98,0.0029115024833802,1.0,0.0,16.74000000000002,16.61000000000002,16.79000000000002,16.440000000000023,0.007796141436125717,0.0,0.007796141436125717,0.021066081461415434,0.017464498943176185,1.0,0.0262843488649942,2025-02-27 07:00:00
2025-02-24 07:00:00,16.79,16.96,16.61,16.74,5269600,1304.56,807663000,1304.56,1294.69,0.0060046849215121,1.0,0.0,16.74000000000002,16.79000000000002,16.960000000000022,16.61000000000002,0.0,0.0029824060281203107,-0.0029824060281202266,0.020852706738553536,0.01664216252270516,1.0,0.0262843488649942,2025-02-27 07:00:00
2025-02-25 07:00:00,16.92,17.18,16.79,16.92,13689100,1303.16,827899600,1309.97,1298.54,-0.0010737350133493,1.0,0.0,16.920000000000027,16.920000000000027,17.180000000000028,16.790000000000024,0.010695289116748389,0.010695289116748389,0.0,0.022962445466660028,0.015998341983152833,1.0,0.017730496453900457,2025-02-28 07:00:00
2025-02-26 07:00:00,16.92,17.0,16.66,16.74,6320500,1302.96,710467500,1306.49,1301.2,-0.000153484874367,1.0,0.0,16.74000000000002,16.920000000000023,17.00000000000002,16.66000000000002,-0.010695289116748366,-2.2204460492503136e-16,-0.010695289116748143,0.02020270731751947,0.015826160749928944,1.0,0.0262843488649942,2025-02-27 07:00:00
2025-02-27 07:00:00,16.66,17.18,16.66,17.18,16083200,1307.8,846430300,1307.87,1296.43,0.0037077368618702,1.0,0.0,17.180000000000025,16.660000000000025,17.180000000000028,16.660000000000025,0.02594485149478022,-0.004790428322632266,0.030735279817412513,0.03073527981741273,0.01664482630726424,0.0,0.0075669383003493795,2025-03-06 07:00:00
2025-02-28 07:00:00,17.22,17.48,17.05,17.22,13165500,1305.36,752261600,1308.77,1300.66,-0.0018674713443605,1.0,0.0,17.220000000000024,17.220000000000027,17.48000000000003,17.050000000000026,0.0023255824434754366,0.002325582443475658,-2.2204460492503136e-16,0.024907166497863755,0.01584732396731536,-1.0,-0.01742160278745608,2025-03-05 07:00:00
2025-03-03 07:00:00,17.26,17.43,17.13,17.31,10269600,1309.37,801877900,1309.77,1304.3,0.0030672407046448,1.0,0.0,17.310000000000027,17.26000000000003,17.430000000000028,17.130000000000024,0.005212870188533432,0.0023201866556975693,0.002892683532835815,0.017361547195901245,0.015075838636717171,-1.0,-0.022530329289427886,2025-03-05 07:00:00
2025-03-04 07:00:00,17.31,17.65,17.18,17.26,13867300,1311.91,935915000,1313.21,1298.28,0.0019379851026787,1.0,0.0,17.26000000000003,17.310000000000027,17.650000000000027,17.180000000000028,-0.002892683532835788,0.0,-0.002892683532835788,0.026989866823196443,0.014510422416922712,-1.0,-0.01969872537659323,2025-03-05 07:00:00
2025-03-05 07:00:00,17.31,17.35,16.87,16.92,12616700,1304.71,770489000,1319.52,1304.71,-0.0055032967505834,1.0,0.0,16.92000000000003,17.31000000000003,17.350000000000033,16.87000000000003,-0.019895331477204615,0.002892683532836036,-0.022788015010040696,0.028055609834991384,0.015533624944478243,1.0,0.023049645390070594,2025-03-06 07:00:00
2025-03-06 07:00:00,16.92,17.31,16.87,17.31,10373700,1318.22,983991300,1318.22,1307.91,0.0103015478684892,1.0,0.0,17.310000000000027,16.920000000000027,17.310000000000027,16.870000000000026,0.022788015010040345,-2.2204460492503136e-16,0.02278801501004056,0.02574747263024108,0.016104625706710122,1.0,0.017331022530329587,2025-03-11 07:00:00
2025-03-07 07:00:00,17.43,17.87,17.39,17.48,12653300,1326.05,892234400,1327.07,1318.71,0.0059222567175064,1.0,0.0,17.48000000000003,17.430000000000028,17.87000000000003,17.39000000000003,0.00977300103927158,0.006908490343811609,0.002864510695459917,0.027228000805145088,0.01543309915575347,1.0,0.022311212814645653,2025-03-14 07:00:00
2025-03-10 07:00:00,17.52,17.61,17.35,17.43,9988100,1330.28,856954000,1335.87,1326.51,0.0031848479484832,1.0,0.0,17.430000000000028,17.520000000000028,17.610000000000028,17.35000000000003,-0.0028645106954598683,0.002285715280855861,-0.005150225976315793,0.014874416115246394,0.014830380386366597,1.0,0.02524383247274864,2025-03-14 07:00:00
2025-03-11 07:00:00,17.22,17.61,17.09,17.61,8930100,1332.54,847458500,1332.54,1320.59,0.0016974489771378,1.0,0.0,17.61000000000003,17.22000000000003,17.61000000000003,17.090000000000032,0.010274062976185284,-0.012121360532344624,0.022395423508529955,0.02997342538061515,0.014254645028720297,1.0,0.014764338444066105,2025-03-14 07:00:00
2025-03-12 07:00:00,17.74,17.74,17.31,17.43,7698800,1334.41,851270200,1342.91,1331.75,0.0014023512300268,1.0,0.0,17.43000000000003,17.74000000000003,17.74000000000003,17.31000000000003,-0.010274062976185229,0.0073550543733185555,-0.017629117349503776,0.024537607693315415,0.014234678816293518,1.0,0.025243832472748418,2025-03-14 07:00:00
2025-03-13 07:00:00,17.43,17.74,17.0,17.39,15950200,1326.27,997593300,1340.91,1324.87,-0.0061187556536087,1.0,0.0,17.390000000000033,17.43000000000003,17.74000000000003,17.00000000000003,-0.002297531165737854,0.0,-0.002297531165737854,0.04260863282521729,0.013624808967126652,1.0,0.027602070155261726,2025-03-14 07:00:00
2025-03-14 07:00:00,17.39,18.34,17.18,17.87,25203700,1326.15,940130200,1333.32,1324.3,-9.04834076667908e-05,1.0,0.0,17.870000000000037,17.390000000000036,18.340000000000035,17.180000000000035,0.027228000805145088,2.2204460492503128e-16,0.027228000805144873,0.06533855027220928,0.014982499050383215,1.0,0.01902630106323433,2025-03-17 07:00:00
2025-03-17 07:00:00,18.34,18.47,18.04,18.21,21606600,1336.26,837533300,1336.26,1326.15,0.0075946594208899,1.0,0.0,18.210000000000036,18.340000000000035,18.470000000000034,18.040000000000035,0.018847564568179775,0.02596113765698206,-0.007113573088802113,0.023556279576670856,0.014879452189743403,-1.0,-0.028555738605161918,2025-03-19 07:00:00
2025-03-18 07:00:00,18.39,18.39,17.74,18.04,16329400,1330.97,810147700,1341.65,1330.97,-0.0039666672437456,1.0,0.0,18.04000000000004,18.39000000000004,18.39000000000004,17.740000000000038,-0.009379379105038863,0.00983614487671319,-0.01921552398175214,0.03598506173479623,0.014891411134709133,-1.0,-0.01940133037694014,2025-03-19 07:00:00
2025-03-19 07:00:00,18.04,18.04,17.61,17.69,10404300,1324.63,835603500,1330.7,1320.85,-0.0047748245559876,1.0,0.0,17.690000000000037,18.040000000000035,18.040000000000035,17.610000000000035,-0.0195920064627837,-2.2204460492503136e-16,-0.019592006462783584,0.024124592126362737,0.01591911723874938,-1.0,-0.024307518371961545,2025-03-24 07:00:00
2025-03-20 07:00:00,17.82,17.87,17.22,17.61,13574200,1323.93,821245400,1332.41,1316.11,-0.0005285891324333,1.0,0.0,17.610000000000035,17.820000000000036,17.870000000000037,17.220000000000034,-0.0045325856635792606,0.007321913870969336,-0.011854499534548481,0.037051830171751954,0.01527861692143376,-1.0,-0.01987507098239616,2025-03-24 07:00:00
2025-03-21 07:00:00,17.65,17.74,17.48,17.48,7383200,1321.88,714332100,1325.22,1320.67,-0.0015496202752472,1.0,0.0,17.48000000000004,17.650000000000038,17.740000000000038,17.48000000000004,-0.00740955228072504,0.0022688608711912256,-0.00967841315191623,0.014764606654043819,0.014783420874540317,-1.0,-0.024599542334096225,2025-03-26 07:00:00
2025-03-24 07:00:00,17.39,17.43,16.87,17.26,15410200,1330.32,794985200,1330.32,1316.73,0.0063645490462595,1.0,0.0,17.260000000000037,17.390000000000036,17.430000000000035,16.870000000000033,-0.012665684572107642,-0.005162041861197973,-0.0075036427109096545,0.03265596297405272,0.01462933347502619,0.0,-0.004634994206257126,2025-03-31 07:00:00
2025-03-25 07:00:00,17.39,17.69,17.22,17.48,8628200,1331.92,825911400,1337.6,1329.81,0.0012019954569378,1.0,0.0,17.48000000000004,17.39000000000004,17.69000000000004,17.220000000000038,0.012665684572107637,0.007503642710909919,0.00516204186119763,0.02692800917210927,0.01447276767483515,-1.0,-0.024599542334096225,2025-03-26 07:00:00
2025-03-26 07:00:00,17.48,17.61,17.05,17.05,6981600,1326.09,734831200,1338.55,1323.69,-0.00438674749091,1.0,0.0,17.050000000000036,17.480000000000036,17.610000000000035,17.050000000000036,-0.024907166497863724,-2.2204460492503136e-16,-0.024907166497863495,0.03231671877858886,0.015781505960274136,0.0,0.007624633431085215,2025-04-02 07:00:00
2025-03-27 07:00:00,17.09,17.26,16.96,17.09,5321100,1323.81,564278800,1328.82,1323.01,-0.0017208200782158,1.0,0.0,17.090000000000035,17.090000000000035,17.260000000000037,16.960000000000036,0.00234329339797359,0.00234329339797359,0.0,0.01753405529152491,0.015061143765083966,-1.0,-0.06319485078993536,2025-04-03 07:00:00
2025-03-28 07:00:00,17.22,17.39,16.96,17.13,9041900,1317.46,636613400,1325.34,1315.72,-0.004808302244153,1.0,0.0,17.130000000000035,17.220000000000034,17.390000000000036,16.960000000000036,0.0023378152085289593,0.007578001872085084,-0.005240186663556159,0.025037698002434636,0.014368718870155289,-1.0,-0.06538237011091619,2025-04-03 07:00:00
2025-03-31 07:00:00,16.96,17.39,16.74,17.18,9650400,1306.86,753148300,1314.09,1304.1,-0.0080783270681263,1.0,0.0,17.18000000000004,16.96000000000004,17.39000000000004,16.740000000000034,0.00291460422008107,-0.009973681972271184,0.012888286192352282,0.03809426330486263,0.013717824297391885,-1.0,-0.06810244470314308,2025-04-03 07:00:00
2025-04-01 07:00:00,17.26,17.31,17.09,17.22,4016400,1317.33,550212000,1317.46,1306.86,0.0079796474768833,1.0,0.0,17.220000000000038,17.26000000000004,17.310000000000038,17.09000000000004,0.0023255824434754366,0.0046457690991725895,-0.0023201866556973095,0.01279087206061837,0.013078301652315258,-1.0,-0.07026713124274087,2025-04-03 07:00:00
2025-04-02 07:00:00,17.31,17.48,17.18,17.18,10811700,1317.83,709130200,1324.46,1317.68,0.0003794836032729,1.0,0.0,17.18000000000004,17.310000000000038,17.48000000000004,17.18000000000004,-0.00232558244347541,0.00521287018853321,-0.007538452632008471,0.017311453671280147,0.012454365965079506,-1.0,-0.06810244470314308,2025-04-03 07:00:00
2025-04-03 07:00:00,16.22,16.74,16.01,16.01,17058700,1229.84,1716858800,1317.83,1229.41,-0.0691023648310037,1.0,0.0,16.010000000000037,16.220000000000034,16.740000000000034,16.010000000000037,-0.07053238954748588,-0.05750086786884253,-0.013031521678643299,0.04458753805270561,0.02418405581958857,-1.0,-0.06745783885071843,2025-04-04 07:00:00
2025-04-04 07:00:00,14.93,15.36,14.93,14.93,22525400,1210.67,1873634000,1210.67,1158.17,-0.0157101542510951,1.0,0.0,14.930000000000032,14.930000000000033,15.360000000000033,14.930000000000033,-0.06984091545752444,-0.06984091545752433,-1.1102230246251565e-16,0.028394116168427002,0.02975154638698614,-1.0,-0.06965840589417271,2025-04-08 07:00:00
2025-04-08 07:00:00,13.89,14.28,13.89,13.89,4083000,1132.79,1055799900,1210.67,1130.98,-0.0664903091363734,1.0,0.0,13.89000000000003,13.89000000000003,14.280000000000031,13.89000000000003,-0.07220345478484652,-0.07220345478484652,0.0,0.027690800145185983,0.03342248143043641,-1.0,-0.0683945284377252,2025-04-09 07:00:00
2025-04-09 07:00:00,12.94,12.94,12.94,12.94,2969100,1094.3,1518649100,1141.35,1073.61,-0.0345687267924779,1.0,0.0,12.940000000000026,12.940000000000026,12.940000000000026,12.940000000000026,-0.07084586769349813,-0.07084586769349813,0.0,0.0,0.03544760277502965,1.0,0.06646058732612059,2025-04-10 07:00:00
2025-04-10 07:00:00,13.8,13.8,13.8,13.8,28274900,1168.34,280341400,1168.4,1165.86,0.0654690484939977,1.0,0.0,13.800000000000027,13.80000000000003,13.80000000000003,13.80000000000003,0.06434530309040454,0.06434530309040454,-1.1102230246251565e-16,0.0,0.04290275169766489,1.0,0.04420289855072457,2025-04-11 07:00:00
2025-04-11 07:00:00,13.28,14.45,12.98,14.41,26963500,1222.46,1697947900,1222.46,1180.59,0.0452812840589258,1.0,0.0,14.410000000000029,13.280000000000026,14.450000000000028,12.980000000000027,0.04325381784827165,-0.0384094481148713,0.08166326596314298,0.10728470328249703,0.04446209147021642,-1.0,-0.06037473976405272,2025-04-15 07:00:00
2025-04-14 07:00:00,14.49,14.58,13.54,14.19,20786200,1241.44,983147400,1242.94,1222.46,0.0154067741683183,1.0,0.0,14.190000000000026,14.490000000000025,14.580000000000027,13.540000000000024,-0.015384918839479568,0.005536346321159938,-0.02092126516063957,0.0740024590963832,0.042325674603336895,-1.0,-0.04580690627202233,2025-04-15 07:00:00
2025-04-15 07:00:00,13.93,14.45,13.54,13.54,17596900,1227.79,1004326400,1246.21,1221.75,-0.0110561908343767,1.0,0.0,13.540000000000028,13.930000000000028,14.450000000000028,13.540000000000026,-0.046889223687822126,-0.018492703380236755,-0.028396520307585424,0.06504614707431217,0.041740193450542855,-1.0,-0.09231905465288048,2025-04-22 07:00:00
2025-04-16 07:00:00,13.58,13.8,13.15,13.15,12806900,1210.3,762327900,1233.84,1205.93,-0.0143475425667044,1.0,0.0,13.150000000000029,13.58000000000003,13.800000000000031,13.150000000000029,-0.02922650886035528,0.00294985464642134,-0.03217636350677651,0.04824683353938553,0.03997412788137644,-1.0,-0.0653992395437265,2025-04-22 07:00:00
2025-04-17 07:00:00,12.89,13.54,12.68,13.54,16898500,1217.25,697596200,1217.25,1197.5,0.0057259533182522,1.0,0.0,13.540000000000028,12.890000000000027,13.540000000000026,12.680000000000025,0.029226508860355258,-0.019969941672677644,0.04919645053303278,0.0656223184750491,0.04031437494034063,-1.0,-0.09231905465288048,2025-04-22 07:00:00
2025-04-18 07:00:00,13.76,13.76,13.32,13.54,12594400,1219.12,1039406300,1234.67,1217.25,0.0015350709187948,1.0,0.0,13.540000000000028,13.760000000000026,13.760000000000026,13.320000000000027,0.0,0.016117565021068474,-0.016117565021068585,0.03249916739295434,0.03849004744367782,-1.0,-0.09231905465288048,2025-04-22 07:00:00
2025-04-21 07:00:00,13.54,13.71,13.15,13.2,11151300,1207.07,819133100,1222.77,1201.63,-0.0099333515367228,1.0,0.0,13.200000000000026,13.540000000000026,13.710000000000027,13.150000000000027,-0.025431437891803858,-1.1102230246251565e-16,-0.025431437891803743,0.041703734950449434,0.03690616212414464,-1.0,-0.06893939393939397,2025-04-22 07:00:00
2025-04-22 07:00:00,13.07,13.15,12.29,12.29,30611000,1197.13,1343776600,1203.82,1136.98,-0.0082689099385414,1.0,0.0,12.290000000000024,13.070000000000027,13.150000000000027,12.290000000000024,-0.07143090601438175,-0.009897301956194515,-0.06153360405818721,0.06763583504583011,0.039480618970943175,1.0,0.04882017900732327,2025-04-24 07:00:00
2025-04-23 07:00:00,12.63,12.94,11.81,12.55,18634400,1211.0,786549800,1216.28,1202.27,0.0115194390467514,1.0,0.0,12.550000000000027,12.63000000000003,12.940000000000028,11.810000000000027,0.020934741999849644,0.02728901278445654,-0.006354270784606944,0.09137665886348348,0.03926685492141574,1.0,0.04143426294820718,2025-05-05 07:00:00
2025-04-24 07:00:00,12.55,13.11,12.55,12.89,10512700,1223.35,741456000,1224.66,1210.37,0.01014653271281,1.0,0.0,12.890000000000029,12.55000000000003,13.110000000000028,12.55000000000003,0.02673115137330319,2.2204460492503128e-16,0.026731151373302973,0.04365463219781546,0.039269164258420704,0.0,0.027152831652443643,2025-05-06 07:00:00
2025-04-25 07:00:00,12.94,13.2,12.72,12.72,8485700,1229.23,787290000,1230.72,1220.67,0.004794959810403,1.0,0.0,12.720000000000029,12.940000000000028,13.200000000000028,12.720000000000029,-0.013276259039119907,0.0038714721216584072,-0.01714773116077828,0.03704127168034886,0.03736798738542858,1.0,0.04088050314465397,2025-05-06 07:00:00
2025-04-28 07:00:00,12.72,12.98,12.68,12.72,7219000,1226.8,576313200,1234.3,1222.56,-0.0019788038362088,1.0,0.0,12.720000000000029,12.720000000000029,12.980000000000029,12.680000000000028,0.0,0.0,0.0,0.023383762266864144,0.03567234787928654,1.0,0.04088050314465397,2025-05-06 07:00:00
2025-04-29 07:00:00,12.89,12.89,12.68,12.72,5084600,1226.3,561661100,1229.1,1222.3,-0.000407647472116,1.0,0.0,12.720000000000029,12.890000000000029,12.890000000000029,12.680000000000028,0.0,0.013276259039119904,-0.013276259039119907,0.01642586794201627,0.034041210726223944,1.0,0.04088050314465397,2025-05-06 07:00:00
2025-05-05 07:00:00,12.76,13.07,12.68,13.07,7818700,1240.05,562287398,1241.51,1226.3,0.0111501955988139,1.0,0.0,13.070000000000029,12.760000000000028,13.070000000000029,12.680000000000028,0.027143969724154407,0.0031397200046676247,0.02400424971948669,0.030293578627050743,0.034085930143315624,1.0,0.03596021423106355,2025-05-07 07:00:00
2025-05-06 07:00:00,13.11,13.58,13.11,13.24,11527600,1241.95,723040799,1251.02,1240.05,0.0015310236673155,1.0,0.0,13.240000000000029,13.110000000000028,13.58000000000003,13.110000000000028,0.012923022872731569,0.003055770139477842,0.009867252733253756,0.035222824354941805,0.03286098737355672,0.0,0.02945619335347449,2025-05-13 07:00:00
2025-05-07 07:00:00,13.2,13.76,13.2,13.54,12389300,1250.37,696102300,1250.79,1240.2,0.0067567824628796,1.0,0.0,13.54000000000003,13.200000000000028,13.76000000000003,13.200000000000028,0.022405716975266762,-0.0030257209165370676,0.02543143789180387,0.04154900291287248,0.03219110563942137,0.0,0.022156573116691503,2025-05-14 07:00:00
2025-05-08 07:00:00,13.71,13.71,13.28,13.41,8112800,1269.8,780069567,1271.44,1250.37,0.0154199002393599,1.0,0.0,13.410000000000029,13.710000000000031,13.710000000000031,13.28000000000003,-0.009647570190541785,0.012477226090094188,-0.022124796280635982,0.0318663495259353,0.030737630159397216,1.0,0.03206562266964963,2025-05-14 07:00:00
2025-05-09 07:00:00,13.54,13.71,13.28,13.32,10361400,1267.3,693909959,1279.61,1264.87,-0.001970754648331,1.0,0.0,13.320000000000029,13.54000000000003,13.710000000000031,13.28000000000003,-0.006734032181344068,0.009647570190541778,-0.016381602371885882,0.0318663495259353,0.02927862833724294,1.0,0.03903903903903916,2025-05-14 07:00:00
2025-05-12 07:00:00,13.41,13.58,13.32,13.41,6184600,1283.26,831857112,1283.86,1267.3,0.0125150620358436,1.0,0.0,13.410000000000029,13.41000000000003,13.58000000000003,13.32000000000003,0.0067340321813441194,0.0067340321813441194,-1.1102230246251565e-16,0.01933145701830694,0.02797527588861642,1.0,0.03206562266964963,2025-05-14 07:00:00
2025-05-13 07:00:00,13.63,13.76,13.54,13.63,10706000,1293.43,883805575,1293.7,1283.26,0.0078938893003244,1.0,0.0,13.630000000000031,13.630000000000031,13.76000000000003,13.54000000000003,0.016272548414854187,0.016272548414854187,0.0,0.016117565021068692,0.027126601689037314,0.0,0.005869405722670917,2025-05-20 07:00:00
2025-05-14 07:00:00,13.63,13.97,13.45,13.84,14209900,1309.73,915939876,1310.57,1292.34,0.0125234046578416,1.0,0.0,13.840000000000032,13.630000000000031,13.97000000000003,13.45000000000003,0.015289704481082286,0.0,0.015289704481082286,0.037933067221022285,0.02618720544133074,0.0,-0.012283236994219404,2025-05-21 07:00:00
2025-05-15 07:00:00,14.06,14.15,13.76,13.84,8330000,1313.2,1046611026,1316.16,1301.61,0.0026458975454094,1.0,0.0,13.840000000000032,14.060000000000032,14.150000000000032,13.76000000000003,0.0,0.015770936192995317,-0.015770936192995348,0.02794879158404924,0.02491526657835965,0.0,-0.005780346820808968,2025-05-22 07:00:00
2025-05-16 07:00:00,13.84,14.06,13.58,13.63,10680300,1301.39,849810205,1318.03,1299.55,-0.0090339826286565,1.0,0.0,13.630000000000033,13.840000000000034,14.060000000000034,13.580000000000034,-0.015289704481082148,2.2204460492503128e-16,-0.01528970448108226,0.03473576425196866,0.0242438605789038,0.0,-0.009537784299339602,2025-05-23 07:00:00
2025-05-19 07:00:00,13.54,14.1,13.45,13.84,15060300,1296.29,829016708,1306.2,1291.66,-0.0039265856862126,1.0,0.0,13.840000000000034,13.540000000000033,14.100000000000033,13.450000000000031,0.015289704481082286,-0.006624978224312275,0.021914682705394567,0.04719569133627453,0.023512087468694938,-1.0,-0.024566473988439252,2025-05-23 07:00:00
2025-05-20 07:00:00,13.93,13.97,13.67,13.71,6530700,1315.15,856903527,1316.67,1296.29,0.0144443892350512,1.0,0.0,13.710000000000035,13.930000000000033,13.970000000000034,13.670000000000034,-0.00943745661530043,0.006481837602190746,-0.015919294217491185,0.021708522533012156,0.022606298831485846,1.0,0.0889861415025528,2025-05-27 07:00:00
2025-05-21 07:00:00,13.8,13.8,13.5,13.67,8952900,1323.05,989954494,1331.6,1313.13,0.0059889497481382,1.0,0.0,13.670000000000035,13.800000000000038,13.800000000000038,13.500000000000036,-0.0029218428383647487,0.006543098588936107,-0.009464941427300947,0.021978906718775382,0.021527127560645794,1.0,0.021945866861740937,2025-05-26 07:00:00
2025-05-22 07:00:00,13.67,13.93,13.5,13.76,12181700,1313.84,1118092439,1331.93,1312.8,-0.0069855302664524,1.0,0.0,13.760000000000035,13.670000000000037,13.930000000000037,13.500000000000036,0.006562181769339446,2.2204460492503128e-16,0.006562181769339225,0.031355102347330514,0.02056733560315183,1.0,0.08502906976744162,2025-05-27 07:00:00
2025-05-23 07:00:00,13.8,13.84,13.5,13.5,6704800,1314.46,641199057,1320.07,1308.62,0.0004717878564092,1.0,0.0,13.500000000000034,13.800000000000034,13.840000000000034,13.500000000000034,-0.019076147060813873,0.00290275965796141,-0.02197890671877523,0.024873264745139755,0.02045505747171012,1.0,0.034814814814814854,2025-05-26 07:00:00
2025-05-26 07:00:00,13.58,14.06,12.98,13.97,19132500,1332.51,959629532,1332.51,1288.86,0.0136384468165564,1.0,0.0,13.970000000000036,13.580000000000034,14.060000000000034,12.980000000000032,0.034222487824486725,0.005908436686166268,0.028314051138320497,0.07992417510657487,0.022179462758898625,1.0,0.06871868289191108,2025-05-27 07:00:00
2025-05-27 07:00:00,14.1,14.93,14.1,14.93,32234400,1339.81,1052148659,1339.81,1329.6,0.0054634311446092,1.0,0.0,14.930000000000035,14.100000000000033,14.930000000000037,14.100000000000033,0.06646043828222842,0.009262624115252008,0.05719781416697635,0.05719781416697656,0.028621832140450006,1.0,0.05559276624246512,2025-06-02 07:00:00
2025-05-28 07:00:00,15.32,15.32,14.62,14.71,17580500,1341.87,898547998,1348.05,1337.18,0.0015363506497398,1.0,0.0,14.710000000000036,15.320000000000038,15.320000000000038,14.620000000000035,-0.014845076937752704,0.02578655276134638,-0.040631629699099094,0.046768709990812916,0.028106922530796247,1.0,0.07138001359619328,2025-06-02 07:00:00
2025-05-29 07:00:00,15.03,15.26,14.62,15.03,17076800,1341.86,894918607,1348.31,1335.62,-7.452314502582065e-06,1.0,0.0,15.030000000000037,15.030000000000037,15.260000000000037,14.620000000000035,0.02152066915153684,0.02152066915153684,0.0,0.0428445715346785,0.027133176814531212,1.0,0.04856952761144395,2025-06-02 07:00:00
2025-05-30 07:00:00,15.12,15.17,14.57,14.76,19168300,1332.6,910315797,1345.78,1328.69,-0.006924790053681,1.0,0.0,14.760000000000037,15.120000000000037,15.170000000000037,14.570000000000036,-0.018127384592556604,0.005970166986503754,-0.024097551579060416,0.04035517315332734,0.026947473070787913,1.0,0.0677506775067751,2025-06-02 07:00:00
2025-06-02 07:00:00,15.12,15.76,15.12,15.76,13588400,1336.3,860225663,1336.33,1322.95,0.0027726796585784,1.0,0.0,15.76000000000004,15.12000000000004,15.760000000000042,15.12000000000004,0.06555426525740667,0.02409755157906074,0.04145671367834613,0.04145671367834613,0.031430544223427434,1.0,0.04060913705583746,2025-06-04 07:00:00
2025-06-03 07:00:00,16.13,16.54,15.99,16.04,24384900,1347.25,1034655094,1350.89,1336.3,0.0081608770265908,1.0,0.0,16.040000000000042,16.13000000000004,16.540000000000042,15.990000000000043,0.01761051800863537,0.023205807707384347,-0.005595289698749056,0.03381816274968218,0.02996446228988779,1.0,0.03428927680798011,2025-06-09 07:00:00
2025-06-04 07:00:00,16.22,16.91,16.04,16.4,24299800,1345.74,952312254,1351.14,1341.53,-0.0011214302008167,1.0,0.0,16.40000000000004,16.22000000000004,16.910000000000046,16.040000000000042,0.02219573239178413,0.011159446248898449,0.011036286142885859,0.052819560472120636,0.028681748105544243,0.0,-0.016463414634146023,2025-06-11 07:00:00
2025-06-05 07:00:00,16.73,16.73,16.18,16.31,12184900,1342.09,756606282,1347.49,1336.11,-0.0027159472463998,1.0,0.0,16.31000000000004,16.730000000000047,16.730000000000047,16.180000000000042,-0.0055029181972302416,0.01992218016858021,-0.025425098365810396,0.03342760336838707,0.02781894301518104,0.0,2.220446049250313e-16,2025-06-12 07:00:00
2025-06-06 07:00:00,16.18,16.86,15.9,16.5,24770400,1329.89,900453514,1344.92,1325.45,-0.0091318683379004,1.0,0.0,16.500000000000043,16.180000000000042,16.860000000000046,15.900000000000043,0.011581964273612499,-0.008002505002576842,0.01958446927618918,0.05862484334752354,0.026462034134650692,-1.0,-0.06969696969696959,2025-06-13 07:00:00
2025-06-09 07:00:00,16.59,17.05,16.54,16.59,20065900,1310.57,718350414,1331.56,1309.05,-0.0146340749643403,1.0,0.0,16.590000000000042,16.590000000000042,17.050000000000047,16.540000000000042,0.005439723295818121,0.005439723295818121,0.0,0.030368514133980788,0.025224302872812684,-1.0,-0.027727546714888307,2025-06-11 07:00:00
2025-06-10 07:00:00,16.54,16.73,16.08,16.31,14100000,1316.23,702729250,1323.61,1299.94,0.0043094325867348,1.0,0.0,16.310000000000045,16.540000000000045,16.73000000000005,16.080000000000044,-0.01702168756943041,-0.003018414606807639,-0.014003272962622722,0.039627251247912554,0.025373702687963687,-1.0,-0.05885959534028207,2025-06-13 07:00:00
2025-06-11 07:00:00,16.36,16.45,15.9,16.13,15685800,1315.2,539559282,1322.07,1306.25,-0.000782844348968,1.0,0.0,16.130000000000045,16.360000000000046,16.450000000000045,15.900000000000047,-0.011097524495804994,0.003060914541678619,-0.014158439037483499,0.03400636798519494,0.024795767057087643,-1.0,-0.048357098574085655,2025-06-13 07:00:00
2025-06-12 07:00:00,16.13,16.63,16.13,16.31,13260400,1322.99,810972360,1326.03,1308.63,0.0059055812054869,1.0,0.0,16.310000000000045,16.130000000000045,16.63000000000005,16.130000000000045,0.011097524495805006,0.0,0.011097524495805006,0.030527401067719024,0.02363574662906303,-1.0,-0.05885959534028207,2025-06-13 07:00:00
2025-06-13 07:00:00,15.99,16.08,15.21,15.35,35984000,1315.49,1163417530,1326.62,1304.12,-0.0056851067283156,1.0,0.0,15.350000000000042,15.990000000000046,16.080000000000044,15.210000000000045,-0.06066294259971638,-0.01981488978705946,-0.040848052812656875,0.05562315747961868,0.03023599614862859,1.0,0.03257328990228037,2025-06-18 07:00:00
2025-06-16 07:00:00,15.4,15.76,15.31,15.76,8805900,1338.11,778082690,1338.66,1307.37,0.0170489507869446,1.0,0.0,15.760000000000044,15.400000000000045,15.760000000000046,15.310000000000045,0.026359610396526963,0.003252035386377537,0.02310757501014949,0.028968874760140758,0.02982967758467766,0.0,-0.002538071065989689,2025-06-23 07:00:00
2025-06-17 07:00:00,15.81,16.08,15.67,15.81,12824700,1347.69,762355364,1353.01,1338.11,0.0071338451325811,1.0,0.0,15.810000000000047,15.810000000000047,16.080000000000044,15.670000000000044,0.003167566791647661,0.003167566791647661,0.0,0.025828207382890756,0.02837423709260996,0.0,0.0025300442757747454,2025-06-24 07:00:00
2025-06-18 07:00:00,15.85,16.18,15.72,15.85,12537500,1346.83,766359975,1353.99,1341.64,-0.0006383326375027,1.0,0.0,15.850000000000046,15.850000000000046,16.180000000000046,15.720000000000047,0.002526849101908891,0.002526849101908891,0.0,0.028842124629284992,0.026989302557011492,0.0,-0.0025236593059936308,2025-06-25 07:00:00
2025-06-19 07:00:00,15.81,16.04,15.53,15.9,11137600,1352.04,650852162,1353.96,1342.08,0.0038608799029651,1.0,0.0,15.900000000000047,15.810000000000047,16.040000000000045,15.530000000000044,0.0031496089028962013,-0.002526849101908911,0.005676458004805122,0.03231196527777264,0.025672434419113155,0.0,-0.0031446540880503138,2025-06-26 07:00:00
2025-06-20 07:00:00,15.95,16.08,15.72,15.9,7912400,1349.35,778282664,1356.78,1342.31,-0.0019915679625095,1.0,0.0,15.900000000000047,15.950000000000045,16.080000000000044,15.720000000000047,0.0,0.0031397200046676247,-0.003139720004667641,0.022642476749759537,0.024432637558252052,0.0,0.014465408805031332,2025-06-27 07:00:00
2025-06-23 07:00:00,15.76,15.76,15.49,15.72,9867400,1358.18,734132370,1358.26,1338.49,0.0065225731978907,1.0,0.0,15.720000000000047,15.760000000000046,15.760000000000046,15.490000000000045,-0.011385322225125352,-0.008844024796452772,-0.0025412974286725325,0.017280430000955912,0.02360905482910093,1.0,0.026081424936386544,2025-06-27 07:00:00
2025-06-24 07:00:00,15.9,16.13,15.81,15.85,14279900,1366.77,881509880,1371.24,1355.53,0.0063047237226574,1.0,0.0,15.850000000000046,15.900000000000047,16.130000000000045,15.810000000000047,0.00823571332222914,0.01138532222512521,-0.00314960890289622,0.02003824091573665,0.022559140712445323,1.0,0.023343848580441584,2025-06-30 07:00:00
2025-06-25 07:00:00,15.95,16.13,15.81,15.81,8885700,1366.75,733106140,1371.57,1364.09,-1.4633147004843467e-05,1.0,0.0,15.810000000000047,15.950000000000045,16.130000000000045,15.810000000000047,-0.002526849101908911,0.006289328907563918,-0.008816178009472772,0.02003824091573665,0.02149726647672292,1.0,0.025932953826691696,2025-06-30 07:00:00
2025-06-26 07:00:00,15.81,15.95,15.67,15.85,8866800,1365.67,598738983,1372.74,1360.78,-0.0007905080889769,1.0,0.0,15.850000000000046,15.810000000000047,15.950000000000045,15.670000000000044,0.002526849101908891,0.0,0.002526849101908891,0.01771077286292414,0.020450928622220626,1.0,0.023343848580441584,2025-06-30 07:00:00
2025-06-27 07:00:00,16.04,16.59,16.04,16.13,23661700,1371.44,677782586,1373.28,1362.09,0.004216132013094,1.0,0.0,16.130000000000045,16.040000000000045,16.590000000000046,16.040000000000045,0.017511391813827677,0.011916102115078698,0.005595289698748958,0.033714501763984744,0.020042684543697568,-1.0,-0.028518288902665834,2025-07-01 07:00:00
2025-06-30 07:00:00,16.36,16.36,16.13,16.22,9268000,1376.07,636408174,1377.3,1371.44,0.0033703275931453,1.0,0.0,16.220000000000045,16.360000000000046,16.360000000000046,16.130000000000045,0.005564156550149368,0.0141584390374835,-0.008594282487334145,0.0141584390374835,0.019079909449075366,-1.0,-0.03390875462392107,2025-07-01 07:00:00
2025-07-01 07:00:00,16.36,16.36,15.63,15.67,19066700,1377.84,725237758,1382.16,1369.74,0.0012854452351198,1.0,0.0,15.670000000000044,16.360000000000046,16.360000000000046,15.630000000000045,-0.03449699231933739,0.008594282487334194,-0.04309127480667152,0.04564718674121572,0.02141566488241375,1.0,0.03254626675175487,2025-07-03 07:00:00
2025-07-02 07:00:00,15.85,15.99,15.67,15.95,11122300,1384.59,848885603,1384.72,1372.27,0.0048870113878829,1.0,0.0,15.950000000000044,15.850000000000046,15.990000000000046,15.670000000000044,0.017710772862923923,0.01142144395536016,0.006289328907563697,0.020215470477933525,0.021083457362791918,1.0,0.04890282131661472,2025-07-04 07:00:00
2025-07-03 07:00:00,15.95,16.36,15.9,16.18,22281000,1381.96,1315032525,1392.39,1377.06,-0.0019012855666896,1.0,0.0,16.180000000000046,15.950000000000045,16.360000000000046,15.900000000000047,0.014317082399492061,2.2204460492503128e-16,0.014317082399492061,0.028520221948414932,0.020429511486280274,1.0,0.03399258343634126,2025-07-04 07:00:00
2025-07-04 07:00:00,16.27,17.05,16.27,16.73,28487800,1386.97,834917440,1388.04,1379.4,0.0036187303162223,1.0,0.0,16.73000000000005,16.270000000000046,17.05000000000005,16.270000000000046,0.03342760336838707,0.005547009600600683,0.02788059376778645,0.04682728249857954,0.02153510919867322,0.0,-0.011356843992827548,2025-07-11 07:00:00
2025-07-07 07:00:00,16.95,17.32,16.63,17.05,21636600,1402.06,1230455872,1402.32,1386.97,0.010821072019612,1.0,0.0,17.05000000000005,16.95000000000005,17.32000000000005,16.63000000000005,0.018946688730793054,0.01306431882772665,0.005882369903066613,0.040653609929452814,0.020877854057808197,-1.0,-0.029912023460410775,2025-07-11 07:00:00
2025-07-08 07:00:00,17.23,17.23,16.68,16.95,22383400,1415.46,1174871653,1415.65,1400.79,0.009511982902277,1.0,0.0,16.95000000000005,17.23000000000005,17.23000000000005,16.68000000000005,-0.005882369903066636,0.010501846810312404,-0.016384216713378977,0.03244165360923757,0.02022397792317284,-1.0,-0.024188790560472073,2025-07-11 07:00:00
2025-07-09 07:00:00,17.18,17.5,16.91,17.09,25733600,1431.32,1430949638,1432.29,1415.46,0.0111425288167255,1.0,0.0,17.09000000000005,17.18000000000005,17.50000000000005,16.91000000000005,0.008225663301040282,0.01347808272964995,-0.005252419428609809,0.03429571801897929,0.019252948232140202,-1.0,-0.032182562902282164,2025-07-11 07:00:00
2025-07-10 07:00:00,17.14,17.32,16.73,16.86,22927600,1445.64,1073701407,1446.16,1431.32,0.0099550346632406,1.0,0.0,16.860000000000046,17.140000000000047,17.320000000000046,16.730000000000047,-0.013549544553790285,0.002921416042133969,-0.01647096059592441,0.03465838813555629,0.019223546903490686,1.0,0.03262158956109129,2025-07-16 07:00:00
2025-07-11 07:00:00,16.91,17.0,16.54,16.54,21406400,1457.76,1232260482,1463.91,1445.64,0.0083488808987866,1.0,0.0,16.540000000000045,16.91000000000005,17.00000000000005,16.540000000000045,-0.01916226297816408,0.002961210336779689,-0.02212347331494385,0.02743165446067098,0.019571923903467885,1.0,0.0386940749697704,2025-07-14 07:00:00
2025-07-14 07:00:00,16.59,17.28,16.22,17.18,29638500,1470.42,1256774726,1473.93,1447.72,0.0086470632843943,1.0,0.0,17.18000000000005,16.590000000000046,17.28000000000005,16.220000000000045,0.037964226960564194,0.003018414606807961,0.03494581235375626,0.06330471468864295,0.021567894140150323,1.0,0.08265424912689157,2025-07-17 07:00:00
2025-07-15 07:00:00,17.32,17.5,16.86,16.86,23276500,1460.65,1332298301,1476.32,1460.49,-0.0066665321426632,1.0,0.0,16.860000000000046,17.320000000000046,17.500000000000046,16.860000000000046,-0.01880196398240009,0.008115986578179591,-0.026917950560579714,0.037256928355758855,0.021756287891698804,1.0,0.03262158956109129,2025-07-16 07:00:00
2025-07-16 07:00:00,16.86,17.64,16.77,17.41,29706100,1475.47,1218566877,1475.47,1457.31,0.0100950409781982,1.0,0.0,17.410000000000046,16.860000000000046,17.640000000000047,16.770000000000046,0.03210080120638823,0.0,0.03210080120638823,0.050577474743527764,0.022478687916047096,1.0,0.06835152211372786,2025-07-17 07:00:00
2025-07-17 07:00:00,17.69,18.6,17.46,18.6,51670900,1490.01,1405002217,1494.46,1475.47,0.0098062482409017,1.0,0.0,18.60000000000005,17.690000000000047,18.60000000000005,17.460000000000047,0.066116826939058,0.015954754391596247,0.05016207254746182,0.0632490303076994,0.028069304993209625,0.0,0.019892473118279463,2025-07-24 07:00:00
2025-07-18 07:00:00,19.2,19.84,18.79,18.83,31490800,1497.28,1459740870,1501.2,1484.29,0.0048672973514721,1.0,0.0,18.830000000000048,19.20000000000005,19.840000000000053,18.79000000000005,0.012289761949905338,0.031748698314580055,-0.019458936364674835,0.054375288431352836,0.026700336955036725,1.0,0.061072756240042825,2025-07-25 07:00:00
2025-07-21 07:00:00,19.2,19.2,18.42,18.42,32367300,1485.05,1388969063,1511.96,1485.05,-0.0082016869742042,1.0,0.0,18.42000000000005,19.20000000000005,19.20000000000005,18.42000000000005,-0.02201431184190005,0.019458936364674866,-0.04147324820657487,0.04147324820657488,0.02733607549233761,1.0,0.029858849077090133,2025-07-24 07:00:00
2025-07-22 07:00:00,18.33,18.79,18.1,18.79,25530400,1509.54,1226974741,1509.54,1476.61,0.016356526932834,1.0,0.0,18.79000000000005,18.330000000000048,18.79000000000005,18.10000000000005,0.01988778259821295,-0.004897968975547365,0.024785751573760187,0.03741287515359357,0.026232421985423523,1.0,0.06333155934007473,2025-07-25 07:00:00
2025-07-23 07:00:00,19.06,19.52,18.56,18.6,29350100,1512.31,1439115085,1523.37,1507.14,0.0018333145429722,1.0,0.0,18.60000000000005,19.06000000000005,19.520000000000053,18.56000000000005,-0.010163232706218281,0.0142670848006821,-0.0244303175069003,0.050430853626891904,0.025642404774111515,1.0,0.0741935483870968,2025-07-25 07:00:00
2025-07-24 07:00:00,18.79,19.34,18.56,18.97,25979600,1521.02,1390154530,1525.32,1502.82,0.0057428792373072,1.0,0.0,18.970000000000052,18.790000000000052,19.340000000000057,18.560000000000052,0.01969720322776717,0.01016323270621842,0.009533970521548887,0.04116676266709397,0.024661756591203156,1.0,0.05324196099103862,2025-07-25 07:00:00
2025-07-25 07:00:00,19.06,19.98,18.97,19.98,34914800,1531.13,1405568881,1534.51,1521.02,0.0066248624584567,1.0,0.0,19.980000000000057,19.060000000000052,19.980000000000057,18.970000000000052,0.05187298927348475,0.004733114279133279,0.047139874994351474,0.05187298927348475,0.02681398178622295,1.0,0.06856856856856886,2025-07-28 07:00:00
2025-07-28 07:00:00,20.76,21.35,20.44,21.35,31017400,1557.42,1788192102,1558.12,1531.13,0.0170245811012255,1.0,0.0,21.350000000000065,20.760000000000062,21.350000000000062,20.44000000000006,0.06631996645422637,0.03829628507728054,0.028023681376945653,0.043557974339129724,0.03016315624483109,-1.0,-0.06838407494145193,2025-07-29 07:00:00
2025-07-29 07:00:00,22.0,22.09,19.89,19.89,63159200,1493.41,2642722700,1564.92,1493.41,-0.0419685102676235,1.0,0.0,19.89000000000006,22.000000000000068,22.090000000000067,19.89000000000006,-0.07083464680875266,0.029990713683682325,-0.10082536049243507,0.10490792456614502,0.039218130963784494,0.0,-0.020613373554550507,2025-08-05 07:00:00
2025-07-30 07:00:00,19.89,20.44,19.38,20.21,30232200,1507.63,1620038736,1512.15,1482.45,0.0094767856636756,1.0,0.0,20.210000000000058,19.890000000000057,20.44000000000006,19.380000000000056,0.015960438549648535,-2.2204460492503136e-16,0.015960438549648754,0.05325215887288355,0.03735475918517107,-1.0,-0.05442850074220695,2025-08-01 07:00:00
2025-07-31 07:00:00,20.25,20.39,19.02,19.93,39800100,1502.52,1651133772,1522.39,1488.3,-0.0033951829036384,1.0,0.0,19.930000000000053,20.250000000000053,20.390000000000054,19.02000000000005,-0.013951397190826479,0.001977262137018183,-0.015928659327844735,0.06955352746911955,0.03626262527181333,-1.0,-0.04114400401404905,2025-08-01 07:00:00
2025-08-01 07:00:00,20.07,20.12,19.11,19.11,26945400,1495.21,1378350894,1509.03,1486.59,-0.0048770332813827,1.0,0.0,19.110000000000053,20.070000000000057,20.120000000000058,19.110000000000056,-0.042014375972521556,0.007000028583543577,-0.04901440455606517,0.05150258697935673,0.037615808358192934,1.0,0.057561486132914785,2025-08-07 07:00:00
2025-08-04 07:00:00,18.74,19.7,18.74,19.7,16931500,1528.19,1228661002,1528.21,1491.11,0.021817363358463,1.0,0.0,19.700000000000053,18.740000000000048,19.700000000000053,18.740000000000048,0.03040687749176117,-0.019551481441905744,0.04995835893366676,0.04995835893366676,0.03671485594421594,1.0,0.06091370558375653,2025-08-08 07:00:00
2025-08-05 07:00:00,19.98,20.62,18.33,19.48,48416200,1547.15,2697027395,1584.98,1519.08,0.0123305001882995,1.0,0.0,19.48000000000005,19.98000000000005,20.62000000000005,18.330000000000044,-0.011230337529553882,0.014113137476464505,-0.02534347500601841,0.11772241673720027,0.035291864596595376,1.0,0.0374743326488709,2025-08-07 07:00:00
2025-08-06 07:00:00,19.57,19.8,19.43,19.75,13923900,1573.71,1325741058,1573.71,1547.15,0.0170213603036859,1.0,0.0,19.750000000000053,19.570000000000054,19.800000000000054,19.430000000000053,0.01376519313274205,0.004609483193596041,0.009155709939145985,0.01886367431114081,0.03369619985244228,1.0,0.05822784810126591,2025-08-08 07:00:00
2025-08-07 07:00:00,20.35,20.53,19.98,20.21,24068700,1581.81,1605153483,1587.84,1567.72,0.0051338719391572,1.0,0.0,20.210000000000058,20.350000000000062,20.53000000000006,19.980000000000057,0.023024040068398845,0.02992742054147349,-0.006903380473074566,0.02715545781043495,0.032508570188969306,1.0,0.03414151410192967,2025-08-08 07:00:00
2025-08-08 07:00:00,20.3,21.31,19.84,20.9,45271500,1584.95,1817288244,1589.58,1565.45,0.001983100095399,1.0,0.0,20.90000000000006,20.300000000000058,21.31000000000006,19.840000000000057,0.033571627555235614,0.004443354632211891,0.029128272923023637,0.07147634425379894,0.03196297676784545,1.0,0.06124401913875621,2025-08-13 07:00:00
2025-08-11 07:00:00,21.31,22.13,21.22,21.4,29234900,1596.86,1589742304,1601.79,1584.95,0.0074863399290929,1.0,0.0,21.40000000000006,21.31000000000006,22.130000000000063,21.22000000000006,0.023641763057040494,0.01942728713976043,0.0042144759172799825,0.041990020877121184,0.030709697584448036,1.0,0.036448598130841336,2025-08-13 07:00:00
2025-08-12 07:00:00,21.49,22.0,20.44,21.22,37268700,1608.22,1583593191,1608.23,1591.18,0.0070887762992934,1.0,0.0,21.22000000000006,21.49000000000006,22.000000000000064,20.44000000000006,-0.008446788841968712,0.004196788626613232,-0.012643577468582004,0.073548688022812,0.02977055803650492,1.0,0.04524033930254512,2025-08-13 07:00:00
2025-08-13 07:00:00,21.54,22.41,21.22,22.18,43143100,1611.6,1863151895,1616.99,1585.54,0.0020994970163268,1.0,0.0,22.180000000000067,21.540000000000067,22.41000000000007,21.220000000000066,0.04424684873638424,0.014967538542405836,0.029279310193978322,0.05456315462699863,0.03026126278584565,-1.0,-0.03742110009017119,2025-08-15 07:00:00
2025-08-14 07:00:00,22.68,22.68,21.67,22.32,32689200,1640.69,1752441563,1641.28,1611.6,0.0178894107256017,1.0,0.0,22.320000000000068,22.68000000000007,22.68000000000007,21.67000000000007,0.006292155590889272,0.022292496937330493,-0.01600034134644119,0.045554663311283494,0.02883895579373978,-1.0,-0.04345878136200698,2025-08-15 07:00:00
2025-08-15 07:00:00,22.32,22.32,21.08,21.35,34254000,1630.0,2011992093,1665.97,1622.98,-0.0065368702419859,1.0,0.0,21.35000000000007,22.32000000000007,22.32000000000007,21.080000000000062,-0.04443139783847643,2.2204460492503128e-16,-0.04443139783847655,0.05715841383994883,0.03221068867841828,1.0,0.07728337236533944,2025-08-19 07:00:00
2025-08-18 07:00:00,21.26,22.09,20.71,21.54,32933200,1636.37,1514197226,1642.71,1625.61,0.0039003591604502,1.0,0.0,21.540000000000067,21.26000000000007,22.090000000000067,20.710000000000065,0.008859932053608867,-0.004224366760831717,0.013084298814440475,0.06450834202453302,0.030648256355825187,1.0,0.06778087279480038,2025-08-19 07:00:00
2025-08-19 07:00:00,21.67,23.0,21.67,23.0,52275900,1654.2,1789073441,1665.48,1636.37,0.0108371342965478,1.0,0.0,23.00000000000007,21.67000000000007,23.00000000000007,21.67000000000007,0.0655825442009072,0.006017143820025381,0.059565400380881886,0.059565400380881886,0.03414839090146283,-1.0,-0.09565217391304348,2025-08-22 07:00:00
2025-08-20 07:00:00,23.28,23.65,21.95,22.91,47224600,1664.36,2280731304,1665.54,1614.6,0.0061231568777396,1.0,0.0,22.91000000000007,23.280000000000072,23.650000000000073,21.950000000000067,-0.003920719463745492,0.012100406934087489,-0.016021126397832864,0.07459597541676175,0.032840562959526795,-1.0,-0.09209951986032305,2025-08-22 07:00:00
2025-08-21 07:00:00,23.05,23.32,22.32,22.32,25845500,1688.0,1635930140,1693.68,1664.36,0.0141037310203567,1.0,0.0,22.32000000000007,23.05000000000007,23.32000000000007,22.32000000000007,-0.026090358952293922,0.006092272977253328,-0.0321826319295473,0.04382822396918126,0.03313709526150154,-1.0,-0.06810035842293916,2025-08-22 07:00:00
2025-08-22 07:00:00,21.72,21.95,20.76,20.8,49567100,1645.47,2234242998,1689.3,1629.49,-0.0255183384792694,1.0,0.0,20.800000000000065,21.720000000000066,21.950000000000067,20.760000000000066,-0.070530150805838,-0.02724964244737559,-0.0432805083584624,0.055739081223492276,0.03924949236102256,-1.0,-0.06153846153846143,2025-08-25 07:00:00
2025-08-25 07:00:00,21.03,21.45,19.52,19.52,25390100,1614.03,1449075936,1660.49,1608.53,-0.0192919006588868,1.0,0.0,19.520000000000064,21.030000000000072,21.45000000000007,19.520000000000064,-0.06351340572232575,0.010997003007336414,-0.07451040872966211,0.09428506438907959,0.041912207817888736,1.0,0.06813524590163911,2025-08-26 07:00:00
2025-08-26 07:00:00,19.57,20.85,19.52,20.85,18943000,1667.63,1229376641,1667.96,1603.73,0.0326692997527207,1.0,0.0,20.850000000000065,19.57000000000006,20.850000000000065,19.52000000000006,0.06591436725986381,0.002558200423038348,0.06335616683682567,0.065914367259864,0.045411589739868426,1.0,0.09448441247002415,2025-09-03 07:00:00
2025-08-27 07:00:00,21.08,22.0,20.99,21.17,20722600,1672.78,1477066097,1696.6,1667.63,0.0030834562705704,1.0,0.0,21.17000000000007,21.080000000000062,22.000000000000068,20.990000000000062,0.015231136901963545,0.010970775428350966,0.004260361473612546,0.04699631952577435,0.04341962409752513,1.0,0.07794048181388757,2025-09-03 07:00:00
2025-08-28 07:00:00,21.17,21.26,20.71,21.22,13406900,1680.86,1098450679,1684.16,1659.68,0.0048186541396264,1.0,0.0,21.220000000000063,21.17000000000007,21.26000000000007,20.710000000000065,0.002359048039063053,0.0,0.002359048039063053,0.026210697506309194,0.041300457274195485,1.0,0.07540056550424157,2025-09-03 07:00:00
2025-08-29 07:00:00,21.54,22.0,21.31,21.35,18809500,1682.21,1460861015,1694.42,1678.57,0.0008028379263659,1.0,0.0,21.35000000000007,21.540000000000067,22.000000000000068,21.310000000000066,0.006107606488796795,0.014967538542405618,-0.008859932053608773,0.0318660072477901,0.03930388082537953,1.0,0.06885245901639347,2025-09-03 07:00:00
2025-09-03 07:00:00,21.72,22.82,21.67,22.82,30216300,1681.3,1241257543,1685.73,1670.39,-0.0005411014221473,1.0,0.0,22.820000000000075,21.72000000000007,22.820000000000075,21.670000000000073,0.06658560475929605,0.017181755391101103,0.049403849368194926,0.051708528885661825,0.042086453248214944,-1.0,-0.054338299737072826,2025-09-10 07:00:00
2025-09-04 07:00:00,23.55,24.1,23.1,23.28,33214700,1696.29,1289344174,1696.29,1675.95,0.0088762096157831,1.0,0.0,23.280000000000076,23.550000000000075,24.100000000000076,23.100000000000072,0.019957278429307473,0.031488476028497116,-0.011531197599189679,0.04237922296886154,0.04018014531347127,-1.0,-0.054982817869415834,2025-09-08 07:00:00
2025-09-05 07:00:00,23.65,24.74,23.23,23.28,47285300,1666.97,1651250921,1711.49,1666.97,-0.0174359061125285,1.0,0.0,23.280000000000076,23.650000000000073,24.740000000000077,23.23000000000007,0.0,0.015768492074704845,-0.01576849207470472,0.06297682018202408,0.03832833657433795,-1.0,-0.054982817869415834,2025-09-08 07:00:00
2025-09-08 07:00:00,23.0,23.42,22.0,22.0,40651400,1624.53,1769876607,1667.36,1624.53,-0.0257890640288157,1.0,0.0,22.00000000000007,23.000000000000078,23.42000000000008,22.000000000000075,-0.05655216950492125,-0.012100406934087227,-0.04445176257083404,0.06254790481125536,0.04141583277013747,1.0,0.04772727272727284,2025-09-15 07:00:00
2025-09-09 07:00:00,22.04,22.32,21.45,22.22,24656800,1637.32,1012829196,1637.32,1613.01,0.0078422156439147,1.0,0.0,22.220000000000073,22.040000000000074,22.320000000000075,21.45000000000007,0.009950330853168092,0.001816530926398007,0.008133799926770185,0.03975849213908436,0.0394585160261345,0.0,0.006300630063006185,2025-09-16 07:00:00
2025-09-10 07:00:00,22.36,22.36,21.45,21.58,23607800,1643.26,833100714,1646.49,1629.29,0.0036213148232261,1.0,0.0,21.58000000000007,22.360000000000074,22.360000000000074,21.45000000000007,-0.029225824381495444,0.00628086407541458,-0.03550668845690987,0.04154900291287248,0.038781521817925595,1.0,0.04263206672845232,2025-09-12 07:00:00
2025-09-11 07:00:00,21.35,22.0,20.71,22.0,21409800,1657.75,1197131426,1659.19,1605.76,0.0087791876225148,1.0,0.0,22.00000000000007,21.350000000000072,22.000000000000075,20.71000000000007,0.01927549352832717,-0.010715220155354829,0.02999071368368211,0.06042577795082324,0.03733773361544008,1.0,0.04772727272727284,2025-09-15 07:00:00
2025-09-12 07:00:00,22.36,23.23,22.32,22.5,24392400,1667.26,1006501112,1670.62,1653.79,0.005720299146186,1.0,0.0,22.50000000000007,22.36000000000007,23.23000000000007,22.32000000000007,0.022472855852058576,0.016231194928582552,0.006241660923476134,0.039961409269207514,0.03605015086235816,-1.0,-0.03688888888888886,2025-09-17 07:00:00
2025-09-15 07:00:00,22.82,23.6,22.55,23.05,21591400,1684.9,1122425898,1684.9,1667.26,0.0105246544491765,1.0,0.0,23.050000000000075,22.820000000000075,23.60000000000008,22.550000000000075,0.024150460232283122,0.014122035223555266,0.010028425008727825,0.04551164608287709,0.03482940457679603,-1.0,-0.05986984815618224,2025-09-17 07:00:00
2025-09-16 07:00:00,23.46,23.46,22.18,22.36,25769100,1680.9,1232560447,1696.87,1677.03,-0.002376850604991,1.0,0.0,22.36000000000007,23.460000000000075,23.460000000000075,22.180000000000067,-0.030392121155759184,0.017631073782671744,-0.0480231949384311,0.056105861303108615,0.03487792266767381,0.0,-0.008050089445438058,2025-09-23 07:00:00
2025-09-17 07:00:00,22.18,22.59,21.67,21.67,21850400,1670.97,967047675,1684.62,1670.97,-0.005925068126482,1.0,0.0,21.67000000000007,22.180000000000067,22.59000000000007,21.67000000000007,-0.03134483273863068,-0.008082666364677544,-0.02326216637395316,0.0415785149316442,0.03469440630316496,1.0,0.03599446239040138,2025-09-19 07:00:00
2025-09-18 07:00:00,21.81,22.45,21.45,22.13,15519800,1665.18,863667370,1679.63,1654.32,-0.0034710704334745,1.0,0.0,22.13000000000007,21.810000000000066,22.45000000000007,21.450000000000067,0.021005338514690493,0.006439764665269865,0.014565573849420688,0.0455659688142373,0.033650571408564714,1.0,0.05603253502033456,2025-09-24 07:00:00
2025-09-19 07:00:00,22.36,23.05,22.13,22.45,18921000,1658.62,863955588,1671.77,1649.16,-0.0039472943725157,1.0,0.0,22.45000000000007,22.36000000000007,23.05000000000007,22.130000000000067,0.014356460125304912,0.010339494223940022,0.004016965901364778,0.040731615379699285,0.03225100262848932,1.0,0.04097995545657018,2025-09-24 07:00:00
2025-09-22 07:00:00,22.68,23.28,22.36,22.73,30058600,1634.45,1138988356,1659.13,1616.02,-0.0146795750051225,1.0,0.0,22.730000000000075,22.680000000000074,23.28000000000008,22.360000000000074,0.012395023676188669,0.010192864671288193,0.0022021590049005574,0.04032097457633881,0.030821606706355757,0.0,-0.01627804663440402,2025-09-29 07:00:00
2025-09-23 07:00:00,23.0,23.1,22.09,22.18,11680800,1635.26,657137789,1643.59,1627.58,0.0004954567937644,1.0,0.0,22.180000000000074,23.000000000000078,23.10000000000008,22.090000000000074,-0.024494655942230815,0.011808578064698058,-0.03630323400692878,0.044707600095722194,0.03049968168155489,1.0,0.0536519386834986,2025-09-24 07:00:00
2025-09-24 07:00:00,21.95,23.37,21.81,23.37,28252500,1657.46,942294584,1657.46,1619.09,0.0134844969432855,1.0,0.0,23.370000000000076,21.950000000000067,23.370000000000072,21.810000000000066,0.05226216662854557,-0.010423842401040927,0.0626860090295865,0.06908456833722901,0.032895592484171454,-1.0,-0.043217800599058664,2025-09-29 07:00:00
2025-09-25 07:00:00,23.55,24.19,23.19,23.19,28473700,1666.09,914938950,1668.21,1654.47,0.0051932538375133,1.0,0.0,23.190000000000076,23.550000000000075,24.190000000000076,23.190000000000072,-0.007731997283326209,0.007672671911660186,-0.015404669194986354,0.04221817335449558,0.03154940201278975,-1.0,-0.035791289348857336,2025-09-29 07:00:00
2025-09-26 07:00:00,23.23,23.69,22.87,23.05,21695400,1660.7,899321657,1671.43,1657.94,-0.0032403636636094,1.0,0.0,23.050000000000075,23.23000000000008,23.69000000000008,22.870000000000076,-0.006055381824782767,0.0017233955148775854,-0.007778777339660343,0.03522701013600443,0.030174159784109398,-1.0,-0.07375271149674623,2025-09-30 07:00:00
2025-09-29 07:00:00,23.42,23.78,22.36,22.36,31418300,1666.48,808656985,1674.84,1655.03,0.003474417262952,1.0,0.0,22.36000000000007,23.420000000000073,23.780000000000076,22.36000000000007,-0.030392121155759184,0.01592458872691361,-0.04631670988267281,0.061571242975737385,0.03045255375945048,-1.0,-0.045169946332736965,2025-09-30 07:00:00
2025-09-30 07:00:00,22.36,22.59,20.99,21.35,36919300,1661.7,1048764085,1676.8,1645.97,-0.0028724427684914,1.0,0.0,21.35000000000007,22.36000000000007,22.59000000000007,20.990000000000062,-0.04622190861226478,0.0,-0.04622190861226478,0.07346119664737054,0.03216159906361584,-1.0,-0.03653395784543323,2025-10-02 07:00:00
2025-10-01 07:00:00,21.54,21.63,21.26,21.31,13237300,1665.05,665999631,1671.07,1658.81,0.0020139782865139,1.0,0.0,21.310000000000066,21.540000000000067,21.630000000000067,21.26000000000007,-0.0018752935641079252,0.008859932053608867,-0.01073522561771672,0.017253867051165394,0.030600040137596415,-1.0,-0.034725480994837965,2025-10-02 07:00:00
2025-10-02 07:00:00,21.35,21.49,20.57,20.57,19696800,1652.71,735858787,1679.73,1651.18,-0.0074387881602996,1.0,0.0,20.570000000000068,21.350000000000072,21.49000000000007,20.570000000000068,-0.035342742445659825,0.0018752935641080156,-0.03721803600976785,0.04375400698955321,0.030597836274414966,-1.0,-0.04229460379193006,2025-10-03 07:00:00
2025-10-03 07:00:00,20.39,20.44,19.7,19.7,27402800,1645.82,814582654,1654.6,1638.6,-0.0041776245907529,1.0,0.0,19.700000000000063,20.390000000000068,20.44000000000007,19.700000000000063,-0.04321506792092305,-0.008789119078501956,-0.034425948842421124,0.036875129591560994,0.031081461983166712,1.0,0.07005076142131972,2025-10-06 07:00:00
2025-10-06 07:00:00,19.89,21.08,19.89,21.08,15008000,1695.5,1005160153,1695.5,1645.82,0.0297389423230639,1.0,0.0,21.080000000000066,19.89000000000006,21.080000000000062,19.89000000000006,0.06770608792921869,0.009598457121937893,0.058107630807280757,0.05810763080728055,0.03778913363960187,-1.0,-0.04127134724857673,2025-10-07 07:00:00
2025-10-07 07:00:00,21.12,21.12,20.16,20.21,16184300,1685.3,799007265,1703.9,1685.3,-0.0060340930837191,1.0,0.0,20.210000000000065,21.120000000000065,21.120000000000065,20.160000000000064,-0.042147192257631805,0.0018957351648991973,-0.04404292742253097,0.0465200156348927,0.037828684085461264,1.0,0.05888174171202354,2025-10-10 07:00:00
2025-10-08 07:00:00,20.53,20.62,19.52,19.75,38832300,1697.83,1016488853,1704.42,1680.87,0.007407375591568,1.0,0.0,19.750000000000064,20.53000000000007,20.62000000000007,19.520000000000064,-0.02302404006839872,0.015709699615312645,-0.038733739683711466,0.05482189760386751,0.03631535794884334,1.0,0.053164556962025156,2025-10-09 07:00:00
2025-10-09 07:00:00,20.5,20.95,20.25,20.8,13013600,1716.47,1043251858,1717.65,1697.83,0.0109188912464796,1.0,0.0,20.800000000000065,20.500000000000064,20.950000000000063,20.250000000000064,0.051799495360141265,0.0372713947972316,0.014528100562909808,0.033983852815598355,0.0389950867555834,1.0,0.08173076923076938,2025-10-13 07:00:00
2025-10-10 07:00:00,21.0,21.55,20.95,21.4,10732900,1747.55,998294168,1747.57,1716.47,0.0179449506819094,1.0,0.0,21.400000000000063,21.00000000000006,21.550000000000065,20.95000000000006,0.02843793532053341,0.009569451016150454,0.018868484304382954,0.0282371701816102,0.03824848911627803,1.0,0.05140186915887868,2025-10-13 07:00:00
2025-10-13 07:00:00,20.95,22.5,20.9,22.5,25956000,1765.12,1231241730,1766.77,1736.03,0.010003869722896,1.0,0.0,22.50000000000007,20.950000000000063,22.50000000000007,20.900000000000063,0.050124387182568814,-0.021252275659658978,0.0713766628422278,0.0737661502396093,0.039343982372813266,1.0,0.09333333333333349,2025-10-16 07:00:00
2025-10-14 07:00:00,22.8,23.2,22.35,22.6,26843000,1761.06,1491009356,1794.58,1753.25,-0.002302776258788,1.0,0.0,22.600000000000072,22.80000000000007,23.20000000000007,22.350000000000072,0.004434597067865775,0.013245226750020723,-0.008810629682154807,0.03732595761268613,0.03742417642990032,1.0,0.08849557522123908,2025-10-16 07:00:00
2025-10-15 07:00:00,22.6,23.0,22.35,23.0,17682600,1757.95,1107614674,1773.73,1754.89,-0.0017675430360757,1.0,0.0,23.000000000000075,22.600000000000076,23.000000000000078,22.350000000000076,0.017544309650909525,2.2204460492503128e-16,0.017544309650909307,0.028667894869571848,0.03579541395171961,1.0,0.06956521739130439,2025-10-16 07:00:00
2025-10-16 07:00:00,23.25,24.6,23.25,24.6,43774400,1766.85,1087385525,1768.45,1753.5,0.0050499426429393,1.0,0.0,24.60000000000008,23.25000000000007,24.60000000000008,23.25000000000007,0.06725222700916747,0.010810916104215456,0.056441310904952045,0.056441310904952045,0.038688428142065516,-1.0,-0.06910569105691056,2025-10-20 07:00:00
2025-10-17 07:00:00,24.6,25.1,24.25,24.6,24105900,1731.19,1221045346,1771.61,1727.8,-0.0203892667775347,1.0,0.0,24.60000000000008,24.60000000000008,25.10000000000008,24.250000000000075,0.0,0.0,0.0,0.0344512287542461,0.03697887762676869,-1.0,-0.06910569105691056,2025-10-20 07:00:00
2025-10-20 07:00:00,24.1,24.8,22.9,22.9,35152700,1636.43,1636108645,1731.19,1636.43,-0.0562919934822359,1.0,0.0,22.900000000000073,24.100000000000083,24.800000000000082,22.900000000000073,-0.07160953237812315,-0.020534602441707638,-0.05107492993641563,0.0797067426107426,0.04306834212420243,-1.0,-0.04366812227074235,2025-10-21 07:00:00
2025-10-21 07:00:00,22.9,22.9,21.6,21.9,33230200,1663.43,1530032193,1677.11,1622.37,0.0163646958081042,1.0,0.0,21.90000000000007,22.900000000000073,22.900000000000073,21.600000000000072,-0.04465027373773882,0.0,-0.04465027373773882,0.05844359587007458,0.043412357634649776,-1.0,-0.06849315068493145,2025-10-27 07:00:00
2025-10-22 07:00:00,22.1,22.5,21.0,22.5,20270900,1678.5,910675007,1678.82,1628.37,0.0090188017988527,1.0,0.0,22.500000000000078,22.10000000000008,22.500000000000078,21.000000000000075,0.027028672387919634,0.009090971701252325,0.01793770068666725,0.06899287148695142,0.042177169486285575,-1.0,-0.0933333333333336,2025-10-27 07:00:00
2025-10-23 07:00:00,22.6,22.9,21.85,21.85,14273800,1687.06,699304369,1698.01,1669.78,0.0050868315870774,1.0,0.0,21.850000000000072,22.600000000000076,22.900000000000073,21.850000000000072,-0.029314387668775484,0.004434597067865554,-0.033748984736641036,0.04693598901859476,0.04115937341009473,-1.0,-0.06636155606407335,2025-10-27 07:00:00
2025-10-24 07:00:00,21.6,22.4,21.25,21.9,15011500,1683.18,916269054,1691.69,1660.32,-0.002302507663647,1.0,0.0,21.90000000000007,21.600000000000072,22.400000000000073,21.25000000000007,0.002285715280855861,-0.011507606851479802,0.01379332213233555,0.05270406349056819,0.039168609894876236,-1.0,-0.06849315068493145,2025-10-27 07:00:00
2025-10-27 07:00:00,22.1,22.2,20.4,20.4,17398300,1652.54,903493887,1697.16,1652.54,-0.0183713631617678,1.0,0.0,20.400000000000066,22.100000000000076,22.200000000000074,20.400000000000066,-0.07095173597228437,0.009090971701252325,-0.0800427076735366,0.08455738802806317,0.0427556190229001,-1.0,-0.0539215686274509,2025-11-03 07:00:00
2025-10-28 07:00:00,19.9,20.95,19.5,20.95,18966400,1680.5,876810299,1680.5,1621.52,0.016777869983408,1.0,0.0,20.95000000000007,19.900000000000066,20.95000000000007,19.500000000000064,0.026603745517976153,-0.024815169119723906,0.05141891463769998,0.07172418079844578,0.04197811242464659,-1.0,-0.07875894988066823,2025-11-03 07:00:00
2025-10-29 07:00:00,21.1,21.45,21.1,21.15,7710600,1685.83,823542134,1695.99,1675.68,0.0031666559451829,1.0,0.0,21.150000000000073,21.100000000000076,21.450000000000074,21.100000000000076,0.009501259124140436,0.007134394113874332,0.0023668650102660225,0.01645160489200506,0.040155893535429366,-1.0,-0.08747044917257696,2025-11-03 07:00:00
2025-10-30 07:00:00,21.2,21.65,21.0,21.25,8212000,1669.57,763111948,1690.69,1661.92,-0.0096919158844442,1.0,0.0,21.25000000000007,21.20000000000007,21.65000000000007,21.00000000000007,0.0047169898781386456,0.0023612761856796854,0.0023557136924589835,0.03048301672507575,0.03827211850669595,-1.0,-0.09176470588235297,2025-11-03 07:00:00
2025-10-31 07:00:00,21.25,21.25,20.55,20.6,7672100,1639.65,777803290,1669.61,1639.33,-0.0180833038179447,1.0,0.0,20.60000000000007,21.25000000000007,21.25000000000007,20.550000000000068,-0.031065819574890487,0.0,-0.031065819574890487,0.033495954428182186,0.037404248561388805,-1.0,-0.06310679611650483,2025-11-03 07:00:00
2025-11-03 07:00:00,20.55,20.75,19.3,19.3,16513300,1617.0,965233110,1652.48,1617.0,-0.0139102238308473,1.0,0.0,19.300000000000065,20.550000000000068,20.750000000000068,19.300000000000065,-0.0651859798846955,-0.002430134853291782,-0.06275584503140366,0.07244115076586727,0.039895162211136606,1.0,0.06994818652849721,2025-11-04 07:00:00
2025-11-04 07:00:00,19.25,20.65,18.6,20.65,17529300,1651.98,1131564973,1658.93,1600.56,0.0214019878930015,1.0,0.0,20.650000000000066,19.250000000000064,20.650000000000066,18.600000000000062,0.06761022349620172,-0.0025940351770466466,0.07020425867324835,0.10455373868788612,0.044721359807022375,-1.0,-0.04600484261501192,2025-11-07 07:00:00
2025-11-05 07:00:00,20.65,20.65,20.05,20.15,5482000,1654.89,614850900,1659.58,1640.51,0.0017599728753443,1.0,0.0,20.150000000000063,20.650000000000063,20.650000000000063,20.050000000000065,-0.02451103101434992,-2.2204460492503136e-16,-0.02451103101434969,0.02948616565446327,0.04300752441901434,0.0,0.022332506203474045,2025-11-12 07:00:00
2025-11-06 07:00:00,20.2,20.55,19.75,20.3,8907900,1642.64,550189158,1658.69,1638.12,-0.0074298376982094,1.0,0.0,20.300000000000068,20.200000000000067,20.550000000000068,19.750000000000068,0.0074165976550498395,0.0024783160144672216,0.004938281640582577,0.03970744959511273,0.04109233903525691,0.0,-0.014778325123152913,2025-11-13 07:00:00
2025-11-07 07:00:00,20.3,20.35,19.5,19.7,8163900,1599.1,818296957,1642.64,1595.34,-0.026863732681847,1.0,0.0,19.700000000000067,20.300000000000068,20.35000000000007,19.500000000000064,-0.03000225030379879,0.0,-0.03000225030379879,0.04266644631890294,0.03984845979862706,1.0,0.04568527918781706,2025-11-12 07:00:00
2025-11-10 07:00:00,19.6,19.95,19.05,19.65,7745700,1580.54,656338910,1609.49,1580.54,-0.0116744101832832,1.0,0.0,19.650000000000066,19.600000000000065,19.950000000000067,19.050000000000065,-0.002541297428672644,-0.005089069507471293,0.002547772078798783,0.04616204176316241,0.037924189338501696,1.0,0.04834605597964359,2025-11-12 07:00:00
2025-11-11 07:00:00,19.7,20.2,19.6,20.15,9886500,1593.61,596030348,1597.08,1578.42,0.0082353221289338,1.0,0.0,20.150000000000063,19.70000000000006,20.200000000000063,19.600000000000062,0.025126950077421426,0.0025412974286723265,0.022585652648749288,0.030153038170687457,0.03729481201066843,1.0,0.05955334987593064,2025-11-17 07:00:00
2025-11-12 07:00:00,20.25,20.85,20.05,20.6,12044100,1631.86,682207403,1631.86,1593.61,0.0237185856195951,1.0,0.0,20.600000000000065,20.250000000000064,20.850000000000065,20.050000000000065,0.022086787402843505,0.004950505159856205,0.017136282242987237,0.039124794492232225,0.03628998143726397,1.0,0.03640776699029136,2025-11-17 07:00:00
2025-11-13 07:00:00,20.65,20.65,20.0,20.0,8758300,1631.44,629954183,1638.98,1626.14,-0.0002574081465503,1.0,0.0,20.000000000000064,20.650000000000063,20.650000000000063,20.000000000000064,-0.02955880224154439,0.0024242436115062545,-0.03198304585305065,0.03198304585305053,0.035581678844656794,1.0,0.06750000000000012,2025-11-17 07:00:00
2025-11-14 07:00:00,20.1,20.6,20.0,20.45,11956700,1635.46,649838136,1638.35,1623.03,0.0024610499427693,1.0,0.0,20.450000000000063,20.100000000000065,20.600000000000065,20.000000000000064,0.022250608934819723,0.004987541511039188,0.017263067423780552,0.02955880224154443,0.03473056674044125,1.0,0.044009779951100336,2025-11-17 07:00:00
2025-11-17 07:00:00,20.6,21.65,20.6,21.35,16821600,1654.42,661269040,1654.42,1635.46,0.0115263838890328,1.0,0.0,21.35000000000007,20.600000000000065,21.650000000000066,20.600000000000065,0.043068857185822894,0.007308193306724622,0.03576066387909826,0.04971437865296333,0.03561990396252663,0.0,-0.030444964871194413,2025-11-24 07:00:00
2025-11-18 07:00:00,21.4,21.4,20.85,21.0,9901400,1659.92,706237540,1660.41,1647.64,0.0033189142023017,1.0,0.0,21.000000000000068,21.400000000000066,21.400000000000066,20.850000000000065,-0.016529301951210582,0.0023391823531720194,-0.01886848430438269,0.0260369737829954,0.034390644666451836,-1.0,-0.04523809523809519,2025-11-25 07:00:00
2025-11-19 07:00:00,21.1,21.6,20.75,21.1,14748300,1649.0,741997320,1661.51,1643.04,-0.0066003648585967,1.0,0.0,21.10000000000007,21.100000000000065,21.60000000000007,20.750000000000064,0.004750602758597799,0.004750602758597799,2.2204460492503128e-16,0.04014706801341216,0.03272963620218735,-1.0,-0.049763033175355464,2025-11-25 07:00:00
2025-11-20 07:00:00,21.25,21.25,20.5,21.1,8136400,1655.99,592496709,1660.55,1647.79,0.0042299737200304,1.0,0.0,21.10000000000007,21.250000000000068,21.250000000000068,20.500000000000064,0.0,0.007083854888405042,-0.007083854888404932,0.03593200922606337,0.031135484925329904,-1.0,-0.049763033175355464,2025-11-25 07:00:00
2025-11-21 07:00:00,20.85,21.15,20.55,21.0,10267400,1654.93,666027161,1656.84,1635.1,-0.0006403054354776,1.0,0.0,21.000000000000068,20.850000000000065,21.150000000000066,20.550000000000065,-0.004750602758597865,-0.011919092237210537,0.007168489478612717,0.028778964550043327,0.0296732601950276,-1.0,-0.04523809523809519,2025-11-25 07:00:00
2025-11-24 07:00:00,21.0,21.05,20.6,20.7,7233000,1667.98,522154043,1674.29,1654.93,0.007854601594981,1.0,0.0,20.700000000000067,21.00000000000007,21.05000000000007,20.60000000000007,-0.014388737452099556,2.2204460492503128e-16,-0.01438873745209978,0.021609484332855127,0.028593014018314267,-1.0,-0.03140096618357491,2025-11-25 07:00:00
2025-11-25 07:00:00,20.7,21.0,19.8,20.05,11951400,1660.36,778049790,1676.7,1658.47,-0.0045788671310147,1.0,0.0,20.050000000000065,20.700000000000063,21.000000000000064,19.80000000000006,-0.031904546518745226,-2.2204460492503136e-16,-0.031904546518745,0.058840500022933395,0.028780241218105244,1.0,0.034912718204488824,2025-11-26 07:00:00
2025-11-26 07:00:00,20.15,20.85,20.0,20.75,7851300,1680.36,682182877,1682.17,1660.36,0.0119736098475679,1.0,0.0,20.750000000000068,20.150000000000066,20.850000000000072,20.000000000000068,0.034317092924129156,0.004975134640113929,0.029341958284015375,0.041621674690819656,0.02966482203321598,-1.0,-0.03614457831325302,2025-12-02 07:00:00
2025-11-27 07:00:00,20.8,20.85,20.25,20.25,7447800,1684.32,598407577,1695.34,1680.36,0.0023538653473287,1.0,0.0,20.250000000000064,20.800000000000065,20.850000000000065,20.250000000000064,-0.02439145312415924,0.0024067400305648376,-0.026798193154724047,0.02919915469226235,0.02915645777657579,0.0,0.027160493827160348,2025-12-04 07:00:00
2025-11-28 07:00:00,20.25,20.8,20.05,20.65,8816000,1690.99,632979322,1696.14,1679.12,0.0039522347175239,1.0,0.0,20.650000000000066,20.250000000000068,20.80000000000007,20.050000000000068,0.019560525854493572,2.2204460492503128e-16,0.019560525854493572,0.0367238329546941,0.02850647869131684,-1.0,-0.03147699757869249,2025-12-02 07:00:00
2025-12-01 07:00:00,20.7,20.7,20.15,20.2,6984500,1701.67,519841839,1713.77,1690.99,0.0062959655720581,1.0,0.0,20.200000000000063,20.700000000000063,20.700000000000063,20.150000000000063,-0.022032714999882803,0.002418380864281431,-0.024451095864164194,0.026929411878631328,0.027897444896325434,1.0,0.02970297029702973,2025-12-04 07:00:00
2025-12-02 07:00:00,20.2,20.2,19.5,20.0,11349800,1717.06,661265926,1719.03,1690.36,0.0090034041652658,1.0,0.0,20.000000000000064,20.200000000000063,20.200000000000063,19.50000000000006,-0.00995033085316798,0.0,-0.00995033085316798,0.03526813883745805,0.026634982900369718,1.0,0.039999999999999813,2025-12-04 07:00:00
2025-12-03 07:00:00,20.05,20.3,19.75,20.2,6339900,1731.77,720629160,1741.65,1714.9,0.0085304808892785,1.0,0.0,20.200000000000063,20.050000000000065,20.300000000000065,19.75000000000006,0.009950330853168092,0.002496880198587146,0.007453450654580752,0.027467394700610916,0.025635683465645865,1.0,0.02970297029702973,2025-12-04 07:00:00
2025-12-04 07:00:00,20.25,20.95,20.25,20.8,12488100,1737.24,762188232,1741.71,1725.23,0.0031536401068114,1.0,0.0,20.800000000000065,20.250000000000064,20.950000000000063,20.250000000000064,0.029270382300113237,0.002472189145389073,0.026798193154724002,0.033983852815598355,0.02611950420048839,-1.0,-0.038461538461538325,2025-12-08 07:00:00
2025-12-05 07:00:00,20.8,20.8,20.4,20.55,8014600,1741.32,629671556,1758.44,1737.24,0.0023457993370493,1.0,0.0,20.550000000000065,20.800000000000065,20.800000000000065,20.400000000000063,-0.012092045765028633,0.0,-0.012092045765028633,0.01941808585710173,0.02516257060213976,-1.0,-0.02676399026763987,2025-12-08 07:00:00
2025-12-08 07:00:00,20.55,20.65,19.9,20.0,10980900,1753.74,609653976,1758.41,1741.32,0.0071072040424127,1.0,0.0,20.000000000000064,20.550000000000065,20.650000000000063,19.90000000000006,-0.027128667388252585,0.0,-0.027128667388252585,0.03699558767659505,0.025279533243517685,-1.0,-0.03000000000000036,2025-12-10 07:00:00
2025-12-09 07:00:00,20.0,20.0,19.0,19.8,14415200,1747.17,895768193,1772.03,1724.66,-0.0037533142599107,1.0,0.0,19.80000000000006,20.000000000000064,20.000000000000064,19.00000000000006,-0.010050335853501562,0.0,-0.010050335853501562,0.05129329438755048,0.024147711081595222,-1.0,-0.08838383838383834,2025-12-12 07:00:00
2025-12-10 07:00:00,19.9,19.9,19.25,19.4,5924700,1718.98,518373930,1748.82,1714.44,-0.0162662444296584,1.0,0.0,19.400000000000055,19.900000000000055,19.900000000000055,19.250000000000057,-0.020408871631207352,0.00503779402995686,-0.025446665661164148,0.03320867099665339,0.023534183381319244,-1.0,-0.06958762886597902,2025-12-12 07:00:00
2025-12-11 07:00:00,19.5,19.6,19.15,19.4,5308900,1698.9,497312893,1718.98,1693.72,-0.0117501088559763,1.0,0.0,19.400000000000055,19.500000000000057,19.60000000000006,19.150000000000055,0.0,0.005141399500418652,-0.005141399500418764,0.023226850609816555,0.022436231207494474,-1.0,-0.06958762886597902,2025-12-12 07:00:00
2025-12-12 07:00:00,19.4,19.45,18.05,18.05,14734100,1646.89,830667261,1702.73,1642.57,-0.031092321940228,1.0,0.0,18.050000000000058,19.40000000000006,19.45000000000006,18.050000000000058,-0.07212738129039213,2.2204460492503128e-16,-0.07212738129039238,0.0747013852855653,0.029493834817288216,-1.0,-0.033240997229917024,2025-12-15 07:00:00
2025-12-15 07:00:00,18.05,18.15,17.15,17.45,15045900,1646.01,599602932,1665.65,1636.82,-0.0005344832949372,1.0,0.0,17.450000000000053,18.050000000000058,18.150000000000055,17.150000000000052,-0.03380603613045389,0.0,-0.03380603613045389,0.056672387098910836,0.028885020062121795,1.0,0.05730659025787954,2025-12-22 07:00:00
2025-12-16 07:00:00,17.3,18.65,16.85,17.95,15698600,1679.18,751636809,1689.07,1629.37,0.01995140144925,1.0,0.0,17.950000000000053,17.30000000000005,18.650000000000052,16.85000000000005,0.028250466285851653,-0.008633147144703002,0.03688361343055462,0.10149548929145354,0.030171215155504347,0.0,0.0055710306406684396,2025-12-23 07:00:00
2025-12-17 07:00:00,18.1,18.35,17.75,17.9,6211700,1673.66,495753236,1683.95,1671.07,-0.0032927339135559,1.0,0.0,17.90000000000005,18.100000000000055,18.350000000000055,17.75000000000005,-0.002789402087578748,0.008321823337492278,-0.011111225425071059,0.03324405857915465,0.028763451794415525,1.0,0.030726256983240274,2025-12-22 07:00:00
2025-12-18 07:00:00,17.95,18.05,17.5,17.9,5423200,1676.98,490167302,1676.98,1665.21,0.0019817116052574,1.0,0.0,17.90000000000005,17.950000000000053,18.050000000000054,17.50000000000005,0.0,0.0027894020875788134,-0.002789402087578748,0.030944803849421706,0.027481566243605385,1.0,0.030726256983240274,2025-12-22 07:00:00
2025-12-19 07:00:00,18.0,18.2,17.65,17.95,8098700,1704.31,660580746,1705.76,1677.67,0.0161657800319102,1.0,0.0,17.95000000000005,18.00000000000005,18.20000000000005,17.650000000000045,0.0027894020875785922,0.0055710450494554295,-0.0027816429618768026,0.030685810703444102,0.026333019637497086,1.0,0.027855153203342642,2025-12-22 07:00:00
2025-12-22 07:00:00,18.05,18.45,18.0,18.45,6347700,1751.03,755374637,1751.03,1704.31,0.027043849480336,1.0,0.0,18.450000000000053,18.050000000000054,18.450000000000053,18.000000000000053,0.027474255552248337,0.005555569844602405,0.02191868570764606,0.024692612590371414,0.02708748765988096,-1.0,-0.035230352303523005,2025-12-25 07:00:00
2025-12-23 07:00:00,18.5,18.5,17.75,18.05,6686700,1772.15,732383695,1778.18,1751.03,0.0119893124893729,1.0,0.0,18.05000000000005,18.50000000000005,18.50000000000005,17.750000000000046,-0.021918685707646275,0.0027063615977428457,-0.02462504730538907,0.04138521616285449,0.026355346068618356,-1.0,-0.030470914127423754,2025-12-26 07:00:00
2025-12-24 07:00:00,18.15,18.7,18.1,18.2,10263500,1782.82,685897134,1784.98,1753.65,0.0060028816224805,1.0,0.0,18.20000000000005,18.15000000000005,18.70000000000005,18.10000000000005,0.008275909303859661,0.005524875931969807,0.0027510333718900187,0.03261158558876058,0.025398201312983638,-1.0,-0.038461538461538325,2025-12-26 07:00:00
2025-12-25 07:00:00,18.35,18.45,17.8,17.8,8928300,1742.85,633306718,1805.93,1742.85,-0.0226746760207745,1.0,0.0,17.80000000000005,18.350000000000055,18.450000000000053,17.80000000000005,-0.02222313678471001,0.008207980417829802,-0.030431117202539926,0.035865913188496655,0.02477604984260778,-1.0,-0.042134831460674205,2025-12-30 07:00:00
2025-12-26 07:00:00,17.6,17.9,17.05,17.5,10865900,1729.8,920350846,1730.99,1687.14,-0.007515909424569,1.0,0.0,17.50000000000005,17.60000000000005,17.900000000000052,17.05000000000005,-0.016997576368571136,-0.011299555253933282,-0.005698021114637779,0.04865050911718347,0.023810703842458435,-1.0,-0.0257142857142858,2025-12-30 07:00:00
2025-12-29 07:00:00,17.6,17.75,17.3,17.4,6202200,1754.84,513330603,1754.84,1729.8,0.0143718897803236,1.0,0.0,17.40000000000005,17.60000000000005,17.75000000000005,17.30000000000005,-0.005730674708985095,0.005698021114637796,-0.011428695823622857,0.025679014417691447,0.02265071771193255,-1.0,-0.03735632183908044,2025-12-31 07:00:00
2025-12-30 07:00:00,17.45,17.5,17.05,17.05,8231200,1766.9,554603881,1766.9,1740.07,0.0068489139698693,1.0,0.0,17.050000000000047,17.450000000000045,17.500000000000046,17.050000000000047,-0.020320002490957608,0.002869442427952739,-0.023189444918910212,0.02605067719994255,0.021933062000388834,0.0,-0.0029325513196480912,2026-01-08 07:00:00
2025-12-31 07:00:00,17.05,17.2,16.75,16.75,9557000,1784.49,592835116,1787.75,1760.14,0.009906061481318,1.0,0.0,16.750000000000046,17.050000000000047,17.200000000000045,16.750000000000046,-0.01775194545845034,0.0,-0.01775194545845034,0.026511125548331863,0.02106896813061917,1.0,0.032835820895522394,2026-01-05 07:00:00
2026-01-05 07:00:00,17.0,17.5,16.95,17.3,10998600,1788.4,810900473,1797.4,1775.19,0.0021887052559032,1.0,0.0,17.300000000000047,17.000000000000046,17.500000000000046,16.950000000000045,0.03230824323265783,0.014815085785140682,0.01749315744751712,0.03193304710300901,0.023574228534732296,-1.0,-0.07514450867052025,2026-01-09 07:00:00
2026-01-06 07:00:00,17.45,17.5,16.6,17.0,8531700,1816.27,838989917,1817.06,1788.4,0.0154635821639699,1.0,0.0,17.000000000000046,17.450000000000045,17.500000000000046,16.600000000000044,-0.01749315744751723,0.008633147144702875,-0.026126304592219922,0.05279818556697083,0.02273769613543541,-1.0,-0.05882352941176472,2026-01-09 07:00:00
2026-01-07 07:00:00,17.1,17.25,16.85,17.15,6508700,1861.58,929077252,1861.58,1816.27,0.0246406419600775,1.0,0.0,17.15000000000005,17.10000000000005,17.25000000000005,16.85000000000005,0.00878482955573303,0.005865119452398279,0.0029197101033346246,0.023461486678997966,0.02209233926617973,-1.0,-0.06705539358600598,2026-01-09 07:00:00
2026-01-08 07:00:00,17.15,17.5,16.8,17.0,16548000,1855.56,1172488005,1888.33,1850.11,-0.0032390522085337,1.0,0.0,17.000000000000046,17.150000000000045,17.500000000000046,16.800000000000047,-0.008784829555732915,-2.2204460492503136e-16,-0.008784829555732692,0.040821994520254985,0.02104906064006558,-1.0,-0.05882352941176472,2026-01-09 07:00:00
2026-01-09 07:00:00,16.95,17.0,15.85,16.0,30057000,1867.9,1218660759,1880.16,1853.16,0.0066282678899179,1.0,0.0,16.000000000000043,16.950000000000045,17.000000000000046,15.850000000000042,-0.060624621816434854,-0.002945510229756803,-0.057679111586678045,0.07004384373292645,0.026079312418266165,1.0,0.03750000000000009,2026-01-12 07:00:00
2026-01-12 07:00:00,16.0,16.85,15.6,16.6,17134500,1877.33,1322446972,1887.92,1867.9,0.0050357494347529,1.0,0.0,16.600000000000044,16.000000000000043,16.850000000000048,15.60000000000004,0.0368139731227164,0.0,0.0368139731227164,0.07707974254287951,0.028596001569164323,0.0,-0.021084337349397853,2026-01-19 07:00:00
2026-01-13 07:00:00,16.95,17.05,16.5,16.75,17243400,1902.93,1289021469,1910.69,1871.79,0.0135442489943668,1.0,0.0,16.750000000000043,16.950000000000042,17.050000000000043,16.50000000000004,0.008995562908577783,0.02086513846396154,-0.011869575555383769,0.03278982282299097,0.02756880252075504,-1.0,-0.03582089552238832,2026-01-16 07:00:00
2026-01-14 07:00:00,16.75,17.0,16.3,16.7,15200400,1894.44,1335130373,1918.46,1870.87,-0.0044715232627415,1.0,0.0,16.700000000000042,16.750000000000043,17.000000000000043,16.30000000000004,-0.0029895388483660483,0.0,-0.0029895388483660483,0.042048236243499404,0.02622711794535379,-1.0,-0.03293413173652715,2026-01-16 07:00:00
2026-01-15 07:00:00,16.45,17.0,16.3,16.5,13607500,1864.8,1198731055,1894.44,1845.95,-0.0157694716100884,1.0,0.0,16.500000000000043,16.450000000000042,17.000000000000046,16.300000000000043,-0.012048338516174368,-0.015083242211328476,0.003034903695154111,0.042048236243499404,0.025054248666550077,-1.0,-0.027272727272727337,2026-01-20 07:00:00
2026-01-16 07:00:00,16.6,16.65,16.1,16.15,12654800,1879.13,980958156,1901.22,1864.8,0.0076550950357894,1.0,0.0,16.150000000000038,16.60000000000004,16.650000000000038,16.10000000000004,-0.021440331237869634,0.0060423144559624406,-0.02748264569383212,0.033590944436035206,0.024334742098724015,-1.0,-0.03715170278637758,2026-01-21 07:00:00
2026-01-19 07:00:00,16.15,16.5,16.1,16.25,5961900,1896.59,832522475,1898.24,1874.69,0.0092486330853288,1.0,0.0,16.25000000000004,16.150000000000038,16.50000000000004,16.10000000000004,0.006172859107081016,0.0,0.006172859107081016,0.024541108916117445,0.023466780579730794,-1.0,-0.04307692307692301,2026-01-21 07:00:00
2026-01-20 07:00:00,16.25,16.4,15.9,16.05,9453700,1893.78,987970727,1915.11,1884.6,-0.0014827051263045,1.0,0.0,16.05000000000004,16.25000000000004,16.400000000000038,15.90000000000004,-0.012384059199721555,0.0,-0.012384059199721555,0.030962225603966675,0.022419495823235033,-1.0,-0.031152647975077885,2026-01-21 07:00:00
2026-01-21 07:00:00,16.05,16.2,15.35,15.55,15787100,1885.44,1125596634,1894.22,1859.25,-0.004413616322205,1.0,0.0,15.550000000000038,16.05000000000004,16.20000000000004,15.350000000000037,-0.031648210950781734,0.0,-0.031648210950781734,0.053895768205132255,0.02267194129114494,1.0,0.067524115755627,2026-01-22 07:00:00
2026-01-22 07:00:00,15.7,16.6,15.5,16.6,23064500,1882.73,945697108,1904.56,1874.81,-0.0014383642283786,1.0,0.0,16.60000000000004,15.700000000000038,16.60000000000004,15.500000000000037,0.0653420567372544,0.009600073729019137,0.055741983008235164,0.06856267143729668,0.030983017045174522,-1.0,-0.06325301204819289,2026-01-26 07:00:00
2026-01-23 07:00:00,16.6,16.6,16.05,16.1,7287100,1870.79,841053745,1898.83,1866.87,-0.0063620496351531,1.0,0.0,16.100000000000037,16.600000000000037,16.600000000000037,16.050000000000036,-0.030583423372080393,-2.2204460492503136e-16,-0.030583423372080164,0.033693845786472575,0.030745809761044896,-1.0,-0.03416149068322982,2026-01-26 07:00:00
2026-01-26 07:00:00,16.2,16.3,15.35,15.55,10352300,1843.72,998240671,1879.45,1833.21,-0.0145755317613122,1.0,0.0,15.550000000000036,16.200000000000035,16.300000000000036,15.350000000000033,-0.03475863336517418,0.00619197024792098,-0.04095060361309509,0.06004963377951052,0.03065366852320614,1.0,0.04180064308681675,2026-01-30 07:00:00
2026-01-27 07:00:00,15.6,15.85,15.4,15.6,6371600,1830.5,752074184,1845.7,1821.79,-0.0071961162090211,1.0,0.0,15.600000000000037,15.600000000000037,15.850000000000039,15.400000000000038,0.0032102756302481894,0.0032102756302481894,0.0,0.028801990903706182,0.029324383491147427,1.0,0.03846153846153855,2026-01-30 07:00:00
2026-01-28 07:00:00,15.65,16.2,15.1,15.95,11728700,1802.91,863394661,1842.61,1793.13,-0.0151871274081832,1.0,0.0,15.950000000000037,15.65000000000004,16.20000000000004,15.100000000000037,0.022187914975362138,0.003200002730671071,0.018987912244691162,0.07031649841745968,0.029171812892501967,0.0,0.021943573667711824,2026-02-04 07:00:00
2026-01-29 07:00:00,16.1,16.2,15.85,16.0,3284600,1814.98,657114403,1814.98,1797.32,0.0066724222023841,1.0,0.0,16.00000000000004,16.10000000000004,16.20000000000004,15.850000000000039,0.003129893008927787,0.009360442759563893,-0.0062305497506361975,0.021841741915048635,0.027819133657890974,0.0,-0.006250000000000089,2026-02-05 07:00:00
2026-01-30 07:00:00,16.15,16.5,15.95,16.2,13135200,1829.04,827036508,1831.97,1813.81,0.0077167906714798,1.0,0.0,16.20000000000004,16.150000000000038,16.50000000000004,15.950000000000038,0.01242251999855711,0.009331327428884222,0.0030911925696728796,0.033901551675681416,0.02685784430623832,-1.0,-0.05555555555555558,2026-02-06 07:00:00
2026-02-02 07:00:00,16.4,16.4,15.9,16.2,7595100,1806.5,888369649,1829.04,1777.85,-0.0123999674382768,1.0,0.0,16.20000000000004,16.400000000000038,16.400000000000038,15.90000000000004,0.0,0.012270092591814183,-0.012270092591814247,0.030962225603966675,0.025550343570602558,-1.0,-0.05555555555555558,2026-02-06 07:00:00
2026-02-03 07:00:00,16.3,16.5,16.1,16.3,7661400,1813.4,916896859,1827.22,1805.22,0.0038122646242608,1.0,0.0,16.30000000000004,16.30000000000004,16.50000000000004,16.10000000000004,0.006153865574378286,0.006153865574378286,0.0,0.024541108916117445,0.02440555381187861,-1.0,-0.024539877300613577,2026-02-05 07:00:00
2026-02-04 07:00:00,16.3,16.45,16.05,16.3,10014300,1791.43,969815852,1813.87,1780.71,-0.0121893526325094,1.0,0.0,16.30000000000004,16.30000000000004,16.45000000000004,16.05000000000004,0.0,0.0,0.0,0.02461662763535581,0.023214909851035644,-1.0,-0.024539877300613577,2026-02-05 07:00:00
2026-02-05 07:00:00,16.35,16.5,15.9,15.9,9650000,1782.56,703264966,1800.1,1782.18,-0.00496365026844,1.0,0.0,15.900000000000038,16.35000000000004,16.50000000000004,15.90000000000004,-0.02484599858653089,0.003062789530545731,-0.027908788117076616,0.037041271680349076,0.023267259625807772,-1.0,-0.037735849056603765,2026-02-06 07:00:00
2026-02-06 07:00:00,15.6,15.75,15.3,15.3,12010500,1755.49,997365978,1782.56,1755.49,-0.0153025131015408,1.0,0.0,15.300000000000036,15.600000000000033,15.750000000000036,15.300000000000034,-0.03846628082779605,-0.019048194970694703,-0.019418085857101402,0.028987536873252187,0.024598072400095927,1.0,0.05555555555555558,2026-02-11 07:00:00
2026-02-09 07:00:00,15.5,15.6,15.2,15.5,7976400,1754.82,517575829,1771.73,1749.87,-0.0003817326721207,1.0,0.0,15.500000000000036,15.500000000000034,15.600000000000033,15.200000000000033,0.012987195526811112,0.012987195526810892,2.2204460492503128e-16,0.02597548640326052,0.024101471903779086,1.0,0.041935483870967794,2026-02-11 07:00:00
2026-02-10 07:00:00,15.55,15.6,15.3,15.35,3885200,1754.03,719682136,1776.24,1741.37,-0.0004502899886563,1.0,0.0,15.350000000000035,15.550000000000034,15.600000000000033,15.300000000000034,-0.009724549891994744,0.003220614700042157,-0.01294516459203685,0.019418085857101516,0.022981397401417438,1.0,0.05211726384364823,2026-02-11 07:00:00
2026-02-11 07:00:00,15.4,16.4,15.4,16.15,14805700,1796.85,808848823,1799.92,1754.03,0.0241191342967611,1.0,0.0,16.150000000000038,15.400000000000038,16.400000000000038,15.400000000000038,0.05080457563545941,0.003252035386377537,0.04755254024908206,0.06291382541056918,0.027554204293146898,-1.0,-0.034055727554179516,2026-02-24 07:00:00
2026-02-12 07:00:00,16.15,16.2,15.75,15.8,6036000,1814.09,451674492,1816.11,1796.85,0.0095488327113515,1.0,0.0,15.80000000000004,16.150000000000038,16.20000000000004,15.750000000000039,-0.02191010963574423,0.0,-0.02191010963574423,0.028170876966696224,0.02705764800176146,-1.0,-0.02848101265822811,2026-02-25 07:00:00
2026-02-13 07:00:00,15.8,15.95,15.55,15.85,10646700,1824.09,576394307,1824.09,1792.91,0.0054972679654569,1.0,0.0,15.85000000000004,15.800000000000043,15.950000000000042,15.550000000000042,0.003159560290368518,2.2204460492503128e-16,0.0031595602903682967,0.025398190605610403,0.02577879367683621,-1.0,-0.031545741324921384,2026-02-25 07:00:00
2026-02-23 07:00:00,15.95,16.05,15.7,16.0,5777200,1860.14,732214189,1863.13,1824.09,0.0195705211696377,1.0,0.0,16.00000000000004,15.950000000000038,16.05000000000004,15.700000000000038,0.009419221916491558,0.006289328907563697,0.003129893008927787,0.0220481372217626,0.02473019475673902,-1.0,-0.025000000000000022,2026-02-24 07:00:00
2026-02-24 07:00:00,15.95,16.1,15.55,15.6,14427900,1867.62,967871763,1867.62,1849.6,0.0040131392787944,1.0,0.0,15.600000000000037,15.950000000000038,16.10000000000004,15.550000000000038,-0.025317807984289897,-0.0031298930089277044,-0.022187914975362218,0.034758633365174256,0.02470635417690667,-1.0,-0.04166666666666674,2026-02-27 07:00:00
2026-02-25 07:00:00,15.7,15.75,15.35,15.35,12231800,1860.91,1084949538,1876.01,1857.16,-0.0035992775940599,1.0,0.0,15.350000000000035,15.700000000000035,15.750000000000036,15.350000000000033,-0.016155440222285256,0.006389798098770768,-0.022545238321056094,0.02572489123843592,0.023851189168389627,-1.0,-0.026058631921824116,2026-02-27 07:00:00
2026-02-26 07:00:00,15.45,15.55,15.2,15.35,9065300,1879.64,753927389,1882.17,1859.04,0.0100146537492337,1.0,0.0,15.350000000000035,15.450000000000033,15.550000000000034,15.200000000000033,0.0,0.006493529310548091,-0.00649352931054812,0.022765210773012426,0.022717581495994326,-1.0,-0.026058631921824116,2026-02-27 07:00:00
2026-02-27 07:00:00,15.35,15.4,14.95,14.95,15970800,1880.33,858209995,1899.44,1868.91,0.0003670242091002,1.0,0.0,14.950000000000035,15.350000000000037,15.400000000000038,14.950000000000037,-0.026404174196510737,2.2204460492503128e-16,-0.026404174196510852,0.029656209582888022,0.022679408074560644,-1.0,-0.0635451505016722,2026-03-02 07:00:00
2026-03-02 07:00:00,14.1,14.6,13.95,14.0,20783700,1846.1,1418296837,1885.18,1844.25,-0.0183719875584407,1.0,0.0,14.000000000000034,14.100000000000033,14.600000000000035,13.950000000000033,-0.06565397022143678,-0.058536502452572796,-0.0071174677688639896,0.04554202044691622,0.02812848980280824,-1.0,-0.03214285714285725,2026-03-06 07:00:00
2026-03-03 07:00:00,14.0,14.35,13.95,14.05,18009200,1813.14,1221025992,1854.28,1808.55,-0.0180151569257691,1.0,0.0,14.050000000000033,14.000000000000032,14.350000000000032,13.95000000000003,0.0035650661644961446,-1.1102230246251565e-16,0.0035650661644961446,0.028270433938255526,0.027133758538580733,-1.0,-0.03558718861209964,2026-03-06 07:00:00
2026-03-04 07:00:00,14.05,14.25,13.25,14.05,13361000,1818.27,1478621201,1833.33,1766.86,0.002825350710916,1.0,0.0,14.050000000000033,14.050000000000033,14.250000000000032,13.25000000000003,0.0,0.0,0.0,0.0727593542824283,0.025984398926125828,-1.0,-0.03558718861209964,2026-03-06 07:00:00
2026-03-05 07:00:00,14.25,14.35,13.75,13.75,12327500,1808.51,1097224844,1849.01,1808.07,-0.0053821977405143,1.0,0.0,13.750000000000032,14.250000000000032,14.350000000000032,13.75000000000003,-0.021583571667174516,0.014134510934904716,-0.035718082602079114,0.04271111809304987,0.025002875258168324,-1.0,-0.07999999999999996,2026-03-09 07:00:00
2026-03-06 07:00:00,13.95,14.0,13.5,13.55,7937500,1767.84,952770876,1807.31,1767.84,-0.0227448394562913,1.0,0.0,13.550000000000031,13.95000000000003,14.000000000000032,13.50000000000003,-0.014652276786870488,0.01444068415479421,-0.02909296094166455,0.03636764417087479,0.023819578372644746,-1.0,-0.06642066420664194,2026-03-09 07:00:00
2026-03-09 07:00:00,12.65,12.95,12.65,12.65,9282100,1652.79,1278597856,1767.84,1651.68,-0.0672936933566131,1.0,0.0,12.65000000000003,12.65000000000003,12.950000000000031,12.65000000000003,-0.06872933215218054,-0.06872933215218054,0.0,0.023438572972017596,0.02862152787166215,1.0,0.055335968379446765,2026-03-11 07:00:00
2026-03-10 07:00:00,12.45,12.95,12.35,12.6,27165600,1676.73,1344747032,1716.62,1651.29,0.0143806990638689,1.0,0.0,12.60000000000003,12.45000000000003,12.950000000000031,12.35000000000003,-0.003960401216097017,-0.01593659226281264,0.01197619104671562,0.047439725071560565,0.027472536167566876,1.0,0.059523809523809756,2026-03-11 07:00:00
2026-03-11 07:00:00,12.65,13.45,12.65,13.35,13446400,1728.34,896281821,1729.67,1675.17,0.0303159421965749,1.0,0.0,13.350000000000033,12.65000000000003,13.450000000000031,12.65000000000003,0.057819570888826444,0.003960401216096914,0.05385916967272941,0.06132189087431874,0.03411991113555077,0.0,0.0074906367041196464,2026-03-18 07:00:00
2026-03-12 07:00:00,13.3,13.55,13.0,13.45,12249600,1709.61,857917482,1728.34,1701.59,-0.0108961359593865,1.0,0.0,13.450000000000033,13.300000000000033,13.550000000000034,13.000000000000032,0.007462721201589594,-0.003752349618550464,0.011215070820140003,0.04143718986417324,0.032790689972759496,0.0,0.011152416356877026,2026-03-19 07:00:00
2026-03-13 07:00:00,13.35,13.9,13.25,13.55,13098000,1696.24,877875254,1716.75,1688.67,-0.0078512375350141,1.0,0.0,13.550000000000034,13.350000000000032,13.900000000000034,13.250000000000032,0.007407441277861818,-0.007462721201589712,0.014870162479451625,0.04789128770441485,0.03147444893104275,0.0,-0.014760147601476481,2026-03-20 07:00:00
2026-03-16 07:00:00,13.7,14.0,13.6,13.7,10052000,1693.21,746306319,1707.0,1680.7,-0.0017879011681181,1.0,0.0,13.700000000000031,13.700000000000033,14.000000000000034,13.600000000000033,0.011009285508368957,0.011009285508369175,-1.1102230246251565e-16,0.028987536873252187,0.030337081353925145,-1.0,-0.06569343065693434,2026-03-23 07:00:00
2026-03-17 07:00:00,13.85,13.85,13.45,13.45,7124000,1710.29,725273862,1732.31,1693.21,0.0100368111549359,1.0,0.0,13.450000000000031,13.850000000000033,13.850000000000033,13.450000000000031,-0.01841672678623104,0.010889399799268317,-0.029306126585499474,0.029306126585499487,0.029193734446809606,-1.0,-0.048327137546468446,2026-03-23 07:00:00
2026-03-18 07:00:00,13.45,13.55,13.1,13.45,7578400,1713.83,699754878,1742.87,1706.53,0.0020676852804341,1.0,0.0,13.450000000000031,13.450000000000031,13.550000000000034,13.100000000000032,0.0,0.0,0.0,0.03377431711860426,0.027811579863131104,-1.0,-0.048327137546468446,2026-03-23 07:00:00
2026-03-19 07:00:00,13.25,13.9,13.2,13.6,9710200,1699.13,821692120,1713.83,1685.9,-0.0086142766993736,1.0,0.0,13.60000000000003,13.25000000000003,13.90000000000003,13.200000000000028,0.011090686694158138,-0.014981553615616946,0.026072240309775105,0.05167201054432107,0.026874615619874562,-1.0,-0.05882352941176461,2026-03-23 07:00:00
2026-03-20 07:00:00,13.55,13.8,13.35,13.35,7088400,1647.81,856451948,1699.13,1647.16,-0.0306692217814406,1.0,0.0,13.350000000000028,13.550000000000031,13.800000000000031,13.35000000000003,-0.018553407895747834,-0.0036832454162962934,-0.014870162479451506,0.03315220731690055,0.025981142660031452,-1.0,-0.041198501872659055,2026-03-23 07:00:00
2026-03-23 07:00:00,13.3,13.4,12.7,12.8,14134100,1591.17,986020339,1647.81,1586.44,-0.0349775388940275,1.0,0.0,12.80000000000003,13.300000000000031,13.40000000000003,12.700000000000028,-0.042071213920686926,-0.0037523496185502413,-0.03831886430213666,0.05365271349232022,0.027167234966409944,1.0,0.0546875,2026-03-24 07:00:00
2026-03-24 07:00:00,13.25,13.65,13.0,13.5,8186500,1614.77,687078246,1630.63,1591.17,0.0147229369874114,1.0,0.0,13.500000000000032,13.250000000000032,13.650000000000034,13.000000000000032,0.053244514518812285,0.03455238150665995,0.018692133012152546,0.04879016416943205,0.03177898044919657,1.0,0.07037037037037042,2026-03-27 07:00:00
2026-03-25 07:00:00,13.7,14.0,13.5,13.8,11696900,1658.19,796965260,1658.77,1614.77,0.0265341143741884,1.0,0.0,13.800000000000034,13.700000000000033,14.000000000000034,13.500000000000034,0.021978906718775382,0.014706147389695487,0.007272759329079878,0.03636764417087479,0.031101304139590814,1.0,0.047101449275362306,2026-03-27 07:00:00
2026-03-26 07:00:00,13.85,14.0,13.5,13.55,8624500,1644.63,641307834,1661.6,1634.55,-0.00821121114019,1.0,0.0,13.550000000000034,13.850000000000033,14.000000000000034,13.500000000000034,-0.01828204483744907,0.003616640470188515,-0.02189868530763746,0.03636764417087479,0.0300907786912196,1.0,0.06642066420664183,2026-03-27 07:00:00
2026-03-27 07:00:00,13.6,14.45,13.6,14.45,24713800,1672.8,814663981,1673.31,1640.31,0.0169834342263088,1.0,0.0,14.450000000000035,13.600000000000033,14.450000000000035,13.600000000000033,0.06430786723273105,0.003683245416296368,0.06062462181643484,0.06062462181643484,0.03485692883607222,0.0,-0.02076124567474036,2026-04-03 07:00:00
2026-03-30 07:00:00,14.1,14.6,14.05,14.2,13413500,1662.54,745194737,1672.8,1637.58,-0.0061523157234794,1.0,0.0,14.200000000000033,14.100000000000033,14.600000000000035,14.050000000000034,-0.017452449951226166,-0.024519617174318612,0.007067167223092353,0.038399132934535965,0.03381078135612163,-1.0,-0.042253521126760396,2026-04-06 07:00:00
2026-03-31 07:00:00,14.3,14.5,14.1,14.25,11416400,1674.49,787839248,1677.83,1662.54,0.0071620878935629,1.0,0.0,14.250000000000036,14.300000000000036,14.500000000000036,14.100000000000033,0.003514942107444592,0.007017572658646761,-0.003502630551202112,0.027973852042406162,0.032162075284958444,-1.0,-0.04561403508771933,2026-04-06 07:00:00
2026-04-01 07:00:00,14.5,14.65,14.25,14.3,12468600,1702.93,826834534,1715.21,1700.18,0.0168416555991575,1.0,0.0,14.300000000000036,14.500000000000036,14.650000000000036,14.250000000000036,0.0035026305512020745,0.01739174271186924,-0.013889112160667037,0.027683428748416648,0.03059358385071773,-1.0,-0.04895104895104907,2026-04-06 07:00:00
2026-04-02 07:00:00,14.25,14.35,13.95,14.25,8485800,1694.82,730462121,1706.15,1684.47,-0.0047737563984349,1.0,0.0,14.250000000000036,14.250000000000036,14.350000000000035,13.950000000000033,-0.003502630551202112,-0.003502630551202112,0.0,0.028270433938255526,0.029159043674709496,-1.0,-0.04561403508771933,2026-04-06 07:00:00
2026-04-03 07:00:00,14.25,14.4,14.1,14.15,12857300,1684.04,696862532,1713.95,1679.79,-0.0063808719959339,1.0,0.0,14.150000000000036,14.250000000000036,14.400000000000036,14.100000000000033,-0.007042282625412811,0.0,-0.007042282625412811,0.02105340919783248,0.027870773296014884,-1.0,-0.03886925795053009,2026-04-06 07:00:00
2026-04-06 07:00:00,14.1,14.35,13.55,13.6,9972700,1674.99,556779316,1693.03,1669.31,-0.0053884733972041,1.0,0.0,13.600000000000033,14.100000000000033,14.350000000000035,13.550000000000034,-0.03964483134724036,-0.0035398267051241737,-0.03610500464211621,0.05736339487992008,0.02922387845318392,1.0,0.0625,2026-04-08 07:00:00
2026-04-07 07:00:00,13.65,13.8,13.4,13.6,10008600,1677.54,514778977,1690.31,1665.36,0.0015212394769091,1.0,0.0,13.600000000000033,13.650000000000034,13.800000000000034,13.400000000000032,0.0,0.0036697288889624017,-0.003669728888962513,0.029413885206293407,0.02780934805778132,1.0,0.0625,2026-04-08 07:00:00
2026-04-08 07:00:00,14.05,14.5,14.05,14.45,17760200,1756.55,1121941552,1756.55,1706.59,0.0460232234305735,1.0,0.0,14.450000000000037,14.050000000000038,14.500000000000039,14.050000000000038,0.06062462181643484,0.03255260303774876,0.028072018778686307,0.03152625364677395,0.03256505334068921,0.0,0.01384083044982698,2026-04-15 07:00:00
2026-04-09 07:00:00,14.4,15.15,14.25,14.55,16838800,1736.68,939896157,1756.55,1736.68,-0.0113764134065573,1.0,0.0,14.55000000000004,14.40000000000004,15.150000000000041,14.250000000000037,0.006896579059060459,-0.003466207976486061,0.010362787035546658,0.0612436252407188,0.030991808279535578,0.0,-1.1102230246251565e-16,2026-04-16 07:00:00
2026-04-10 07:00:00,14.8,15.0,14.55,14.55,7862600,1750.0,855525196,1762.84,1736.68,0.0076405433245428,1.0,0.0,14.55000000000004,14.80000000000004,15.000000000000039,14.55000000000004,0.0,0.0170361871525678,-0.017036187152567852,0.03045920748470844,0.02950224882592642,0.0,-0.013745704467354125,2026-04-17 07:00:00
2026-04-13 07:00:00,14.45,15.1,14.35,14.65,14085800,1758.96,767253461,1765.67,1733.18,0.0051069373681446,1.0,0.0,14.65000000000004,14.450000000000038,15.10000000000004,14.350000000000039,0.006849341845574768,-0.0068965790590604405,0.013745920904635136,0.050944801615248544,0.028080240158569934,0.0,-0.020477815699658786,2026-04-20 07:00:00
2026-04-14 07:00:00,14.9,14.95,14.55,14.75,6880300,1775.65,774460243,1784.43,1758.96,0.0094438277730865,1.0,0.0,14.750000000000037,14.900000000000036,14.950000000000037,14.550000000000036,0.0068027473227524,0.01692087748833696,-0.010118130165584554,0.02712030621919382,0.026724646954248303,-1.0,-0.027118644067796516,2026-04-17 07:00:00
2026-04-15 07:00:00,14.75,15.0,14.65,14.65,12867500,1800.65,805513607,1801.66,1775.65,0.0139811577516511,1.0,0.0,14.650000000000038,14.750000000000036,15.000000000000037,14.650000000000036,-0.006802747322752523,-1.1102230246251565e-16,-0.006802747322752412,0.023609865639133885,0.025631876799196197,-1.0,-0.03412969283276457,2026-04-21 07:00:00
2026-04-16 07:00:00,14.7,14.7,14.3,14.55,8068000,1819.83,819390678,1824.03,1799.18,0.0105953793043247,1.0,0.0,14.550000000000038,14.700000000000038,14.700000000000038,14.300000000000038,-0.006849341845574783,0.0034071583216143558,-0.01025650016718911,0.027587956518828963,0.02456321985453849,-1.0,-0.027491408934708028,2026-04-21 07:00:00
2026-04-17 07:00:00,14.65,14.7,14.3,14.35,6684400,1817.17,632349354,1846.19,1814.47,-0.0014627442806062,1.0,0.0,14.350000000000037,14.65000000000004,14.700000000000038,14.300000000000038,-0.013841051411871468,0.006849341845574768,-0.02069039325744628,0.027587956518828963,0.023854122895218922,0.0,-0.0034843205574913716,2026-04-24 07:00:00
2026-04-20 07:00:00,14.35,14.6,14.3,14.35,5230400,1837.11,581405080,1837.11,1802.42,0.0109133388277358,1.0,0.0,14.350000000000037,14.350000000000039,14.600000000000039,14.300000000000038,0.0,2.2204460492503128e-16,-1.1102230246251565e-16,0.020761991448429225,0.02269053295547246,0.0,-0.017421602787456525,2026-04-28 07:00:00
2026-04-21 07:00:00,14.4,14.6,14.15,14.15,9680000,1833.48,751134492,1866.1,1833.48,-0.0019778843092733,1.0,0.0,14.150000000000036,14.400000000000036,14.600000000000035,14.150000000000034,-0.01403531811638348,0.0034782643763247925,-0.017513582492708242,0.031306904625044124,0.022025416899443855,1.0,0.03886925795053009,2026-04-29 07:00:00
2026-04-22 07:00:00,14.25,14.4,14.1,14.15,4446400,1857.3,562382244,1861.34,1819.21,0.0129080198406727,1.0,0.0,14.150000000000036,14.250000000000036,14.400000000000036,14.100000000000033,0.0,0.007042282625412951,-0.007042282625412811,0.02105340919783248,0.02095187732444907,1.0,0.03886925795053009,2026-04-29 07:00:00
2026-04-23 07:00:00,14.2,14.4,13.85,14.05,11906200,1870.36,953432252,1888.99,1855.09,0.0070071054959993,1.0,0.0,14.050000000000036,14.200000000000035,14.400000000000036,13.850000000000033,-0.007092228309491798,0.0035273405179684406,-0.010619568827460148,0.038942973948607545,0.02002025175849057,1.0,0.0462633451957295,2026-04-29 07:00:00
2026-04-24 07:00:00,14.05,14.4,13.95,14.3,6594800,1853.29,568682199,1881.93,1843.63,-0.0091684876810879,1.0,0.0,14.300000000000036,14.050000000000034,14.400000000000036,13.950000000000033,0.017637141486106876,-1.1102230246251565e-16,0.017637141486106876,0.031748698314580485,0.019884220326130804,1.0,0.027972027972028135,2026-04-29 07:00:00
2026-04-28 07:00:00,14.3,14.5,14.1,14.1,5558400,1875.84,577907915,1887.69,1848.98,0.0120941210742652,1.0,0.0,14.100000000000035,14.300000000000036,14.500000000000036,14.100000000000033,-0.014084739881739085,0.0,-0.014084739881739085,0.027973852042406162,0.019413384140736716,1.0,0.042553191489361764,2026-04-29 07:00:00
2026-04-29 07:00:00,14.1,14.9,14.1,14.7,15546200,1854.1,626247808,1881.18,1852.49,-0.0116571559786653,1.0,0.0,14.700000000000038,14.100000000000037,14.90000000000004,14.100000000000037,0.04167269640056808,2.2204460492503128e-16,0.04167269640056808,0.05518641556729094,0.02248706530845073,-1.0,-0.027210884353741416,2026-05-05 07:00:00
2026-05-04 07:00:00,14.8,15.1,14.6,14.65,10535100,1854.06,614072346,1876.8,1840.43,-2.1574042113354e-05,1.0,0.0,14.65000000000004,14.80000000000004,15.10000000000004,14.600000000000039,-0.0034071583216141975,0.006779686985378769,-0.010186845306993018,0.03367321510658802,0.021479627365875893,-1.0,-0.023890784982935176,2026-05-05 07:00:00
2026-05-05 07:00:00,14.6,14.7,14.15,14.3,8762200,1874.85,701963400,1875.97,1849.32,0.0111508271426462,1.0,0.0,14.300000000000038,14.600000000000039,14.700000000000038,14.150000000000038,-0.02418079819721474,-0.003418806748785609,-0.020761991448429128,0.038132869695444035,0.02195444167045005,1.0,0.03146853146853168,2026-05-06 07:00:00
2026-05-06 07:00:00,14.55,14.9,14.45,14.75,10481200,1891.2,788372585,1892.0,1868.92,0.0086828920074385,1.0,0.0,14.75000000000004,14.55000000000004,14.90000000000004,14.450000000000038,0.030983545519967442,0.01733145635163994,0.013652089168327263,0.030666798392972323,0.02287797475789275,0.0,-0.006779661016949268,2026-05-13 07:00:00
2026-05-07 07:00:00,14.85,15.0,14.5,14.5,8825100,1909.01,852195767,1924.95,1891.2,0.0093732348449315,1.0,0.0,14.500000000000039,14.850000000000039,15.000000000000039,14.500000000000039,-0.017094433359300183,0.006756782462879687,-0.0238512158221798,0.0339015516756812,0.022580117747397592,1.0,0.024137931034482696,2026-05-14 07:00:00
2026-05-08 07:00:00,14.55,14.6,14.35,14.45,8140500,1915.37,840759266,1921.81,1897.06,0.0033260323833506,1.0,0.0,14.450000000000038,14.55000000000004,14.600000000000039,14.350000000000039,-0.0034542348680875576,0.0034423441909729197,-0.0068965790590604405,0.017271586508660498,0.021519968328493136,1.0,0.02768166089965396,2026-05-14 07:00:00
2026-05-11 07:00:00,14.55,14.75,14.3,14.45,10269200,1895.5,870568077,1927.06,1893.75,-0.0104281594836716,1.0,0.0,14.450000000000038,14.55000000000004,14.750000000000039,14.300000000000038,0.0,0.006896579059060459,-0.0068965790590604405,0.030983545519967227,0.02047032466473219,1.0,0.02768166089965396,2026-05-14 07:00:00
2026-05-12 07:00:00,14.45,14.95,14.45,14.65,14794700,1901.1,646156258,1906.64,1875.25,0.0029500100411914,1.0,0.0,14.65000000000004,14.450000000000038,14.950000000000038,14.450000000000038,0.013745920904635136,0.0,0.013745920904635136,0.03401688527825413,0.01987399071635917,1.0,0.020477815699658786,2026-05-15 07:00:00
2026-05-13 07:00:00,14.65,14.8,14.5,14.65,5426900,1898.37,796945943,1908.77,1865.12,-0.0014370427821819,1.0,0.0,14.65000000000004,14.65000000000004,14.80000000000004,14.500000000000039,0.0,0.0,0.0,0.0204785313435407,0.01891158662885506,1.0,0.020477815699658786,2026-05-15 07:00:00
2026-05-14 07:00:00,14.8,15.2,14.7,14.85,12869700,1925.46,580872676,1927.7,1883.98,0.0141692769988052,1.0,0.0,14.85000000000004,14.80000000000004,15.20000000000004,14.700000000000038,0.013559529785632294,0.010186845306992997,0.003372684478639377,0.033447934067540125,0.018344623707787076,-1.0,-0.06734006734006726,2026-05-20 07:00:00
2026-05-15 07:00:00,14.9,15.05,14.75,14.95,8152500,1921.6,708757508,1930.58,1909.9,-0.0020067278884851,1.0,0.0,14.95000000000004,14.90000000000004,15.050000000000042,14.750000000000039,0.006711434587986778,0.0033613477027047063,0.003350086885282027,0.020134908409056025,0.017489887706365427,-1.0,-0.0200668896321069,2026-05-19 07:00:00
2026-05-18 07:00:00,14.9,14.9,14.55,14.85,8178600,1927.94,774679381,1932.62,1908.78,0.0032939030285741,1.0,0.0,14.85000000000004,14.90000000000004,14.90000000000004,14.55000000000004,-0.006711434587986804,-0.0033500868852819744,-0.0033613477027047717,0.02377021933391185,0.016898187060724483,-1.0,-0.06734006734006726,2026-05-20 07:00:00
2026-05-19 07:00:00,14.9,15.0,14.45,14.65,12151800,1912.93,904325068,1933.11,1904.47,-0.0078159773242556,1.0,0.0,14.650000000000041,14.900000000000043,15.000000000000043,14.45000000000004,-0.013559529785632251,0.0033613477027049274,-0.016920877488337177,0.03735578654376903,0.016758905091092968,-1.0,-0.05460750853242324,2026-05-20 07:00:00
2026-05-20 07:00:00,14.65,14.65,13.65,13.85,26783300,1913.23,1078815114,1919.39,1859.22,0.0001568151883949,1.0,0.0,13.850000000000039,14.650000000000043,14.650000000000043,13.65000000000004,-0.05615510282972885,2.2204460492503128e-16,-0.05615510282972896,0.07070081383210754,0.023393060805916868,-1.0,-0.02527075812274371,2026-05-22 07:00:00
2026-05-21 07:00:00,13.85,13.95,13.6,13.6,5646200,1896.89,562755083,1923.21,1886.62,-0.008577210258837,1.0,0.0,13.600000000000039,13.85000000000004,13.95000000000004,13.600000000000039,-0.018215439891341105,2.2204460492503128e-16,-0.018215439891341216,0.02540971552536844,0.022619325766477044,0.0,-0.007352941176470673,2026-05-28 07:00:00
2026-05-22 07:00:00,13.7,13.7,13.45,13.5,6160600,1877.13,650651924,1896.74,1856.08,-0.0104716883148323,1.0,0.0,13.500000000000037,13.700000000000037,13.700000000000037,13.450000000000035,-0.007380107297622646,0.00732604009207266,-0.014706147389695336,0.018416726786231286,0.021519247384746303,1.0,0.022222222222222143,2026-05-26 07:00:00
2026-05-25 07:00:00,13.6,13.85,13.55,13.6,4744900,1886.03,495245425,1891.26,1876.37,0.0047300761029357,1.0,0.0,13.600000000000035,13.600000000000035,13.850000000000037,13.550000000000036,0.00738010729762246,0.00738010729762246,0.0,0.021898685307637524,0.020869800480429468,-1.0,-0.04044117647058809,2026-05-29 07:00:00
2026-05-26 07:00:00,13.7,14.15,13.65,13.8,7859600,1884.18,598836621,1889.15,1876.32,-0.0009813777739055,1.0,0.0,13.800000000000038,13.700000000000037,14.150000000000038,13.650000000000036,0.014598799421152851,0.0073260400920731016,0.007272759329079878,0.03597510245827798,0.020697255067967914,,,
2026-05-27 07:00:00,13.85,13.9,13.75,13.75,3128400,1874.43,667675136,1889.87,1863.18,-0.005188099786649,1.0,0.0,13.750000000000039,13.85000000000004,13.900000000000041,13.750000000000039,-0.0036297680505786127,0.003616640470188736,-0.00724640852076731,0.010850016024065844,0.019687936914134264,,,
2026-05-28 07:00:00,13.8,13.85,13.5,13.5,4324500,1863.67,602798527,1882.66,1857.25,-0.0057569512414047,1.0,0.0,13.500000000000037,13.800000000000038,13.850000000000037,13.500000000000036,-0.018349138668196655,0.00362976805057851,-0.02197890671877523,0.025595547188963723,0.01928490659496556,,,
2026-05-29 07:00:00,13.45,13.55,13.05,13.05,5852300,1863.49,556018675,1873.17,1855.96,-9.658828713551802e-05,1.0,0.0,13.050000000000036,13.450000000000035,13.550000000000036,13.050000000000036,-0.03390155167568134,-0.0037105793965358244,-0.030190972279145453,0.037598413557007375,0.020367144379069498,,,
2026-06-01 07:00:00,13.25,13.4,13.1,13.2,5152700,1844.54,431817093,1871.09,1841.39,-0.0102211497632213,1.0,0.0,13.200000000000035,13.250000000000036,13.400000000000036,13.100000000000035,0.01142869582362263,0.015209418663528708,-0.0037807228399060443,0.022642476749759752,0.020178534497076794,,,
