time,open,high,low,close,volume,mkt_close,mkt_volume,mkt_high,mkt_low,mkt_return
2018-06-05 07:00:00,9.23,9.65,9.23,9.65,1452440,1022.74,173096680,1025.26,1011.59,0.008799381114508476
2018-06-06 07:00:00,9.7,9.9,9.46,9.83,1273280,1034.5,147456500,1034.5,1012.98,0.011432917984389116
2018-06-07 07:00:00,9.7,9.79,9.46,9.51,1276620,1036.69,151829230,1043.71,1030.79,0.002114727104855557
2018-06-08 07:00:00,9.51,9.51,9.3,9.37,675770,1039.01,124180340,1039.07,1026.94,0.002235391401533631
2018-06-11 07:00:00,9.14,9.35,8.77,9.1,1005130,1039.02,133836660,1045.6,1029.19,9.624500127504418e-06
2018-06-12 07:00:00,9.1,9.1,8.54,8.75,1071950,1020.76,169945710,1033.55,1005.1,-0.017730513322317367
2018-06-13 07:00:00,8.75,8.96,8.75,8.8,300690,1030.53,94519770,1030.53,1017.93,0.009525785118482072
2018-06-14 07:00:00,8.75,9.0,8.75,8.82,398930,1015.72,135233070,1033.46,1015.72,-0.014475512383087441
2018-06-15 07:00:00,8.93,8.98,8.75,8.98,521160,1016.51,144865820,1018.95,1006.78,0.0007774710931278488
2018-06-18 07:00:00,8.82,8.98,8.59,8.59,505400,987.34,145591940,1018.98,986.88,-0.02911601236701792
2018-06-19 07:00:00,8.33,8.36,7.99,8.03,3233760,962.16,203659510,972.62,941.57,-0.025833701328940535
2018-06-20 07:00:00,8.17,8.36,8.03,8.26,893590,980.95,119730870,980.95,955.61,0.01934073286447661
2018-06-21 07:00:00,8.36,8.36,8.06,8.13,302950,969.4,94237830,979.57,966.28,-0.011844166455562305
2018-06-22 07:00:00,7.94,8.29,7.94,8.29,470630,983.17,102746580,983.57,959.91,0.014104721763150611
2018-06-25 07:00:00,8.36,8.86,8.36,8.86,1994310,990.52,118181310,997.34,988.98,0.007448012582639299
2018-06-26 07:00:00,8.77,9.23,8.77,8.91,2070500,983.02,114881010,983.78,970.75,-0.0076005919369142375
2018-06-27 07:00:00,9.0,9.05,8.68,8.82,1253710,968.91,126510710,984.46,968.91,-0.014457737499896282
2018-06-28 07:00:00,8.73,8.73,8.45,8.45,1025400,957.35,130318210,976.12,954.46,-0.0120026775010408
2018-06-29 07:00:00,8.31,8.4,8.08,8.17,1523910,960.78,110043130,962.93,950.48,0.003576403743226151
2018-07-02 07:00:00,8.17,8.17,7.62,7.66,1499550,947.15,142222740,960.78,932.66,-0.014287978988152605
2018-07-03 07:00:00,7.66,7.71,7.13,7.13,2429070,906.01,161389340,946.16,906.01,-0.04440713206462767
2018-07-04 07:00:00,6.9,7.16,6.65,6.69,3357080,914.99,115604640,914.99,890.83,0.009862792744390975
2018-07-05 07:00:00,6.69,7.06,6.28,6.35,1886790,899.4,127434590,921.85,892.67,-0.017185261917444187
2018-07-06 07:00:00,6.42,6.76,6.23,6.74,1711810,917.51,141624520,921.75,884.99,0.019935604715283915
2018-07-09 07:00:00,6.74,6.88,6.46,6.51,987200,915.12,106167080,929.5,915.12,-0.002608274834473033
2018-07-10 07:00:00,6.53,6.65,6.46,6.46,811500,911.12,93102100,921.96,911.12,-0.004380592251322314
2018-07-11 07:00:00,6.3,6.33,6.02,6.33,3233510,893.16,138119530,900.16,885.09,-0.019908875806276073
2018-07-12 07:00:00,6.33,6.56,6.3,6.56,1780470,898.51,90464330,905.72,884.75,0.005972099662405361
2018-07-13 07:00:00,6.6,6.72,6.58,6.69,1453550,909.72,121978590,912.53,899.94,0.012399024033988104
2018-07-16 07:00:00,6.79,6.79,6.56,6.65,1338790,911.11,110882460,917.63,905.27,0.0015267765469735056
2018-07-17 07:00:00,6.53,6.67,6.53,6.67,1475310,921.27,136304660,921.27,902.02,0.011089516498359106
2018-07-18 07:00:00,6.74,7.13,6.74,7.13,6290100,942.39,184648680,942.39,926.14,0.02266604873404452
2018-07-19 07:00:00,7.29,7.57,7.16,7.57,2343330,943.97,166922920,947.07,939.58,0.0016751843439095073
2018-07-20 07:00:00,7.39,7.55,7.27,7.53,1836380,933.39,178891900,941.94,930.26,-0.011271266041637395
2018-07-23 07:00:00,7.39,7.53,7.16,7.2,2395280,936.74,190030610,949.14,930.25,0.003582642472122005
2018-07-24 07:00:00,7.2,7.2,6.74,7.2,3821450,934.08,169638570,939.07,926.3,-0.00284367474423426
2018-07-25 07:00:00,7.13,7.2,6.72,6.72,2108000,927.58,201884580,938.33,927.58,-0.006983043534495506
2018-07-26 07:00:00,6.9,6.99,6.74,6.93,1475540,930.16,175235210,930.32,920.99,0.0027775702290980973
2018-07-27 07:00:00,6.93,7.39,6.93,7.29,1853350,935.52,163302090,937.23,928.82,0.005745910067007752
2018-07-30 07:00:00,7.29,7.57,7.29,7.48,1777310,949.73,184174690,949.73,937.69,0.015075209245444598
2018-07-31 07:00:00,7.48,7.66,7.39,7.39,1237610,956.39,229774470,959.07,947.32,0.006988045980499145
2018-08-01 07:00:00,7.39,7.53,7.34,7.46,1613470,952.77,180793930,960.05,949.89,-0.0037922482540086702
2018-08-02 07:00:00,7.41,7.46,7.18,7.39,1135180,953.55,197722680,953.55,942.39,0.0008183306512319301
2018-08-03 07:00:00,7.39,7.55,7.39,7.39,919250,959.6,166126830,966.1,953.55,0.006324668915012138
2018-08-06 07:00:00,7.46,7.55,7.29,7.29,1379150,960.23,153665970,962.99,955.42,0.0006563081341720921
2018-08-07 07:00:00,7.36,7.36,7.11,7.11,959190,956.79,138303880,962.02,953.71,-0.003588907462978462
2018-08-08 07:00:00,7.11,7.27,7.02,7.25,1006270,966.27,140667750,966.27,958.31,0.009859366627658721
2018-08-09 07:00:00,7.2,7.73,7.18,7.66,2340880,963.5,156257390,972.52,963.5,-0.0028708104099708248
2018-08-10 07:00:00,7.69,7.71,7.55,7.59,1224940,968.47,171440130,968.47,955.04,0.005145018777197799
2018-08-13 07:00:00,7.62,7.83,7.57,7.62,1699830,978.04,178091820,978.04,963.41,0.009833062362325593
2018-08-14 07:00:00,7.81,7.81,7.67,7.67,1250210,978.27,149752820,981.42,974.47,0.00023513655919541973
2018-08-15 07:00:00,7.67,7.69,7.52,7.52,1092560,961.37,171025160,982.0,961.37,-0.01742635507359687
2018-08-16 07:00:00,7.32,7.54,7.32,7.47,762080,964.28,155986290,964.28,955.88,0.0030223583882350202
2018-08-17 07:00:00,7.52,7.76,7.52,7.74,1195940,968.88,136124710,975.52,968.88,0.004759056345017246
2018-08-20 07:00:00,7.74,8.2,7.72,8.11,3190220,969.62,159945460,973.57,966.46,0.0007634769522263353
2018-08-21 07:00:00,8.06,8.25,8.06,8.15,1396440,979.21,166417760,979.21,968.45,0.009841881959194592
2018-08-22 07:00:00,8.13,8.42,8.13,8.25,1590470,982.15,165152300,986.36,979.21,0.0029979220560692574
2018-08-23 07:00:00,8.15,8.28,8.13,8.13,1083800,987.36,136864890,989.45,982.48,0.005290668392471409
2018-08-24 07:00:00,8.13,8.5,8.06,8.35,1550180,987.05,154534730,989.21,982.88,-0.00031401786107997814
2018-08-27 07:00:00,8.42,8.57,8.25,8.3,1460270,991.92,172686090,994.54,990.03,0.004921762159909702
2018-08-28 07:00:00,8.35,8.4,8.23,8.25,1160720,995.19,160331540,995.29,989.81,0.0032912148313333487
2018-08-29 07:00:00,8.25,8.45,8.2,8.35,1342500,988.17,147774090,995.05,987.47,-0.007078925979170175
2018-08-30 07:00:00,8.28,8.45,8.28,8.4,1144140,998.07,156100950,998.07,983.43,0.009968666408561009
2018-08-31 07:00:00,8.45,8.72,8.42,8.52,1861800,989.54,163243740,1003.06,989.54,-0.008583225449940324
2018-09-04 07:00:00,8.55,8.72,8.37,8.37,1072250,975.94,172128470,992.18,975.94,-0.013839079568804336
2018-09-05 07:00:00,8.35,8.42,8.18,8.18,1639130,968.44,161390790,978.78,964.8,-0.0077145796569345225
2018-09-06 07:00:00,8.3,8.3,8.06,8.06,958240,958.19,142238280,970.84,957.99,-0.010640441296674111
2018-09-07 07:00:00,8.06,8.2,8.01,8.15,679850,968.9,152617370,969.34,955.5,0.011115319231001118
2018-09-10 07:00:00,8.18,8.25,7.91,7.96,1405240,970.34,150338320,974.59,968.19,0.001485118154193626
2018-09-11 07:00:00,7.96,8.15,7.91,8.15,1687080,985.06,158843940,985.06,967.92,0.01505602747735622
2018-09-12 07:00:00,8.25,8.42,8.18,8.3,1592330,987.01,170858030,994.83,987.01,0.0019776180719074457
2018-09-13 07:00:00,8.37,8.4,8.28,8.35,633830,987.95,148842470,992.96,984.92,0.0009519180854108904
2018-09-14 07:00:00,8.4,8.42,8.2,8.35,1023380,991.34,149728940,995.55,989.56,0.003425474099114814
2018-09-17 07:00:00,8.25,8.3,8.15,8.15,784500,987.61,146741120,993.83,987.02,-0.003769680302274251
2018-09-18 07:00:00,8.01,8.23,7.98,8.23,1784550,993.49,171104330,993.49,981.89,0.0059361135392836835
2018-09-19 07:00:00,8.25,8.5,8.2,8.28,2806830,995.54,206247050,1001.83,994.5,0.0020613069947346577
2018-09-20 07:00:00,8.3,8.64,8.3,8.62,2648540,1004.74,179431950,1004.74,996.48,0.009198777044538366
2018-09-21 07:00:00,8.64,8.69,8.45,8.64,2304770,1002.97,273413180,1009.1,1000.39,-0.0017632033098013281
2018-09-24 07:00:00,8.79,8.79,8.55,8.62,2067020,1011.29,169398920,1011.29,1007.45,0.008261145351181203
2018-09-25 07:00:00,8.62,8.96,8.55,8.77,2965510,1010.74,198241540,1014.53,1008.67,-0.0005440077679995343
2018-09-26 07:00:00,8.79,8.96,8.77,8.77,2331850,1009.61,219897580,1014.86,1007.44,-0.0011186181778715621
2018-09-27 07:00:00,8.77,8.84,8.72,8.81,1415180,1015.37,180962780,1017.78,1010.49,0.00568896041920569
2018-09-28 07:00:00,8.79,8.84,8.67,8.67,2019590,1017.13,224567020,1020.84,1015.4,0.0017318577514408976
2018-10-01 07:00:00,8.62,8.69,8.45,8.52,2019540,1012.88,225044930,1023.87,1012.88,-0.00418717760938105
2018-10-02 07:00:00,8.45,8.64,8.42,8.5,1167700,1018.79,203932870,1021.51,1012.88,0.005817890375952788
2018-10-03 07:00:00,8.5,8.69,8.5,8.59,987810,1020.4,160155660,1024.59,1016.47,0.001579058679705939
2018-10-04 07:00:00,8.69,8.79,8.59,8.79,1304560,1023.62,183870790,1024.68,1020.4,0.0031506567094719204
2018-10-05 07:00:00,8.74,8.86,8.64,8.69,1902650,1008.39,206650560,1020.77,1008.39,-0.01499036441225661
2018-10-08 07:00:00,8.59,8.89,8.55,8.69,3366990,996.12,185949540,1006.13,996.12,-0.012242546309927113
2018-10-09 07:00:00,8.69,8.79,8.67,8.72,2863320,996.19,178954450,1001.87,996.19,7.027018890515006e-05
2018-10-10 07:00:00,8.72,8.79,8.57,8.57,1476310,993.96,171846560,999.62,991.22,-0.002241038045676656
2018-10-11 07:00:00,8.11,8.3,7.98,7.98,6901570,945.89,344023630,972.21,938.83,-0.04957068117699737
2018-10-12 07:00:00,7.81,8.13,7.69,8.06,1240530,970.08,203631780,970.08,933.35,0.025252259102244854
2018-10-15 07:00:00,8.06,8.06,7.86,7.89,958320,951.64,123102110,970.08,951.64,-0.019191730309777572
2018-10-16 07:00:00,7.91,8.06,7.84,8.01,1996370,963.37,117735940,963.69,950.36,0.012250741984111692
2018-10-17 07:00:00,8.06,8.2,8.06,8.15,1104280,971.6,137768810,975.27,969.06,0.008506643130262571
2018-10-18 07:00:00,8.06,8.15,8.06,8.11,865300,963.47,126109950,970.75,962.68,-0.008402846239924206
2018-10-19 07:00:00,7.86,8.11,7.86,8.06,1283640,958.36,132371320,959.63,945.83,-0.0053178606249339785
2018-10-22 07:00:00,8.11,8.11,7.5,7.5,7334150,953.51,133005070,963.79,953.51,-0.005073577600701339
2018-10-23 07:00:00,7.32,7.47,7.03,7.42,1906270,939.68,181840880,950.42,925.29,-0.014610520888248652
2018-10-24 07:00:00,7.28,7.42,7.01,7.01,1265460,922.73,132105240,939.06,922.73,-0.018202724441989813
2018-10-25 07:00:00,6.59,7.11,6.59,7.11,1517540,910.17,163619880,912.07,885.34,-0.013705272081921158
2018-10-26 07:00:00,7.23,7.25,6.84,6.84,895590,900.82,133621650,918.16,900.82,-0.010325935624665439
2018-10-29 07:00:00,6.93,6.93,6.69,6.71,917090,888.82,113424680,897.84,884.92,-0.013410719303159449
2018-10-30 07:00:00,6.69,6.84,6.45,6.67,836340,888.69,119547410,894.8,880.85,-0.00014627203248569678
2018-10-31 07:00:00,6.71,6.93,6.71,6.93,790110,914.76,159222360,914.76,894.23,0.028913267498194836
2018-11-01 07:00:00,6.93,7.01,6.79,6.79,700930,907.96,121693330,918.84,905.73,-0.007461411020681338
2018-11-02 07:00:00,6.84,7.03,6.84,6.98,601390,924.86,209087970,927.62,910.4,0.018442049938800862
2018-11-05 07:00:00,6.98,7.08,6.91,7.08,462510,925.53,121121310,925.53,915.77,0.0007241716927569499
2018-11-06 07:00:00,7.13,7.3,7.13,7.2,976720,922.05,120442560,931.27,921.93,-0.0037670943779312387
2018-11-07 07:00:00,7.2,7.2,6.93,7.03,513590,922.16,126800490,924.6,915.41,0.00011929227162900547
2018-11-08 07:00:00,7.23,7.23,7.06,7.08,289610,926.28,136692720,932.86,925.54,0.004457820457005662
2018-11-09 07:00:00,7.08,7.18,6.93,6.93,416080,914.29,131109630,925.31,914.29,-0.013028756968299141
2018-11-12 07:00:00,6.93,7.08,6.86,6.96,750960,918.12,109808760,918.99,903.95,0.004180293250297176
2018-11-13 07:00:00,6.93,7.11,6.86,6.96,885810,905.38,132807600,910.2,903.48,-0.013973355958000767
2018-11-14 07:00:00,6.96,7.11,6.96,6.98,477000,900.93,125187850,910.58,898.83,-0.004927181937499513
2018-11-15 07:00:00,6.89,7.08,6.89,6.96,562910,897.15,134989500,903.83,892.5,-0.004204490977584781
2018-11-16 07:00:00,7.03,7.13,6.98,7.06,734580,898.19,142498160,903.21,894.14,0.0011585550551187845
2018-11-19 07:00:00,7.11,7.52,7.11,7.52,1075710,916.06,123860310,916.06,900.61,0.019700237498567513
2018-11-20 07:00:00,7.52,7.52,7.4,7.42,625260,919.02,126164590,919.02,909.76,0.0032260201921555346
2018-11-21 07:00:00,7.3,7.59,7.25,7.52,1090450,922.56,119083100,922.56,907.47,0.00384452954551961
2018-11-22 07:00:00,7.62,7.64,7.47,7.52,837390,924.42,114412140,926.15,922.02,0.0020140993717011856
2018-11-23 07:00:00,7.42,7.57,7.37,7.52,772920,917.97,111905790,925.84,916.87,-0.007001803473804419
2018-11-26 07:00:00,7.45,7.5,7.42,7.47,611080,921.03,90451440,921.96,914.43,0.003327898666776917
2018-11-27 07:00:00,7.47,7.52,7.42,7.47,1289020,923.12,109001530,930.37,921.26,0.0022666278717013368
2018-11-28 07:00:00,7.47,7.54,7.42,7.5,905990,930.2,96777710,930.2,922.03,0.007640379903584427
2018-11-29 07:00:00,7.5,7.62,7.47,7.52,1119700,926.79,117424890,937.75,926.79,-0.0036726141044012895
2018-11-30 07:00:00,7.57,7.62,7.47,7.62,1330190,926.54,128769250,928.92,921.08,-0.0002697846595224594
2018-12-03 07:00:00,7.74,7.79,7.67,7.72,1273000,951.59,158946860,951.59,937.1,0.026677051730447657
2018-12-04 07:00:00,7.67,7.74,7.54,7.54,1285730,958.84,177097760,960.44,950.89,0.007589950748688602
2018-12-05 07:00:00,7.47,7.54,7.35,7.5,1635120,957.14,153998080,960.87,946.97,-0.001774549260547479
2018-12-06 07:00:00,7.47,7.57,7.32,7.37,1426320,954.82,145040180,959.59,948.44,-0.0024268302042275113
2018-12-07 07:00:00,7.47,7.69,7.45,7.57,2192930,958.59,151647570,962.39,955.96,0.003940613750859294
2018-12-10 07:00:00,7.47,7.57,7.45,7.5,722160,955.89,129252710,958.25,951.5,-0.0028206111216261282
2018-12-11 07:00:00,7.5,7.69,7.47,7.67,1703690,954.58,126821330,957.97,949.34,-0.001371390501092359
2018-12-12 07:00:00,7.76,7.81,7.69,7.79,1945900,961.28,143971260,961.28,956.0,0.006994276527085392
2018-12-13 07:00:00,7.81,8.03,7.79,7.96,2013890,960.25,145835490,966.83,960.1,-0.00107206246964634
2018-12-14 07:00:00,7.98,7.98,7.74,7.76,1317490,952.04,131393080,960.09,951.04,-0.008586616510607515
2018-12-17 07:00:00,7.69,7.74,7.52,7.52,1113550,933.65,143135290,948.09,933.65,-0.01950541505031773
2018-12-18 07:00:00,7.37,7.52,7.18,7.35,1909400,927.25,155653890,928.2,917.03,-0.006878419295388723
2018-12-19 07:00:00,7.37,7.52,7.35,7.37,658110,919.24,119410210,927.03,914.55,-0.008675974680994977
2018-12-20 07:00:00,7.37,7.52,7.37,7.42,712020,918.24,107806880,921.79,914.18,-0.0010884473286527465
2018-12-21 07:00:00,7.42,7.54,7.35,7.54,736670,912.26,131219760,915.02,907.88,-0.006533757196204842
2018-12-24 07:00:00,7.52,7.57,7.4,7.4,446180,908.56,109246400,916.41,908.56,-0.0040641085804568435
2018-12-25 07:00:00,7.23,7.37,6.96,7.37,2195490,897.94,168379500,897.94,882.17,-0.011757677658188552
2018-12-26 07:00:00,7.42,7.42,7.08,7.08,638350,891.75,104065930,899.49,890.86,-0.006917426686201437
2018-12-27 07:00:00,7.28,7.42,7.18,7.42,1515510,900.81,112522140,906.63,900.81,0.010108534328145775
2018-12-28 07:00:00,7.32,7.81,7.32,7.57,3848030,892.54,123558630,903.79,892.54,-0.009223027990475141
2019-01-02 07:00:00,7.59,7.64,7.32,7.32,580840,891.75,91857070,900.1,891.1,-0.0008855063376707217
2019-01-03 07:00:00,7.52,7.52,7.23,7.25,1106600,878.22,135125060,892.21,872.12,-0.015288692515090354
2019-01-04 07:00:00,7.15,7.47,7.15,7.42,646620,880.9,117664070,881.48,861.85,0.0030469803918394887
2019-01-07 07:00:00,7.57,7.57,7.37,7.42,402340,889.64,87417130,896.63,885.3,0.009872774398493298
2019-01-08 07:00:00,7.52,7.62,7.42,7.52,1239630,887.44,92128530,891.87,883.67,-0.002475973083838974
2019-01-09 07:00:00,7.45,7.57,7.45,7.5,285720,896.99,121796320,897.25,888.61,0.010703800294231512
2019-01-10 07:00:00,7.47,7.57,7.47,7.47,464960,898.3,102404440,899.47,895.17,0.0014593745105250825
2019-01-11 07:00:00,7.5,7.59,7.47,7.59,1212870,902.71,107782500,904.37,899.1,0.004897261885067851
2019-01-14 07:00:00,7.64,7.86,7.59,7.81,1996580,901.8,102797710,903.83,897.18,-0.00100858413324493
2019-01-15 07:00:00,7.81,8.01,7.79,7.98,1913730,909.68,106149230,909.68,898.92,0.008700123329483528
2019-01-16 07:00:00,7.98,8.06,7.84,7.84,1910950,908.7,107555090,912.48,906.39,-0.0010778826151660137
2019-01-17 07:00:00,7.84,7.86,7.67,7.67,851710,901.89,117379940,909.06,901.89,-0.007522445294844456
2019-01-18 07:00:00,7.64,7.86,7.64,7.79,698010,902.3,98216800,906.35,900.64,0.0004544975939980683
2019-01-21 07:00:00,7.79,7.91,7.72,7.91,706590,911.05,119012350,911.74,903.09,0.009650721495432592
2019-01-22 07:00:00,7.91,7.91,7.81,7.86,631460,906.55,122327990,913.37,906.55,-0.004951594624069967
2019-01-23 07:00:00,7.81,7.91,7.76,7.81,1003670,908.18,104593270,910.12,905.12,0.0017964109684048546
2019-01-24 07:00:00,7.89,7.89,7.74,7.74,332870,908.79,93576170,910.59,906.59,0.0006714475449984232
2019-01-25 07:00:00,7.74,7.76,7.62,7.64,761260,908.88,94869510,911.59,907.96,9.902787642822674e-05
2019-01-28 07:00:00,7.64,7.81,7.64,7.72,305960,912.18,105335970,913.43,908.9,0.003624266759150395
2019-01-29 07:00:00,7.72,7.86,7.67,7.84,467750,915.93,97050250,915.93,907.09,0.004102603519259969
2019-01-30 07:00:00,7.84,7.84,7.76,7.84,395990,915.84,101720060,917.8,913.48,-9.826561202812028e-05
2019-01-31 07:00:00,7.89,7.91,7.64,7.64,741520,910.65,110220270,920.36,910.38,-0.005683046683478672
2019-02-01 07:00:00,7.74,7.74,7.62,7.69,312360,908.67,101242400,912.81,907.52,-0.002176638284336294
2019-02-11 07:00:00,7.76,7.86,7.72,7.84,342800,926.1,105483580,926.1,915.86,0.01900022821600692
2019-02-12 07:00:00,7.89,8.23,7.89,8.18,2117750,937.54,172197210,938.64,926.98,0.012277203424812862
2019-02-13 07:00:00,8.2,8.37,8.18,8.18,1788150,945.25,176159810,945.25,937.34,0.008190019170006169
2019-02-14 07:00:00,8.15,8.3,8.11,8.15,685130,952.34,156655320,953.66,945.99,0.007472671117136429
2019-02-15 07:00:00,8.13,8.28,8.08,8.13,1007190,950.89,145322500,955.4,948.26,-0.0015237257510060576
2019-02-18 07:00:00,8.18,8.25,8.11,8.15,902630,961.3,169171360,961.3,953.32,0.010888146934597942
2019-02-19 07:00:00,8.15,8.4,8.13,8.15,1574260,964.35,195093270,971.92,962.81,0.0031677641840349323
2019-02-20 07:00:00,8.15,8.25,8.13,8.18,593860,970.58,145267490,972.75,963.29,0.006439531692169236
2019-02-21 07:00:00,8.15,8.23,8.03,8.06,1034660,987.57,162918220,987.57,970.31,0.01735354939095272
2019-02-22 07:00:00,8.06,8.13,7.98,8.03,939920,988.91,199234030,993.16,982.86,0.001355946131819329
2019-02-25 07:00:00,8.03,8.08,7.94,7.94,1471100,994.43,192681550,999.9,992.72,0.005566382216779537
2019-02-26 07:00:00,7.91,8.06,7.89,7.98,855500,987.06,209790990,996.44,979.24,-0.0074388808281420395
2019-02-27 07:00:00,8.06,8.18,8.03,8.06,1413820,990.27,204616980,994.46,988.09,0.0032468053586567776
2019-02-28 07:00:00,8.36,8.39,8.13,8.16,1264580,965.47,197428310,990.25,965.47,-0.02536260381564388
2019-03-01 07:00:00,8.16,8.34,8.16,8.31,691940,979.63,147716480,980.82,970.54,0.014559919951481756
2019-03-04 07:00:00,8.49,8.71,8.49,8.66,2352560,993.99,209754090,994.46,983.33,0.014552196889916668
2019-03-05 07:00:00,8.66,8.71,8.51,8.51,1911500,992.45,243416220,1000.25,987.92,-0.0015505127852084959
2019-03-06 07:00:00,8.46,8.66,8.44,8.66,1219490,994.49,189551540,994.49,985.51,0.002053409480712259
2019-03-07 07:00:00,8.9,8.9,8.74,8.74,1213790,994.03,187770040,1004.55,994.03,-0.0004626556516457352
2019-03-08 07:00:00,8.64,8.74,8.53,8.56,595510,985.25,176347260,991.98,984.48,-0.008871971212540231
2019-03-11 07:00:00,8.51,8.61,8.51,8.53,591110,984.6,142651930,987.11,981.34,-0.0006599487510128032
2019-03-12 07:00:00,8.69,8.69,8.43,8.56,875530,1001.32,179893460,1001.32,990.46,0.01683894122393472
2019-03-13 07:00:00,8.56,8.66,8.51,8.53,781410,1005.41,197620220,1009.77,1003.01,0.0040762889510096755
2019-03-14 07:00:00,8.53,8.74,8.48,8.66,946160,1008.44,182827760,1011.39,1002.09,0.003009163826902846
2019-03-15 07:00:00,8.69,8.69,8.58,8.61,516080,1004.12,207003710,1008.22,1001.1,-0.004293046304097101
2019-03-18 07:00:00,8.58,8.64,8.48,8.53,1140500,1011.86,188364570,1013.29,1007.92,0.007678685334762251
2019-03-19 07:00:00,8.53,8.64,8.43,8.51,1347540,1006.59,198984160,1014.51,1004.22,-0.0052218404964438
2019-03-20 07:00:00,8.51,8.53,8.43,8.53,588340,1002.3,180045630,1003.25,992.02,-0.0042710218293484205
2019-03-21 07:00:00,8.53,8.61,8.32,8.32,926500,981.78,182708030,1006.37,981.78,-0.020685387361961398
2019-03-22 07:00:00,8.32,8.4,8.22,8.22,929840,988.71,151811080,990.07,981.3,0.007033812474572946
2019-03-25 07:00:00,8.01,8.06,7.72,7.79,1284190,970.07,177632670,976.53,964.76,-0.019032829301314537
2019-03-26 07:00:00,7.79,8.16,7.74,8.11,1045970,969.79,139645020,978.99,966.9,-0.0002886806284418089
2019-03-27 07:00:00,8.11,8.27,8.01,8.11,801210,975.91,112974060,979.32,972.25,0.006290815832771958
2019-03-28 07:00:00,8.11,8.16,8.03,8.11,524600,982.98,122202110,983.18,972.6,0.007218405013779319
2019-03-29 07:00:00,8.24,8.24,8.01,8.03,1064390,980.76,131921800,988.24,980.76,-0.0022609927441884113
2019-04-01 07:00:00,8.03,8.14,7.98,8.01,672770,988.53,137258330,988.53,982.8,0.007891209847768072
2019-04-02 07:00:00,8.08,8.08,7.9,7.9,513890,985.81,139423310,996.41,985.48,-0.0027553528985344512
2019-04-03 07:00:00,7.9,7.98,7.85,7.98,458160,984.46,128758900,985.26,980.3,-0.0013703707728031928
2019-04-04 07:00:00,8.06,8.24,7.98,8.11,854390,986.91,131989370,989.08,982.94,0.002485582373035879
2019-04-05 07:00:00,8.16,8.22,8.03,8.03,424400,989.26,129755950,990.38,986.39,0.0023783390171194397
2019-04-08 07:00:00,8.06,8.16,8.01,8.06,442440,997.56,146953600,997.56,989.33,0.008355108448372561
2019-04-09 07:00:00,8.11,8.11,7.9,7.95,576810,988.48,152345600,1000.02,987.82,-0.009143887600780106
2019-04-10 07:00:00,7.95,8.01,7.85,8.01,538600,981.91,136497840,987.27,976.83,-0.006668755270341994
2019-04-11 07:00:00,8.06,8.06,7.93,8.01,170660,985.95,117588860,985.95,981.06,0.004105988917820079
2019-04-12 07:00:00,7.93,8.01,7.9,7.93,181060,982.9,111898230,984.69,980.26,-0.003098257805111358
2019-04-16 07:00:00,7.87,7.93,7.72,7.9,589210,977.17,130941660,978.53,963.06,-0.00584674661931842
2019-04-17 07:00:00,7.95,7.95,7.74,7.85,428410,972.1,148469420,980.71,972.1,-0.0052019591262419665
2019-04-18 07:00:00,7.74,7.82,7.58,7.77,713200,962.3,137181210,973.73,962.05,-0.01013242746466822
2019-04-19 07:00:00,7.79,7.87,7.69,7.87,415540,966.21,96080150,971.73,965.46,0.004054949528445059
2019-04-22 07:00:00,7.79,7.82,7.74,7.79,183530,965.86,115805120,966.69,959.33,-0.0003623057175242695
2019-04-23 07:00:00,7.79,7.85,7.72,7.82,406930,968.0,112653940,970.98,964.35,0.0022131911033010663
2019-04-24 07:00:00,7.79,8.03,7.79,7.95,460410,976.92,121107830,978.71,969.66,0.009172678097309511
2019-04-25 07:00:00,7.95,7.98,7.87,7.9,252240,974.13,112382890,976.46,971.92,-0.00286000041183698
2019-04-26 07:00:00,7.9,8.06,7.9,8.01,1040780,979.64,107350700,979.64,970.73,0.005640392275377448
2019-05-02 07:00:00,8.06,8.06,7.98,8.01,550180,978.5,123917210,979.93,975.51,-0.0011643704012961977
2019-05-03 07:00:00,7.98,8.01,7.79,7.98,715560,974.14,127740220,977.13,971.75,-0.004465756356468076
2019-05-06 07:00:00,7.9,8.06,7.79,7.9,768930,957.97,133510960,964.89,955.41,-0.01673856823921815
2019-05-07 07:00:00,7.9,7.9,7.82,7.9,433350,957.56,121330080,965.61,955.42,-0.00042807996352048095
2019-05-08 07:00:00,7.85,7.87,7.79,7.87,255060,951.22,118717980,953.88,947.86,-0.0066430110490671495
2019-05-09 07:00:00,7.87,7.87,7.69,7.77,1361090,947.01,114863670,953.66,944.91,-0.004435718435440795
2019-05-10 07:00:00,7.77,7.77,7.58,7.58,638250,952.55,114647770,953.92,948.21,0.005832946269027585
2019-05-13 07:00:00,7.58,7.69,7.37,7.5,740400,958.54,124693720,958.54,951.76,0.0062686944262227515
2019-05-14 07:00:00,7.43,7.64,7.37,7.53,399670,965.34,135189670,965.34,952.28,0.007069077403332054
2019-05-15 07:00:00,7.64,7.69,7.48,7.69,459300,975.64,154156590,977.65,967.95,0.010613295020276938
2019-05-16 07:00:00,7.69,7.69,7.56,7.56,352410,975.69,129973620,981.22,975.69,5.1247098144365857e-05
2019-05-17 07:00:00,7.56,7.64,7.56,7.58,204970,976.48,120457430,980.04,974.91,0.0008093557867650393
2019-05-20 07:00:00,7.53,7.64,7.53,7.53,544480,987.13,134337940,987.13,974.47,0.010847474223370578
2019-05-21 07:00:00,7.53,7.66,7.53,7.58,836600,986.29,124573780,992.84,986.07,-0.0008513140139773329
2019-05-22 07:00:00,7.56,7.64,7.5,7.56,894580,983.78,127215170,992.26,982.68,-0.002548134186213114
2019-05-23 07:00:00,7.5,7.56,7.43,7.43,556710,982.71,107963620,984.57,977.17,-0.0010882334571706647
2019-05-24 07:00:00,7.43,7.53,7.37,7.4,668090,970.03,128053180,983.14,970.03,-0.012987062507969887
2019-05-27 07:00:00,7.43,7.45,7.29,7.37,810460,975.14,95899120,975.4,970.41,0.005254051579192124
2019-05-28 07:00:00,7.37,7.37,7.29,7.37,636500,972.0,120728740,978.8,969.51,-0.003225245972977352
2019-05-29 07:00:00,7.4,7.4,7.29,7.32,679700,971.54,120297710,974.96,969.55,-0.00047336304741805226
2019-05-30 07:00:00,7.32,7.5,7.29,7.5,2030560,969.34,105520020,974.56,967.21,-0.0022670138722789236
2019-05-31 07:00:00,7.56,7.56,7.4,7.5,469280,959.88,114110930,969.94,959.88,-0.009807150892011177
2019-06-03 07:00:00,7.45,7.45,7.29,7.32,886290,946.47,141641430,955.78,940.28,-0.01406900222275086
2019-06-04 07:00:00,7.32,7.5,7.29,7.32,865510,951.16,102807600,951.42,943.21,0.004943017921716544
2019-06-05 07:00:00,7.37,7.45,7.27,7.32,691090,951.41,95438950,958.39,951.39,0.00026280242139719337
2019-06-06 07:00:00,7.19,7.43,7.14,7.29,800170,948.21,100777880,951.35,939.35,-0.0033690980584381476
2019-06-07 07:00:00,7.32,7.35,7.24,7.35,324280,958.28,97844860,958.28,950.94,0.010564014130132813
2019-06-10 07:00:00,7.32,7.4,7.24,7.24,512280,962.9,118770610,966.9,958.6,0.00480955340544982
2019-06-11 07:00:00,7.11,7.27,7.11,7.27,775820,962.07,95697370,964.81,959.98,-0.0008623511550161139
2019-06-12 07:00:00,7.22,7.27,7.16,7.22,420480,954.17,100019840,960.6,953.83,-0.00824536045315717
2019-06-13 07:00:00,7.22,7.22,7.14,7.19,304510,950.08,98544550,954.17,946.29,-0.004295661062669892
2019-06-14 07:00:00,7.14,7.35,7.14,7.35,485540,953.61,115323520,954.7,948.65,0.0037085912578877314
2019-06-17 07:00:00,7.24,7.32,7.19,7.27,224840,946.95,104932990,955.18,944.47,-0.007008489351538357
2019-06-18 07:00:00,7.19,7.27,7.16,7.22,453310,944.01,108309080,947.3,938.95,-0.003109534172012471
2019-06-19 07:00:00,7.16,7.27,7.16,7.16,228050,949.69,113819830,950.04,946.83,0.005998856242798599
2019-06-20 07:00:00,7.16,7.22,7.11,7.19,468860,959.18,129261230,962.33,948.97,0.009943137234470791
2019-06-21 07:00:00,7.19,7.24,7.14,7.19,488460,959.2,172955940,964.52,959.12,2.085092630336611e-05
2019-06-24 07:00:00,7.19,7.24,7.16,7.19,456990,962.85,113476250,967.11,959.8,0.00379803271259236
2019-06-25 07:00:00,7.16,7.19,7.08,7.19,504240,960.13,120760130,963.23,960.06,-0.0028289444653573836
2019-06-26 07:00:00,7.08,7.19,7.08,7.11,459280,959.13,119422620,962.7,958.38,-0.0010420683914553058
2019-06-27 07:00:00,7.11,7.11,6.93,6.93,393060,943.11,122886150,959.48,943.11,-0.016843698746014463
2019-06-28 07:00:00,6.9,7.11,6.85,7.11,1069540,949.94,122136760,949.94,939.12,0.007215899882236328
2019-07-01 07:00:00,7.11,7.11,6.85,7.03,424260,965.61,123426860,965.61,957.66,0.016361201279568277
2019-07-02 07:00:00,7.03,7.03,6.93,6.93,141520,961.98,107519450,966.76,959.8,-0.0037663655560732485
2019-07-03 07:00:00,6.9,6.95,6.82,6.85,337630,960.39,113731280,961.67,956.91,-0.001654208464108109
2019-07-04 07:00:00,6.87,7.06,6.87,7.0,498440,973.04,135119630,973.04,961.65,0.013085739345488002
2019-07-05 07:00:00,7.0,7.03,6.93,6.95,146780,975.34,117184620,975.34,970.16,0.0023609368484117793
2019-07-08 07:00:00,7.03,7.03,6.9,6.9,300800,966.35,119061500,972.83,963.84,-0.009260040727115981
2019-07-09 07:00:00,6.9,6.98,6.82,6.98,843160,969.05,126456270,969.05,963.05,0.0027901227152799146
2019-07-10 07:00:00,6.95,7.0,6.82,6.9,485280,973.65,124519570,974.96,971.19,0.00473568600083059
2019-07-11 07:00:00,6.9,7.03,6.87,6.95,404970,978.63,133659820,980.02,975.03,0.005101738276788951
2019-07-12 07:00:00,6.93,7.06,6.9,6.9,569710,975.4,133003920,982.1,974.32,-0.0033059911484239002
2019-07-15 07:00:00,6.9,7.0,6.9,6.95,883050,972.53,117696750,975.66,970.93,-0.0029467199301019564
2019-07-16 07:00:00,6.98,7.0,6.93,6.95,992790,982.11,142076680,982.11,975.05,0.009802395028538214
2019-07-17 07:00:00,7.0,7.43,6.93,7.43,1927730,982.57,142317410,985.59,979.05,0.00046826965043229467
2019-07-18 07:00:00,7.32,7.43,7.24,7.24,788700,976.05,127216580,979.49,975.01,-0.006657773415717951
2019-07-19 07:00:00,7.24,7.56,7.22,7.29,669180,982.34,160649510,986.12,978.12,0.006423666000059767
2019-07-22 07:00:00,7.32,7.43,7.24,7.27,853290,982.04,135292770,985.13,980.08,-0.0003054398867147687
2019-07-23 07:00:00,7.32,7.32,7.16,7.27,502070,989.46,134713850,990.45,980.68,0.007527299046286018
2019-07-24 07:00:00,7.27,7.32,7.16,7.16,352490,988.41,132814770,994.85,986.34,-0.0010617483440668036
2019-07-25 07:00:00,7.16,7.43,7.16,7.32,1181200,994.95,141192240,997.49,986.85,0.0065948932150076845
2019-07-26 07:00:00,7.24,7.35,7.22,7.22,248780,993.35,118055590,998.52,992.97,-0.001609415425602152
2019-07-29 07:00:00,7.19,7.27,7.19,7.24,564250,997.94,113384890,997.94,988.29,0.004610085049616378
2019-07-30 07:00:00,7.22,7.22,7.0,7.06,832920,986.02,133259450,1002.77,986.02,-0.0120165158911114
2019-07-31 07:00:00,6.85,7.06,6.82,6.93,1458230,991.66,130600410,993.4,982.64,0.005703668227369781
2019-08-01 07:00:00,6.87,7.03,6.87,6.98,386190,997.39,135015390,997.39,990.88,0.005761560394037103
2019-08-02 07:00:00,6.95,6.95,6.85,6.87,362730,991.1,144127640,991.39,985.69,-0.006326429581321758
2019-08-05 07:00:00,6.87,6.98,6.79,6.79,638890,973.15,148292430,988.99,973.15,-0.018277204724078802
2019-08-06 07:00:00,6.71,6.77,6.58,6.61,566070,964.61,170231190,966.15,958.39,-0.008814358115950334
2019-08-07 07:00:00,6.71,6.71,6.58,6.64,532570,965.93,133866380,971.96,961.64,0.0013674932461426568
2019-08-08 07:00:00,6.58,6.79,6.58,6.77,603210,975.24,157756080,975.83,964.21,0.009592226734337444
2019-08-09 07:00:00,6.77,6.82,6.69,6.77,234300,974.34,133550890,978.69,974.33,-0.0009232758480625394
2019-08-12 07:00:00,6.74,6.74,6.64,6.74,321280,975.31,125710330,977.63,973.22,0.0009950504757623236
2019-08-13 07:00:00,6.64,6.77,6.64,6.74,424590,966.83,142686780,973.09,964.03,-0.008732690630181707
2019-08-14 07:00:00,7.07,7.07,6.74,6.85,302360,968.91,125458400,975.99,968.91,0.0021490497696231656
2019-08-15 07:00:00,6.85,6.93,6.71,6.93,422370,979.38,131135680,979.38,955.76,0.010747990073743647
2019-08-16 07:00:00,6.93,6.96,6.85,6.93,498670,980.0,156459560,985.61,974.88,0.0006328532706190016
2019-08-19 07:00:00,6.85,6.96,6.85,6.96,371940,981.03,107980080,985.48,979.17,0.0010504684729103972
2019-08-20 07:00:00,6.96,7.43,6.96,7.43,2533660,984.67,121108870,985.35,981.75,0.0037035195203096298
2019-08-21 07:00:00,7.46,7.68,7.46,7.46,1411240,994.38,146223360,995.44,983.3,0.009812867705669982
2019-08-22 07:00:00,7.43,7.65,7.43,7.49,679840,997.26,128389760,998.67,993.23,0.0028920909475661015
2019-08-23 07:00:00,7.49,7.68,7.43,7.68,1236870,992.45,119796120,998.21,990.83,-0.004834884852487063
2019-08-26 07:00:00,7.57,8.01,7.54,7.96,2178250,982.88,151649840,984.61,977.0,-0.009689596042969451
2019-08-27 07:00:00,8.12,8.26,7.98,8.04,2096860,976.79,150855300,988.49,976.79,-0.006215352181763547
2019-08-28 07:00:00,8.04,8.15,7.93,7.93,957610,977.26,117235850,981.35,977.1,0.0004810521829673025
2019-08-29 07:00:00,7.93,8.07,7.9,7.9,871900,978.59,119663520,978.78,973.34,0.001360022706244515
2019-08-30 07:00:00,7.9,8.01,7.76,7.93,1046020,984.06,126205940,984.87,980.25,0.0055741106800070404
2019-09-03 07:00:00,7.98,7.98,7.63,7.68,769120,979.36,126148070,985.21,978.62,-0.00478757370031284
2019-09-04 07:00:00,7.98,7.82,7.6,7.82,652330,977.63,121831910,979.91,973.37,-0.0017680217585687487
2019-09-05 07:00:00,7.79,7.93,7.76,7.82,400870,976.79,113824610,981.67,976.79,-0.0008595901103372717
2019-09-06 07:00:00,7.85,7.85,7.71,7.71,283240,974.08,108569600,978.73,973.87,-0.00277824944064202
2019-09-09 07:00:00,7.71,7.71,7.57,7.6,457630,974.12,104287810,975.03,972.47,4.1063545842958746e-05
2019-09-10 07:00:00,7.54,7.71,7.38,7.38,701930,970.26,128339460,977.44,968.36,-0.003970422521147145
2019-09-11 07:00:00,7.38,7.49,7.32,7.46,477980,969.31,95091710,973.13,967.14,-0.0009795986491536375
2019-09-12 07:00:00,7.57,7.74,7.51,7.71,676820,976.07,123174240,976.07,972.31,0.00694982698396375
2019-09-13 07:00:00,7.68,7.79,7.65,7.76,520880,987.22,145895070,987.22,975.95,0.011358607112475341
2019-09-16 07:00:00,7.82,7.98,7.74,7.87,1233460,989.86,138035800,992.6,986.72,0.0026706067221058884
2019-09-17 07:00:00,7.79,7.98,7.79,7.96,830160,996.74,142632820,996.74,986.96,0.006926434617869162
2019-09-18 07:00:00,7.9,7.98,7.74,7.82,557030,995.15,140571130,998.4,993.94,-0.0015964740399386085
2019-09-19 07:00:00,7.82,7.87,7.68,7.76,531300,997.1,140440060,997.2,990.55,0.0019575862695178506
2019-09-20 07:00:00,7.76,7.79,7.51,7.51,547830,990.36,167884480,998.56,990.36,-0.0067825524421540485
2019-09-23 07:00:00,7.51,7.79,7.51,7.63,907350,985.75,141445790,993.98,985.75,-0.004665740634856679
2019-09-24 07:00:00,7.6,7.79,7.6,7.76,660060,988.13,119577920,991.36,984.94,0.002411495281749177
2019-09-25 07:00:00,7.74,7.98,7.68,7.98,1558300,987.3,121420880,989.18,983.06,-0.0008403234220819278
2019-09-26 07:00:00,8.07,8.15,7.93,8.01,1465540,990.75,133043610,991.66,986.35,0.0034882874531403977
2019-09-27 07:00:00,8.01,8.09,7.93,7.96,1126090,997.84,152087820,998.34,991.5,0.007130710746909414
2019-09-30 07:00:00,7.96,8.26,7.96,8.01,1806400,996.56,157737220,1004.17,996.51,-0.0012835942396165296
2019-10-01 07:00:00,8.01,8.26,8.01,8.26,1334860,999.59,141547280,999.72,996.2,0.003035846331319176
2019-10-02 07:00:00,8.34,8.45,8.23,8.26,2442440,991.19,155632190,1000.93,989.63,-0.008438953426390942
2019-10-03 07:00:00,8.15,8.43,8.15,8.34,1708480,992.45,156298020,992.45,983.35,0.0012703919758211668
2019-10-04 07:00:00,8.45,8.45,8.12,8.15,949980,987.59,153634840,994.81,987.59,-0.004909001595731695
2019-10-07 07:00:00,8.23,8.43,8.09,8.18,2871720,983.09,150412170,990.34,983.09,-0.004566959446908403
2019-10-08 07:00:00,8.26,8.34,8.15,8.18,1055730,988.22,153446780,988.51,981.89,0.00520467260895399
2019-10-09 07:00:00,8.18,8.21,8.04,8.07,1166580,987.83,143783620,992.0,986.74,-0.00039472685920269145
2019-10-10 07:00:00,8.07,8.15,8.01,8.01,1249170,987.38,137745810,990.89,986.93,-0.00045564776179304536
2019-10-11 07:00:00,8.01,8.09,7.96,8.01,873020,991.84,140671790,991.84,987.62,0.004506833549704526
2019-10-14 07:00:00,8.12,8.15,8.07,8.07,924530,993.57,171969840,997.25,992.5,0.001742713533065068
2019-10-15 07:00:00,8.07,8.09,8.01,8.09,727710,993.05,131330520,994.75,990.74,-0.0005235022418738952
2019-10-16 07:00:00,8.12,8.15,8.04,8.04,685620,994.46,157875510,997.41,993.42,0.0014188610236396766
2019-10-17 07:00:00,8.04,8.04,7.87,7.87,1161380,989.82,157134910,995.81,989.82,-0.004676767852552217
2019-10-18 07:00:00,7.87,7.93,7.82,7.82,953710,989.2,153487520,993.03,988.41,-0.0006265727686268711
2019-10-21 07:00:00,7.87,7.87,7.68,7.74,1261590,983.56,162867090,988.82,983.56,-0.0057178930699256225
2019-10-22 07:00:00,7.74,7.85,7.71,7.76,512070,987.19,200609660,987.59,983.52,0.003683880862839207
2019-10-23 07:00:00,7.76,7.85,7.76,7.79,407110,987.79,154015230,989.61,985.52,0.0006076011083239475
2019-10-24 07:00:00,7.82,7.96,7.82,7.9,768260,993.6,141378830,993.6,987.65,0.0058645866307156
2019-10-25 07:00:00,7.9,7.96,7.87,7.96,283570,996.57,136700300,996.67,992.91,0.0029846718670220105
2019-10-28 07:00:00,7.96,8.01,7.85,7.85,456670,996.48,149945220,999.94,996.48,-9.03138406574977e-05
2019-10-29 07:00:00,7.85,7.85,7.63,7.63,1104730,995.87,177823330,999.88,995.87,-0.0006123422280830575
2019-10-30 07:00:00,7.63,7.79,7.57,7.68,533700,1000.89,160171570,1003.4,994.86,0.0050281561894742035
2019-10-31 07:00:00,7.68,7.68,7.4,7.4,1465420,998.82,189105090,1004.4,998.58,-0.0020703009329953318
2019-11-01 07:00:00,7.4,7.46,7.27,7.4,1296750,1015.59,200048280,1015.88,999.92,0.01665042115185377
2019-11-04 07:00:00,7.43,7.63,7.43,7.6,930510,1022.43,208479560,1023.92,1015.86,0.006712422529957293
2019-11-05 07:00:00,7.6,7.63,7.54,7.54,610190,1024.34,172233290,1026.53,1021.63,0.001866355823490253
2019-11-06 07:00:00,7.54,7.74,7.51,7.63,989810,1024.91,183325470,1028.97,1023.42,0.000556301100109743
2019-11-07 07:00:00,7.6,7.68,7.57,7.6,243190,1024.03,166863590,1028.45,1022.61,-0.0008589807940779192
2019-11-08 07:00:00,7.65,7.65,7.46,7.46,496050,1022.49,157942420,1027.39,1021.11,-0.0015049941272754518
2019-11-11 07:00:00,7.46,7.49,7.35,7.35,494350,1016.75,170775110,1024.77,1016.35,-0.005629563130698607
2019-11-12 07:00:00,7.4,7.65,7.4,7.54,1073180,1018.33,180969830,1021.84,1015.97,0.0015527648224726105
2019-11-13 07:00:00,7.54,7.68,7.51,7.51,480830,1012.77,182266340,1020.09,1010.8,-0.005474879511681446
2019-11-14 07:00:00,7.54,7.54,7.46,7.46,289200,1012.3,192687960,1016.71,1010.6,-0.00046418149341909197
2019-11-15 07:00:00,7.46,7.68,7.46,7.63,961380,1010.03,180804630,1015.16,1005.1,-0.0022449362402283783
2019-11-18 07:00:00,7.65,7.68,7.51,7.51,385680,1002.91,165225780,1012.09,1002.63,-0.007074259236169205
2019-11-19 07:00:00,7.51,7.6,7.49,7.57,392860,1008.35,158028030,1008.35,1001.35,0.005409557457542438
2019-11-20 07:00:00,7.65,7.65,7.51,7.51,243810,1000.56,182924030,1009.21,1000.56,-0.007755488345199778
2019-11-21 07:00:00,7.54,7.57,7.46,7.46,488120,987.89,171731790,999.63,987.89,-0.012743766723488033
2019-11-22 07:00:00,7.46,7.51,7.18,7.21,664940,977.78,196749440,993.7,971.03,-0.010286659662394466
2019-11-25 07:00:00,7.29,7.4,7.21,7.21,524750,976.35,148285630,979.6,971.24,-0.0014635671682624557
2019-11-26 07:00:00,7.21,7.43,7.21,7.29,581590,976.79,148016090,981.96,976.79,0.00045055654734762606
2019-11-27 07:00:00,7.35,7.4,7.27,7.29,546410,978.17,157478720,982.76,978.17,0.001411793826179041
2019-11-28 07:00:00,7.29,7.35,7.21,7.29,550060,970.39,154471660,979.17,967.68,-0.00798542651214373
2019-11-29 07:00:00,7.32,7.32,7.21,7.24,227220,970.75,138896550,972.89,968.03,0.0003709160638875334
2019-12-02 07:00:00,7.27,7.32,7.07,7.27,601600,959.31,180421680,972.91,958.3,-0.011854692574511919
2019-12-03 07:00:00,7.24,7.32,7.18,7.18,455030,953.43,176408390,960.82,950.96,-0.006148267430568298
2019-12-04 07:00:00,7.27,7.38,7.16,7.38,380030,965.9,162142410,965.9,950.44,0.012994300578553847
2019-12-05 07:00:00,7.43,7.46,7.35,7.4,792350,963.27,159548260,967.92,962.16,-0.002726562852746579
2019-12-06 07:00:00,7.4,7.43,7.35,7.38,284110,963.56,139312750,965.41,960.99,0.0003010125461921205
2019-12-09 07:00:00,7.38,7.46,7.35,7.43,561950,966.06,183348640,967.57,962.59,0.002591185206206413
2019-12-10 07:00:00,7.46,7.46,7.32,7.32,429740,960.3,170738810,966.58,955.14,-0.005980208440975113
2019-12-11 07:00:00,7.32,7.4,7.29,7.4,281710,961.78,158554160,961.78,954.56,0.0015399986394913033
2019-12-12 07:00:00,7.43,7.6,7.43,7.57,1405630,968.17,154590800,968.39,962.72,0.006621957408511444
2019-12-13 07:00:00,7.63,7.74,7.54,7.57,743620,966.18,172536910,971.84,965.93,-0.0020575394339702423
2019-12-16 07:00:00,7.57,7.6,7.51,7.54,462300,961.47,202440060,966.0,960.39,-0.004886788963944115
2019-12-17 07:00:00,7.54,7.54,7.4,7.4,393420,954.03,239321700,962.79,954.03,-0.0077682457992805255
2019-12-18 07:00:00,7.4,7.46,7.29,7.29,641100,951.13,183063780,954.18,949.86,-0.003044366079285815
2019-12-19 07:00:00,7.29,7.43,7.24,7.4,421800,952.26,178790140,955.85,946.74,0.0011873553320730819
2019-12-20 07:00:00,7.38,7.43,7.38,7.4,268340,956.41,183446480,957.52,952.71,0.004348584658187511
2019-12-23 07:00:00,7.4,7.43,7.32,7.4,449330,959.43,190141650,960.71,958.07,0.0031526667168364658
2019-12-24 07:00:00,7.68,7.68,7.46,7.54,1537780,958.88,173207590,959.09,953.29,-0.0005734214126710117
2019-12-25 07:00:00,7.57,7.79,7.57,7.74,969440,960.92,195453740,962.83,957.5,0.002125222177119268
2019-12-26 07:00:00,7.74,7.85,7.63,7.63,1047700,958.59,160431180,962.11,957.43,-0.0024277040957005574
2019-12-27 07:00:00,7.68,7.68,7.6,7.6,569460,963.51,126605420,963.51,954.19,0.005119411836460108
2019-12-30 07:00:00,7.6,7.65,7.46,7.51,866360,965.03,147816130,967.52,962.47,0.001576322310909085
2019-12-31 07:00:00,7.49,7.63,7.46,7.63,923890,960.99,144441990,965.71,958.22,-0.0041951858497747815
2020-01-02 07:00:00,7.57,7.68,7.57,7.63,866500,966.67,131523160,966.67,959.67,0.005893172487484237
2020-01-03 07:00:00,7.63,7.82,7.63,7.68,2242240,965.14,149202550,970.88,965.14,-0.001584007039934007
2020-01-06 07:00:00,7.71,7.71,7.54,7.57,470820,955.79,140978550,963.2,955.59,-0.009734944886953286
2020-01-07 07:00:00,7.51,7.68,7.51,7.54,424110,958.88,130272030,959.46,953.19,0.0032277130603899267
2020-01-08 07:00:00,7.49,7.49,7.16,7.16,2280630,948.98,179374340,955.84,945.28,-0.010378213137619656
2020-01-09 07:00:00,7.24,7.38,7.24,7.27,553820,960.15,132773820,960.73,952.16,0.011701798683866506
2020-01-10 07:00:00,7.29,7.38,7.24,7.27,553300,968.54,163058830,969.71,961.17,0.008700260718964833
2020-01-13 07:00:00,7.27,7.35,7.16,7.16,946160,965.84,117952020,968.63,964.79,-0.0027915939509547873
2020-01-14 07:00:00,7.18,7.24,7.05,7.18,715360,967.0,127784380,968.85,965.76,0.0012003064291622601
2020-01-15 07:00:00,7.18,7.21,7.13,7.18,270530,967.56,112470420,967.69,964.84,0.0005789430316365736
2020-01-16 07:00:00,7.18,7.21,7.13,7.16,553400,974.31,146756870,974.7,967.17,0.0069520896728159295
2020-01-17 07:00:00,7.18,7.18,6.96,6.96,1151600,978.96,117216890,980.02,973.79,0.004761255519665888
2020-01-20 07:00:00,6.96,7.02,6.96,7.02,294050,978.63,102398830,979.85,975.93,-0.0003371492530365616
2020-01-21 07:00:00,7.02,7.24,7.02,7.24,497590,986.37,128887950,986.37,978.82,0.007877903337950624
2020-01-22 07:00:00,7.24,7.32,7.18,7.18,876300,991.46,128966880,991.46,983.92,0.005147066468951141
2020-01-30 07:00:00,7.18,7.18,6.82,6.93,1044820,959.58,181385230,977.72,954.0,-0.03268291550044344
2020-01-31 07:00:00,6.88,6.96,6.69,6.69,2053420,936.62,210630210,960.96,936.62,-0.024218038376369773
2020-02-03 07:00:00,6.35,6.55,6.24,6.24,2361500,928.14,246408370,930.37,891.85,-0.009095066877836079
2020-02-04 07:00:00,6.38,6.38,6.16,6.27,1463880,929.09,178000400,934.91,919.33,0.0010230290086364212
2020-02-05 07:00:00,6.27,6.33,6.24,6.3,1089750,925.91,163682070,936.33,921.89,-0.0034285747871779576
2020-02-06 07:00:00,6.3,6.35,6.24,6.35,1495560,938.54,206129040,938.54,925.21,0.013548438624267852
2020-02-07 07:00:00,6.41,6.6,6.38,6.41,1322960,940.75,165020480,943.48,935.94,0.0023519531511918225
2020-02-10 07:00:00,6.41,6.55,6.3,6.46,1066490,930.73,129573270,935.87,926.61,-0.01070820499886545
2020-02-11 07:00:00,6.44,6.6,6.44,6.55,1438680,934.67,159265510,936.04,931.55,0.004224301339139264
2020-02-12 07:00:00,6.58,6.99,6.58,6.99,2679770,937.68,187439280,943.11,937.34,0.003215213601104295
2020-02-13 07:00:00,6.99,7.16,6.99,7.16,1908600,938.24,153479610,939.1,934.47,0.0005970404032525485
2020-02-14 07:00:00,7.16,7.24,7.07,7.18,983250,937.45,172195600,940.65,936.47,-0.0008423567292174416
2020-02-17 07:00:00,7.13,7.4,7.13,7.24,1394660,934.77,149349950,938.52,931.66,-0.002862913365417256
2020-02-18 07:00:00,7.27,7.35,7.21,7.35,1300470,927.93,164327840,934.98,926.01,-0.007344210816888357
2020-02-19 07:00:00,7.46,7.68,7.46,7.49,1452330,928.76,161801070,931.66,925.86,0.0008940642275108001
2020-02-20 07:00:00,7.6,7.63,7.46,7.46,925570,938.13,183636850,938.13,930.41,0.010038169019504698
2020-02-21 07:00:00,7.29,7.46,7.27,7.29,908390,933.09,179503790,940.53,932.32,-0.005386872936075961
2020-02-24 07:00:00,6.93,7.07,6.82,6.96,1755640,903.34,255965410,917.49,903.34,-0.032402653965388696
2020-02-25 07:00:00,6.96,7.1,6.82,7.07,943960,909.67,186008510,909.67,893.95,0.006982891127224274
2020-02-26 07:00:00,7.05,7.13,6.93,6.99,557830,895.97,131173700,903.27,894.25,-0.01517496610789538
2020-02-27 07:00:00,7.07,7.07,6.99,7.02,665060,898.44,135468580,899.34,889.14,0.0027529957590603695
2020-02-28 07:00:00,6.96,7.02,6.82,6.93,1095910,882.19,184315860,887.07,872.46,-0.01825247372211816
2020-03-02 07:00:00,6.93,7.05,6.85,6.85,490500,884.43,173927240,886.45,877.31,0.0025359174020788016
2020-03-03 07:00:00,6.96,7.18,6.93,7.18,806940,890.61,176373200,896.39,890.06,0.006963251499367523
2020-03-04 07:00:00,7.24,7.51,7.21,7.51,2211650,889.37,195439390,889.85,882.83,-0.0013932743071181255
2020-03-05 07:00:00,7.51,7.63,7.24,7.32,1144260,893.31,209158850,898.43,891.2,0.00442031818988565
2020-03-06 07:00:00,7.27,7.46,7.13,7.46,919740,891.44,175600680,891.44,882.71,-0.0020955323538914003
2020-03-09 07:00:00,7.05,7.13,6.96,6.96,2153190,835.49,273180820,875.8,834.67,-0.06481975365588737
2020-03-10 07:00:00,6.91,7.07,6.71,6.96,1396790,837.5,242825240,843.28,806.63,0.002402884616310316
2020-03-11 07:00:00,6.96,7.07,6.49,6.96,1361650,811.35,278303370,844.94,794.54,-0.03172173671367578
2020-03-12 07:00:00,6.55,6.93,6.49,6.49,2626960,769.25,311344630,778.06,762.12,-0.053283512783394466
2020-03-13 07:00:00,6.05,6.49,6.05,6.44,2049070,761.78,289011560,764.69,723.42,-0.009758214112151012
2020-03-16 07:00:00,6.35,6.46,6.16,6.35,971660,747.86,222784370,758.59,737.58,-0.018442005408623657
2020-03-17 07:00:00,6.08,6.35,6.0,6.35,2376460,745.78,202420360,750.03,721.84,-0.002785144137210271
2020-03-18 07:00:00,6.46,6.6,6.38,6.46,1203540,747.66,205460100,752.65,742.12,0.0025176786386648946
2020-03-19 07:00:00,6.27,6.46,6.19,6.41,1123970,725.94,308921920,733.43,714.02,-0.02948096240138959
2020-03-20 07:00:00,6.33,6.38,6.19,6.35,1511820,709.73,197474500,729.35,709.73,-0.022582750761639764
2020-03-23 07:00:00,6.13,6.33,5.91,5.91,2354750,666.59,223310850,694.77,664.23,-0.06270945175883598
2020-03-24 07:00:00,5.86,5.94,5.55,5.94,1548700,659.21,212661260,666.28,652.27,-0.01113301587785287
2020-03-25 07:00:00,6.19,6.22,5.97,6.08,906180,690.25,209923920,690.25,667.58,0.046011702427150906
2020-03-26 07:00:00,6.19,6.19,5.91,6.08,1294140,694.21,171216480,700.76,680.1,0.0057206575842550025
2020-03-27 07:00:00,6.08,6.11,5.94,6.08,1606100,696.06,212339560,703.22,682.52,0.0026613551208514597
2020-03-30 07:00:00,5.97,5.97,5.66,5.83,2410670,662.26,194282800,665.56,657.36,-0.04977763543944564
2020-03-31 07:00:00,5.72,5.97,5.43,5.72,2440790,662.53,227893260,678.64,649.1,0.0004076117780754718
2020-04-01 07:00:00,5.72,5.91,5.5,5.91,2103820,680.23,203313080,684.96,657.41,0.02636513642160784
2020-04-03 07:00:00,5.8,6.05,5.75,5.97,1998980,701.8,197918250,701.8,687.92,0.031217486873506558
2020-04-06 07:00:00,6.0,6.16,5.97,6.11,2045960,736.75,304964360,736.75,715.39,0.04860015846868941
2020-04-07 07:00:00,6.11,6.11,5.91,6.02,1466540,746.69,276556810,749.13,730.28,0.013401484074900733
2020-04-08 07:00:00,6.0,6.0,5.8,5.8,1870160,748.02,203416250,748.36,730.12,0.001779609892233747
2020-04-09 07:00:00,5.91,6.19,5.88,6.19,2464860,760.33,271131720,765.87,748.02,0.016322833979643073
2020-04-10 07:00:00,6.13,6.27,5.97,6.19,1529370,757.94,295263430,764.36,751.59,-0.0031483227280086983
2020-04-13 07:00:00,6.11,6.19,6.02,6.05,1323760,765.79,200195470,774.62,757.94,0.010303753881612317
2020-04-14 07:00:00,6.0,6.3,5.97,6.24,2465220,767.41,229143390,769.53,753.85,0.0021132280235767044
2020-04-15 07:00:00,6.24,6.33,6.16,6.27,1664740,777.22,255468260,777.22,768.01,0.012702241832380615
2020-04-16 07:00:00,6.16,6.46,6.16,6.38,1739850,780.7,217009350,781.06,770.91,0.0044675025521028365
2020-04-17 07:00:00,6.46,6.49,6.35,6.38,1868890,789.6,268469130,790.95,783.74,0.011335534993026579
2020-04-20 07:00:00,6.46,6.46,6.3,6.41,1514450,794.97,304592700,797.49,786.73,0.006777889973988315
2020-04-21 07:00:00,6.3,6.33,6.0,6.3,2704130,766.84,368523950,789.37,761.96,-0.036026203441411594
2020-04-22 07:00:00,6.08,6.3,6.02,6.3,1130910,768.92,223471930,774.94,749.97,0.0027087582328107164
2020-04-23 07:00:00,6.35,6.35,6.19,6.19,552770,773.91,189393000,785.6,771.88,0.006468654874364969
2020-04-24 07:00:00,6.19,6.46,6.08,6.35,3072790,776.66,226072090,778.3,767.31,0.0035470864047847687
2020-04-27 07:00:00,6.41,6.44,6.24,6.3,1095700,770.77,256843490,785.74,770.77,-0.007612658982996248
2020-04-28 07:00:00,6.3,6.33,6.22,6.3,497130,767.21,197231630,776.13,763.66,-0.004629457285687079
2020-04-29 07:00:00,6.24,6.3,6.19,6.24,960250,769.11,210867100,772.62,768.19,0.0024734442937300446
2020-05-04 07:00:00,6.19,6.19,6.02,6.16,965810,762.47,253967720,769.73,761.64,-0.008670838743590035
2020-05-05 07:00:00,6.08,6.24,6.08,6.24,339970,764.16,168997250,767.03,760.04,0.002214027878861953
2020-05-06 07:00:00,6.24,6.3,6.19,6.27,667010,782.59,209914330,782.59,765.37,0.023831740450791252
2020-05-07 07:00:00,6.27,6.3,6.19,6.3,754260,796.54,214433830,796.54,782.59,0.01766841602545312
2020-05-08 07:00:00,6.3,6.52,6.3,6.41,2580160,813.73,340156270,825.72,800.2,0.021351267847408446
2020-05-11 07:00:00,6.58,6.58,6.27,6.58,1675860,828.33,268927930,828.33,812.48,0.017783010061872457
2020-05-12 07:00:00,6.58,6.82,6.46,6.74,945260,835.32,290069940,835.95,819.66,0.008403259258922137
2020-05-13 07:00:00,6.69,6.77,6.55,6.63,1141710,834.21,338667310,839.59,815.13,-0.0013297157446147882
2020-05-14 07:00:00,6.58,6.71,6.55,6.6,972630,832.4,273950180,836.19,826.17,-0.002172074704481382
2020-05-15 07:00:00,6.58,6.63,6.41,6.6,1312550,827.03,258289700,838.47,824.59,-0.006472124458451059
2020-05-18 07:00:00,6.6,6.6,6.49,6.58,903500,837.01,224260950,837.61,823.08,0.011995047788379242
2020-05-19 07:00:00,6.58,6.74,6.55,6.58,1219190,845.92,293801450,854.25,844.15,0.010588774637732425
2020-05-20 07:00:00,6.58,6.88,6.55,6.82,2556190,852.91,235672860,852.91,842.21,0.008229239473141196
2020-05-21 07:00:00,6.82,6.91,6.74,6.74,760480,862.73,301190730,862.73,854.04,0.011447748062664543
2020-05-22 07:00:00,6.69,6.8,6.63,6.74,734910,852.74,265002610,860.65,852.08,-0.011647085559293805
2020-05-25 07:00:00,6.69,6.85,6.58,6.69,1204050,859.04,259643410,860.45,849.12,0.007360792210607396
2020-05-26 07:00:00,6.77,6.82,6.69,6.77,1006110,869.13,306464080,869.65,860.22,0.0116772246407866
2020-05-27 07:00:00,6.8,6.82,6.63,6.63,1059910,857.48,354487370,875.35,857.48,-0.013494856162110934
2020-05-28 07:00:00,6.63,6.69,6.52,6.69,1242790,861.39,261439230,866.17,856.48,0.004549508391099572
2020-05-29 07:00:00,6.69,6.71,6.58,6.69,605980,864.47,281746500,866.95,859.26,0.003569238837212337
2020-06-01 07:00:00,6.69,6.85,6.66,6.74,569410,878.67,418333970,878.67,868.97,0.01629279819255269
2020-06-02 07:00:00,6.8,7.1,6.8,6.85,3323690,874.8,442308030,882.73,874.53,-0.004414111771186761
2020-06-03 07:00:00,6.85,7.05,6.85,6.96,892370,881.17,320477690,881.17,874.01,0.007255281061255257
2020-06-04 07:00:00,7.1,7.1,6.93,7.02,1056460,883.9,394395400,888.32,883.22,0.003093364203034291
2020-06-05 07:00:00,7.05,7.05,6.91,7.02,891190,886.22,451411820,886.59,878.5,0.0026212927128411484
2020-06-08 07:00:00,7.02,7.18,6.96,7.1,1976560,899.92,509361980,905.65,888.7,0.015340643704827005
2020-06-09 07:00:00,7.13,7.21,7.02,7.05,1451000,899.43,450504980,904.89,898.87,-0.0005446411338678151
2020-06-10 07:00:00,7.02,7.4,6.93,7.32,1984620,900.0,514286390,902.69,890.3,0.0006335339736081447
2020-06-11 07:00:00,7.32,7.51,6.82,6.85,2818360,867.37,665612130,903.7,867.37,-0.03692911864059595
2020-06-12 07:00:00,6.52,6.8,6.52,6.8,1769700,863.52,582432110,863.52,841.44,-0.004448585813382235
2020-06-15 07:00:00,6.77,6.8,6.35,6.66,1784580,832.47,470372440,868.16,832.47,-0.036619873701083334
2020-06-16 07:00:00,6.69,6.77,6.58,6.71,834780,856.13,359812660,858.7,844.67,0.028025048600418094
2020-06-17 07:00:00,6.71,6.85,6.6,6.63,797480,854.44,311400140,861.05,852.27,-0.0019759501801933353
2020-06-18 07:00:00,6.55,6.63,6.49,6.63,807310,855.27,234958560,858.03,847.49,0.0009709249699692993
2020-06-19 07:00:00,6.6,6.82,6.6,6.8,1217400,868.56,372261840,868.56,857.77,0.015419459364153393
2020-06-22 07:00:00,6.85,6.85,6.69,6.82,718120,871.28,330561410,872.94,867.37,0.00312672684383437
2020-06-23 07:00:00,6.71,6.93,6.71,6.88,1228080,868.2,400635460,873.2,864.02,-0.0035412919019377725
2020-06-24 07:00:00,6.88,6.91,6.71,6.82,989120,859.71,340026770,873.13,857.58,-0.009826979788106701
2020-06-25 07:00:00,6.69,6.85,6.63,6.85,630320,854.59,285078310,856.23,849.65,-0.005973301316686539
2020-06-26 07:00:00,6.77,7.05,6.71,6.71,682720,851.98,258644960,862.59,850.66,-0.0030587693853108182
2020-06-29 07:00:00,6.71,6.71,6.33,6.71,1944850,829.36,335622750,846.53,826.0,-0.026908733360532504
2020-06-30 07:00:00,6.71,6.8,6.58,6.77,1882420,825.11,308543890,840.31,821.92,-0.005137608234941226
2020-07-01 07:00:00,6.63,6.82,6.63,6.8,707110,843.49,251635370,844.26,826.38,0.022031335771279716
2020-07-02 07:00:00,6.8,6.88,6.69,6.77,680740,842.38,190900470,845.66,838.48,-0.0013168277036761157
2020-07-03 07:00:00,6.77,7.18,6.74,7.16,1446490,847.61,172688260,848.16,843.25,0.006189405494961871
2020-07-06 07:00:00,7.16,7.21,6.99,7.16,734240,861.16,194421760,861.85,850.04,0.015859693250647233
2020-07-07 07:00:00,7.18,7.18,7.02,7.02,751350,863.42,284435650,870.63,863.42,0.0026209294943842143
2020-07-08 07:00:00,6.96,7.16,6.91,7.16,1307570,864.5,184014420,865.58,859.98,0.0012500580358327353
2020-07-09 07:00:00,7.16,7.57,7.16,7.46,4201640,876.46,259149310,878.36,867.45,0.013739762144106328
2020-07-10 07:00:00,7.38,7.49,7.29,7.38,866960,871.21,254910040,878.53,867.59,-0.006008017294007927
2020-07-13 07:00:00,7.38,7.71,7.35,7.54,2668160,868.72,203912630,876.83,866.99,-0.0028621860647984427
2020-07-14 07:00:00,7.46,7.63,7.43,7.54,814620,868.11,204647390,868.11,860.28,-0.00070242916702446
2020-07-15 07:00:00,7.63,7.71,7.57,7.57,1022160,869.91,223490580,876.69,869.91,0.0020713232800048578
2020-07-16 07:00:00,7.57,7.57,7.4,7.46,1148560,876.83,220943960,876.83,869.25,0.007923372915262026
2020-07-17 07:00:00,7.51,7.63,7.4,7.46,1010710,872.02,238997770,875.07,871.89,-0.00550077151111209
2020-07-20 07:00:00,7.51,7.51,7.16,7.16,1066200,861.4,256105460,871.64,861.4,-0.012253386805765001
2020-07-21 07:00:00,7.21,7.27,7.13,7.16,1101940,861.69,216046880,864.7,856.94,0.0003366045914469522
2020-07-22 07:00:00,7.16,7.21,6.99,7.05,703280,855.08,207218280,864.0,854.97,-0.0077005454003772145
2020-07-23 07:00:00,7.05,7.13,6.96,7.1,870080,856.75,221114760,857.22,851.97,0.0019511289436380883
2020-07-24 07:00:00,7.02,7.05,6.63,6.8,1752990,829.16,436845540,854.57,816.65,-0.0327330206234077
2020-07-27 07:00:00,6.52,6.8,6.33,6.8,4211890,785.17,374271440,808.74,780.64,-0.05451288528519017
2020-07-28 07:00:00,6.8,6.96,6.63,6.82,1497590,813.36,310645950,814.4,786.67,0.03527356112078543
2020-07-29 07:00:00,6.74,6.8,6.46,6.8,1409900,790.84,311001410,800.39,779.82,-0.028078144260225833
2020-07-30 07:00:00,6.69,6.8,6.63,6.77,605280,801.13,163227530,802.97,794.88,0.012927559321514542
2020-07-31 07:00:00,6.63,6.85,6.63,6.71,905010,798.39,219670740,803.55,786.98,-0.003426031159479446
2020-08-03 07:00:00,6.77,6.82,6.63,6.82,1061230,814.65,244789940,814.84,796.47,0.020161373280249105
2020-08-04 07:00:00,6.85,6.93,6.82,6.88,518480,827.57,251465920,827.57,820.2,0.015735122669555505
2020-08-05 07:00:00,6.88,6.99,6.8,6.96,1371480,837.8,264841620,839.52,820.74,0.01228571269441494
2020-08-06 07:00:00,6.93,6.96,6.8,6.8,713030,840.04,233729360,844.16,833.56,0.0026701012382930574
2020-08-07 07:00:00,6.82,6.85,6.52,6.82,938260,841.46,230026640,844.33,836.84,0.001688968584667946
2020-08-10 07:00:00,6.82,6.88,6.8,6.82,859180,843.2,277423110,849.52,843.2,0.00206569945120257
2020-08-11 07:00:00,6.82,6.85,6.77,6.82,369820,843.08,226765520,847.61,840.35,-0.00014232511825147527
2020-08-12 07:00:00,6.82,7.1,6.82,7.02,2122580,846.92,238422860,848.54,842.88,0.004544386518888968
2020-08-13 07:00:00,7.1,7.1,6.96,7.02,971120,855.05,236129250,855.19,849.86,0.00955370757132717
2020-08-14 07:00:00,7.02,7.07,6.96,6.99,794740,850.74,285091480,860.32,848.38,-0.0050533877815411325
2020-08-17 07:00:00,6.99,6.99,6.85,6.93,925430,850.15,215893300,852.05,841.62,-0.0006937544740268462
2020-08-18 07:00:00,6.96,7.16,6.96,7.07,1985090,846.43,183415680,851.06,845.0,-0.00438529979318745
2020-08-19 07:00:00,7.1,7.13,7.05,7.1,1433580,851.21,214883630,853.15,846.22,0.00563136192836467
2020-08-20 07:00:00,7.05,7.13,6.99,7.02,659540,848.21,232011660,856.99,847.44,-0.0035306199954322566
2020-08-21 07:00:00,7.02,7.13,6.99,7.05,1431230,854.78,262789870,856.45,848.21,0.007715879242117009
2020-08-24 07:00:00,7.13,7.27,7.07,7.1,2086710,868.68,345727410,868.68,860.35,0.01613069220769349
2020-08-25 07:00:00,7.13,7.18,6.99,7.1,2154980,874.12,342448420,877.57,870.92,0.0062428479089012764
2020-08-26 07:00:00,7.1,7.38,7.05,7.29,2319110,873.47,320824630,876.97,871.78,-0.0007438816083562064
2020-08-27 07:00:00,7.29,7.32,7.18,7.24,1263650,874.71,279106260,875.71,871.93,0.001418618458003321
2020-08-28 07:00:00,7.27,7.4,7.21,7.21,2092330,878.98,328738170,885.86,877.7,0.0048697414461668625
2020-08-31 07:00:00,7.35,7.4,7.16,7.16,2063120,881.65,333312960,888.44,879.26,0.0030330075561669596
2020-09-01 07:00:00,7.13,7.24,7.13,7.18,1027820,891.73,285412810,892.51,880.79,0.011368244323076405
2020-09-03 07:00:00,7.18,7.24,7.13,7.16,1377660,903.97,323223440,904.32,896.26,0.013632777823797477
2020-09-04 07:00:00,7.1,7.18,7.07,7.18,1303070,901.54,316184660,903.11,893.86,-0.002691761848153927
2020-09-07 07:00:00,7.24,7.6,7.18,7.38,4945420,888.25,382825000,905.8,888.25,-0.014851177251515989
2020-09-08 07:00:00,7.4,7.51,7.38,7.43,1725590,890.14,266880030,894.58,884.88,0.00212551882495764
2020-09-09 07:00:00,7.4,7.51,7.29,7.49,1166460,889.32,282232270,892.4,881.57,-0.0009216279748262523
2020-09-10 07:00:00,7.49,7.51,7.43,7.43,1450980,888.82,283019010,896.78,888.82,-0.0005623854287944385
2020-09-11 07:00:00,7.4,7.6,7.38,7.54,2018590,888.97,269585440,890.98,884.67,0.00016874884025224797
2020-09-14 07:00:00,7.57,7.9,7.57,7.85,2757700,894.57,318768720,895.31,891.89,0.006279666733150143
2020-09-15 07:00:00,7.9,8.15,7.9,7.96,3450400,896.26,343362100,898.74,894.66,0.0018873935568245821
2020-09-16 07:00:00,7.9,8.04,7.85,8.01,1778680,897.47,262872740,897.58,894.63,0.0013491441672222292
2020-09-17 07:00:00,7.93,8.01,7.71,7.87,2857800,894.04,371114920,899.41,890.93,-0.003829176718028059
2020-09-18 07:00:00,7.9,8.18,7.79,8.04,1617820,900.95,303725090,902.11,895.82,0.007699245270928868
2020-09-21 07:00:00,8.01,8.23,7.9,7.98,2222270,907.94,349431690,909.78,904.5,0.0077285349499830475
2020-09-22 07:00:00,7.9,8.07,7.87,8.04,1056290,906.19,367748340,909.69,902.47,-0.0019293000422467594
2020-09-23 07:00:00,8.04,8.09,7.96,7.98,1274730,912.5,324674020,913.52,908.97,0.0069390883760870594
2020-09-24 07:00:00,7.93,8.12,7.93,8.04,1875070,908.58,357987680,914.51,907.32,-0.004305144260027435
2020-09-25 07:00:00,8.04,8.09,7.96,8.04,956720,908.27,326126870,911.3,905.56,-0.0003412499689114617
2020-09-28 07:00:00,8.09,8.43,8.04,8.29,3498850,912.5,378529100,913.6,910.04,0.004646394228938843
2020-09-29 07:00:00,8.48,8.62,8.18,8.32,2710770,903.98,438172690,917.49,903.98,-0.009380849203012276
2020-09-30 07:00:00,8.32,8.59,8.29,8.43,4110520,905.21,310162690,907.0,900.74,0.0013597247270958413
2020-10-01 07:00:00,8.56,8.92,8.48,8.92,3530660,914.09,330218020,914.09,909.13,0.009762073897072676
2020-10-02 07:00:00,8.95,9.53,8.92,9.53,4112670,909.91,501297560,916.67,897.72,-0.004583341356844453
2020-10-05 07:00:00,10.17,10.19,9.67,10.17,7500610,914.68,420759580,915.55,909.91,0.005228583809935716
2020-10-06 07:00:00,10.06,10.44,9.67,9.86,5528700,915.67,472545310,918.93,912.77,0.0010817604245548903
2020-10-07 07:00:00,9.75,10.28,9.7,9.78,3920670,919.72,496266530,923.57,912.69,0.004413238138351317
2020-10-08 07:00:00,9.78,9.89,9.5,9.89,5360750,918.84,446311540,922.08,913.89,-0.0009572709807678487
2020-10-09 07:00:00,10.17,10.22,9.86,10.17,3176960,924.0,343796560,924.0,917.7,0.005600066728651718
2020-10-12 07:00:00,10.39,10.58,10.03,10.03,4457970,925.83,414162820,933.13,923.28,0.001978560837473996
2020-10-13 07:00:00,9.95,10.06,9.86,9.86,1934130,929.86,322972210,930.96,923.78,0.004343404701808013
2020-10-14 07:00:00,9.84,9.86,9.64,9.81,2202370,940.18,386750560,940.18,929.86,0.011037309113038029
2020-10-15 07:00:00,9.89,10.0,9.61,9.89,2842470,942.76,439631740,945.93,938.7,0.002740397054183114
2020-10-16 07:00:00,9.95,10.44,9.92,10.11,3603210,943.3,395580380,946.23,935.98,0.0005726223076203843
2020-10-19 07:00:00,10.06,10.55,9.92,10.36,4382630,943.69,353154450,946.29,941.92,0.0004133567274369503
2020-10-20 07:00:00,10.36,10.83,10.28,10.83,4615600,944.42,385659020,944.54,937.32,0.0007732600710489067
2020-10-21 07:00:00,10.83,11.11,10.55,10.55,2639450,939.03,372347380,948.2,939.0,-0.005723554874595948
2020-10-22 07:00:00,10.53,10.77,10.39,10.72,2432340,949.9,316297780,949.9,933.78,0.011509288316439431
2020-10-23 07:00:00,10.77,10.83,10.53,10.61,1967510,961.26,392430900,961.26,953.14,0.011888207990541232
2020-10-26 07:00:00,10.72,11.05,10.55,10.77,6975230,950.8,404773940,970.15,950.8,-0.010941188400639146
2020-10-27 07:00:00,10.72,10.8,10.58,10.66,2883500,946.47,414913610,954.72,946.28,-0.004564461060058831
2020-10-28 07:00:00,10.61,10.94,10.55,10.55,4443690,921.05,433068340,946.91,921.05,-0.027224950827753835
2020-10-29 07:00:00,10.61,10.86,10.55,10.58,2678150,919.08,355910070,925.84,914.33,-0.0021411538887236036
2020-10-30 07:00:00,10.77,10.77,10.44,10.58,2657280,925.47,297619160,926.32,911.2,0.00692854686781607
2020-11-02 07:00:00,10.58,10.75,10.58,10.66,1491620,933.68,273082480,933.68,924.14,0.00883205052677949
2020-11-03 07:00:00,10.72,10.75,10.61,10.72,1424920,935.41,302847830,937.57,932.18,0.0018511687441846105
2020-11-04 07:00:00,10.77,11.41,10.77,11.24,7604770,939.76,327410490,943.56,933.86,0.004639587667347759
2020-11-05 07:00:00,11.33,11.33,10.97,10.97,2009220,937.75,270446750,945.51,937.75,-0.002141134553633845
2020-11-06 07:00:00,10.97,11.13,10.86,11.05,1894420,938.29,249258850,941.2,934.63,0.0005756807050099062
2020-11-09 07:00:00,11.05,11.27,11.0,11.16,3792160,951.99,369592050,951.99,942.15,0.014495460867508664
2020-11-10 07:00:00,11.16,11.27,10.83,10.89,3855660,951.9,422041040,963.47,951.9,-9.45432772555731e-05
2020-11-11 07:00:00,10.86,11.02,10.8,10.91,2226740,952.22,353735780,956.65,947.61,0.00033611327333644807
2020-11-12 07:00:00,10.91,11.33,10.8,11.16,2436400,959.28,320081130,959.28,953.62,0.007386902540581805
2020-11-13 07:00:00,11.16,11.24,11.02,11.19,3034670,966.29,419678370,966.29,959.13,0.007280993127561023
2020-11-16 07:00:00,11.24,11.58,11.16,11.36,5099720,950.79,484179810,972.98,950.5,-0.016170778226990798
2020-11-17 07:00:00,11.49,11.52,11.36,11.52,2465550,968.9,371415910,968.9,953.22,0.018868189419210448
2020-11-18 07:00:00,11.52,11.69,11.41,11.49,2349900,973.53,446206150,974.3,966.32,0.004767233587459033
2020-11-19 07:00:00,11.6,11.6,11.38,11.41,2308570,983.26,473474550,983.26,974.33,0.009944940635203504
2020-11-20 07:00:00,11.44,11.85,11.38,11.69,2942400,990.0,471526920,990.0,980.72,0.00683136151501463
2020-11-23 07:00:00,11.74,12.05,11.66,11.69,2066260,994.19,450110750,995.9,985.38,0.004223392142988823
2020-11-24 07:00:00,11.85,11.94,11.63,11.77,3227320,995.76,511566140,997.99,984.92,0.0015779294210976843
2020-11-25 07:00:00,11.77,11.88,11.49,11.8,3422440,999.94,445346780,1002.31,996.8,0.004189012489342879
2020-11-26 07:00:00,11.69,11.82,11.58,11.6,2404020,1005.97,411338400,1005.97,994.91,0.006012251959403703
2020-11-27 07:00:00,11.6,12.38,11.6,11.99,4639810,1010.22,381723340,1010.22,1004.0,0.004215878756294604
2020-11-30 07:00:00,12.21,12.71,12.05,12.38,5399340,1003.08,450045450,1012.5,1002.61,-0.007092862398698215
2020-12-01 07:00:00,12.27,12.93,12.27,12.43,8146210,1008.87,536207660,1008.87,988.71,0.005755626117826618
2020-12-02 07:00:00,12.99,13.29,12.76,13.29,5619890,1014.32,484658120,1015.86,1007.91,0.005387544602800859
2020-12-03 07:00:00,14.15,14.2,13.81,14.2,3521260,1019.8,496771120,1020.35,1014.06,0.005388092401362768
2020-12-04 07:00:00,14.64,15.11,14.17,14.64,6448020,1021.49,527019060,1025.17,1018.67,0.0016558160634956485
2020-12-07 07:00:00,14.42,14.81,13.95,14.45,4605900,1029.98,473554480,1030.41,1022.14,0.008277038874880745
2020-12-08 07:00:00,14.48,14.7,14.31,14.5,3643160,1029.26,501250780,1032.58,1025.63,-0.0006992871441310618
2020-12-09 07:00:00,14.59,14.59,14.31,14.31,3902570,1039.13,554755640,1039.55,1030.24,0.009543727165022341
2020-12-10 07:00:00,14.28,14.28,13.59,13.59,7480540,1030.91,566339280,1044.1,1030.91,-0.007941917263124128
2020-12-11 07:00:00,13.54,13.95,13.32,13.87,3403730,1045.96,413852370,1045.96,1030.06,0.014493216658684761
2020-12-14 07:00:00,14.03,14.59,13.79,14.39,3857790,1064.09,506310660,1064.09,1048.97,0.01718484981463796
2020-12-15 07:00:00,14.37,14.48,13.81,14.01,4494850,1055.27,621133560,1067.45,1052.01,-0.008323315452742888
2020-12-16 07:00:00,14.03,14.26,13.95,14.03,2877220,1066.99,556546890,1066.99,1057.21,0.011044941848828739
2020-12-17 07:00:00,13.9,14.42,13.76,14.31,4142520,1051.77,634682600,1066.99,1051.42,-0.014367140970939841
2020-12-18 07:00:00,14.31,15.22,14.31,15.11,6476930,1067.46,560068250,1068.56,1055.75,0.014807535459071354
2020-12-21 07:00:00,15.2,15.42,14.89,15.36,6100610,1081.08,660479750,1081.6,1070.86,0.012678546776609657
2020-12-22 07:00:00,15.2,15.42,15.11,15.36,3156420,1083.45,695860800,1084.23,1077.06,0.0021898527136167928
2020-12-23 07:00:00,15.25,15.25,14.64,14.92,3666820,1078.9,742856110,1094.09,1077.92,-0.004208390607671089
2020-12-24 07:00:00,14.86,15.0,13.9,14.62,5946530,1067.52,686557640,1084.76,1046.89,-0.010603802267021933
2020-12-25 07:00:00,14.42,14.92,14.31,14.48,2328570,1084.42,592212900,1084.42,1061.83,0.015707080542987972
2020-12-28 07:00:00,14.64,14.75,14.39,14.45,4346940,1091.33,663869090,1096.11,1083.9,0.00635185405729938
2020-12-29 07:00:00,14.48,15.28,14.37,15.08,5659820,1099.49,618010510,1102.79,1087.93,0.007449300019694379
2020-12-30 07:00:00,15.47,15.8,15.11,15.11,3939190,1097.54,619802880,1108.83,1094.91,-0.0017751241558359783
2020-12-31 07:00:00,15.2,15.44,15.08,15.31,2312570,1103.87,500978800,1105.33,1096.27,0.005750875525931683
2021-01-04 07:00:00,15.58,16.36,15.47,16.33,7909000,1120.47,709701600,1126.43,1113.59,0.014926052840494685
2021-01-05 07:00:00,16.58,17.46,16.47,17.41,7069400,1132.55,710226500,1133.16,1116.49,0.01072348737213221
2021-01-06 07:00:00,17.9,17.93,16.96,17.24,4237900,1143.21,725414800,1152.85,1133.7,0.00936836746020991
2021-01-07 07:00:00,17.24,17.76,16.85,17.57,5114000,1156.49,719527100,1156.49,1143.44,0.011549460901848507
2021-01-08 07:00:00,17.68,17.88,17.29,17.43,3082700,1167.69,763095900,1176.33,1160.48,0.00963788234651089
2021-01-11 07:00:00,17.49,17.63,17.07,17.38,2381400,1184.89,776321700,1186.45,1175.0,0.014622505054772878
2021-01-12 07:00:00,17.41,18.59,17.07,18.59,5545800,1192.28,683329700,1192.28,1179.24,0.006217497113307089
2021-01-13 07:00:00,18.79,18.9,18.34,18.46,4217000,1186.05,747161400,1200.82,1183.18,-0.00523898218458075
2021-01-14 07:00:00,18.29,18.73,18.18,18.54,4045000,1187.4,737417900,1190.5,1178.84,0.0011375846515293115
2021-01-15 07:00:00,18.79,18.87,18.43,18.62,4032600,1194.2,746215900,1197.74,1188.84,0.005710462276317032
2021-01-18 07:00:00,19.92,19.92,19.01,19.26,6304500,1191.94,711741000,1200.85,1190.33,-0.0018942733249441414
2021-01-19 07:00:00,19.23,19.45,17.93,17.93,3821000,1131.0,923105700,1191.94,1117.17,-0.05248003467182748
2021-01-20 07:00:00,17.93,18.18,16.69,17.68,4201900,1134.68,802789200,1142.48,1098.05,0.0032484757213096563
2021-01-21 07:00:00,18.07,18.43,17.13,18.43,3773300,1164.21,666008100,1164.21,1132.66,0.025692072552732332
2021-01-22 07:00:00,18.4,18.73,18.15,18.23,3990300,1166.78,716238000,1175.72,1161.43,0.0022050725583139755
2021-01-25 07:00:00,17.96,18.9,17.96,18.29,6015400,1166.05,665737500,1172.18,1162.8,-0.0006258493107750475
2021-01-26 07:00:00,18.34,18.34,17.02,17.13,4933000,1136.12,743159100,1166.05,1121.03,-0.026003020132645133
2021-01-27 07:00:00,16.85,17.05,15.94,15.94,6653000,1097.17,745071300,1132.99,1088.86,-0.03488481114133667
2021-01-28 07:00:00,14.84,15.2,14.84,14.84,2765800,1023.94,698605600,1052.16,1022.77,-0.06907620623094714
2021-01-29 07:00:00,13.81,15.36,13.81,14.84,8174300,1056.61,743995900,1076.11,998.33,0.03140773887217208
2021-02-01 07:00:00,14.53,15.31,14.09,14.81,4716600,1035.51,588446500,1074.52,1035.51,-0.020171611045486714
2021-02-02 07:00:00,15.2,15.66,14.7,15.31,3892900,1075.53,554905500,1075.53,1029.36,0.037919504362086
2021-02-03 07:00:00,15.64,16.25,15.44,16.02,4069400,1111.29,635966100,1113.24,1082.95,0.032707939359310614
2021-02-04 07:00:00,16.02,16.25,15.58,15.75,3422300,1112.19,471356200,1117.88,1098.85,0.0008095418435531915
2021-02-05 07:00:00,15.8,16.36,15.47,16.36,3989500,1126.91,458710000,1126.91,1112.19,0.013148329296377947
2021-02-08 07:00:00,16.36,17.07,15.25,15.91,5152900,1083.18,635387600,1127.06,1075.1,-0.03957821464416376
2021-02-09 07:00:00,15.91,16.3,15.53,16.11,2238000,1114.93,490182000,1114.93,1078.98,0.028890463477775487
2021-02-17 07:00:00,16.36,16.8,16.25,16.77,3014600,1155.78,459215000,1151.54,1127.46,0.03598381804772441
2021-02-18 07:00:00,16.83,17.07,16.58,17.02,4573000,1174.38,585040700,1174.38,1148.66,0.015964908040365954
2021-02-19 07:00:00,16.8,17.68,16.8,17.38,4262200,1173.5,547575400,1178.18,1157.6,-0.0007496124514094008
2021-02-22 07:00:00,17.41,17.57,16.91,17.1,3052500,1175.04,571176900,1182.67,1169.12,0.0013114532609380942
2021-02-23 07:00:00,17.13,17.46,16.85,17.18,3087500,1177.64,571704900,1184.32,1168.32,0.0022102462370211158
2021-02-24 07:00:00,17.41,17.63,16.85,17.13,6517300,1162.01,572631700,1185.58,1154.36,-0.013361171562231692
2021-02-25 07:00:00,17.24,17.52,17.07,17.27,5124400,1165.43,493051100,1169.97,1155.74,0.0029388533852683766
2021-02-26 07:00:00,17.13,18.23,17.05,18.1,6989700,1168.47,528150000,1169.28,1148.88,0.0026050830963072692
2021-03-01 07:00:00,18.34,18.4,17.96,18.1,3684900,1186.17,593011800,1186.82,1174.45,0.01503442853171181
2021-03-02 07:00:00,18.15,18.18,17.88,17.9,4039900,1186.61,533302200,1196.16,1181.99,0.0003708729886826778
2021-03-03 07:00:00,17.79,17.93,17.63,17.79,5704700,1186.95,584537200,1189.18,1180.25,0.000286489494536167
2021-03-04 07:00:00,17.79,17.9,16.69,17.07,5940300,1168.52,629649100,1191.9,1159.48,-0.015649000930242556
2021-03-05 07:00:00,16.74,16.99,16.3,16.85,5172100,1168.69,568265900,1169.56,1155.6,0.0001454725936478633
2021-03-08 07:00:00,17.07,17.13,16.69,16.85,3977100,1168.27,627495500,1181.25,1164.02,-0.00035944132935265783
2021-03-09 07:00:00,16.71,17.24,16.11,16.85,4092600,1161.97,613096200,1166.42,1150.94,-0.005407181534725051
2021-03-10 07:00:00,16.91,17.02,16.58,16.88,2295100,1170.08,569498400,1170.59,1154.89,0.0069552820000012535
2021-03-11 07:00:00,17.13,17.13,16.85,16.96,3437600,1181.73,586252400,1183.73,1176.49,0.009907343954180631
2021-03-12 07:00:00,17.13,17.9,17.02,17.57,8198600,1181.56,595631800,1186.52,1178.14,-0.00014386723617772985
2021-03-15 07:00:00,17.68,17.88,17.43,17.52,4324300,1184.56,634609700,1186.06,1178.8,0.00253579835981964
2021-03-16 07:00:00,17.46,17.52,17.07,17.27,3373400,1179.9,629617900,1184.91,1171.76,-0.003941708494589741
2021-03-17 07:00:00,17.13,17.35,17.1,17.24,3387900,1186.09,648766800,1186.09,1176.26,0.005232493901487661
2021-03-18 07:00:00,17.29,17.96,17.16,17.63,6024700,1200.94,570101600,1200.94,1191.94,0.012442400456634794
2021-03-19 07:00:00,17.68,18.1,17.68,17.93,5792900,1194.05,600925800,1199.67,1191.96,-0.005753693341324704
2021-03-22 07:00:00,17.96,17.99,17.57,17.82,3742500,1194.43,626610700,1200.21,1189.31,0.0003181940005411288
2021-03-23 07:00:00,17.82,17.82,17.07,17.18,4698300,1183.45,643583000,1191.47,1177.1,-0.00923518263239228
2021-03-24 07:00:00,16.85,17.18,16.52,16.85,5067300,1161.81,649741100,1174.2,1154.22,-0.01845476763598294
2021-03-25 07:00:00,16.85,17.07,16.49,16.77,2822700,1163.1,613916000,1170.76,1154.44,0.001109720490155789
2021-03-26 07:00:00,16.58,16.8,15.69,16.52,3871100,1162.21,630516500,1165.76,1137.9,-0.0007654893699846996
2021-03-29 07:00:00,16.58,16.8,16.44,16.58,3139800,1175.68,592790900,1175.77,1165.78,0.011523338611697865
2021-03-30 07:00:00,17.06,17.09,16.76,16.94,2756700,1186.36,707543000,1187.29,1172.85,0.00904309222696554
2021-03-31 07:00:00,17.0,17.06,16.7,16.76,1511900,1191.44,670504300,1196.45,1186.4,0.004272863763940469
2021-04-01 07:00:00,16.97,17.61,16.76,17.61,2053500,1216.1,637059200,1217.26,1192.83,0.02048635740934153
2021-04-02 07:00:00,18.03,18.19,17.61,17.73,3454700,1224.45,608762900,1228.29,1221.07,0.006842746578520903
2021-04-05 07:00:00,17.79,17.97,17.49,17.67,3027200,1236.05,635303500,1245.28,1228.18,0.009429047708391461
2021-04-06 07:00:00,17.49,17.64,17.37,17.49,2170200,1239.96,656481800,1244.63,1231.14,0.003158309740397695
2021-04-07 07:00:00,17.34,17.94,17.18,17.79,3419700,1242.38,676166500,1242.38,1232.52,0.0019497738155607386
2021-04-08 07:00:00,17.91,18.82,17.88,18.76,10477800,1234.89,633566500,1246.4,1232.26,-0.006046997560521419
2021-04-09 07:00:00,18.82,18.82,18.58,18.61,3320600,1231.66,655839000,1234.98,1227.6,-0.0026190442896513347
2021-04-12 07:00:00,18.67,18.82,18.4,18.73,5356300,1252.45,857647000,1252.45,1232.35,0.01673878002285662
2021-04-13 07:00:00,18.82,18.82,17.97,18.16,5191300,1248.33,977605500,1268.02,1247.66,-0.0032949749498327498
2021-04-14 07:00:00,17.91,18.16,17.73,18.09,3294800,1255.87,813503500,1255.87,1233.01,0.006021901433930527
2021-04-15 07:00:00,18.09,18.16,17.61,17.61,4035000,1247.25,771443700,1265.87,1247.25,-0.0068874317454595685
2021-04-16 07:00:00,17.31,17.64,16.76,17.24,6207600,1238.71,948989400,1254.61,1227.14,-0.006870612233841957
2021-04-19 07:00:00,17.24,17.73,16.94,17.67,3177500,1260.58,773047000,1260.58,1233.77,0.01750141698495558
2021-04-20 07:00:00,17.82,17.85,17.0,17.34,2726600,1268.28,798483500,1286.32,1261.28,0.006089719316996034
2021-04-22 07:00:00,17.0,17.34,16.58,16.61,3356300,1227.82,732254600,1271.98,1227.82,-0.03242141265059828
2021-04-23 07:00:00,16.52,17.0,16.09,17.0,3311500,1248.53,684222800,1248.53,1216.15,0.01672662010708351
2021-04-26 07:00:00,17.0,17.0,16.27,16.27,2015500,1215.77,685386500,1251.25,1214.14,-0.026589238366593073
2021-04-27 07:00:00,16.21,16.33,15.97,15.97,2776600,1219.75,544650900,1220.96,1204.14,0.0032682987967980587
2021-04-28 07:00:00,16.0,16.33,15.88,16.06,1726000,1229.55,589498400,1230.91,1217.49,0.008002329071202794
2021-04-29 07:00:00,16.09,16.7,16.03,16.24,2157900,1239.39,614232800,1239.39,1231.25,0.007971074308104606
2021-05-04 07:00:00,15.79,16.61,15.73,16.39,2559400,1242.2,712632600,1242.8,1212.56,0.002264678049948622
2021-05-05 07:00:00,16.52,16.73,16.49,16.64,3565600,1256.43,685433600,1265.93,1242.2,0.011390365000160831
2021-05-06 07:00:00,16.64,17.18,16.52,16.88,4692300,1250.57,672398700,1261.49,1246.64,-0.0046749187654212205
2021-05-07 07:00:00,16.88,16.94,16.3,16.42,2877300,1241.81,745215600,1250.5,1231.92,-0.007029454635031611
2021-05-10 07:00:00,16.27,16.61,16.06,16.33,2803400,1259.58,732066300,1259.58,1236.85,0.014208339319375284
2021-05-11 07:00:00,16.27,17.31,16.21,16.82,7519400,1256.04,709535700,1272.55,1256.04,-0.002814417389493224
2021-05-12 07:00:00,16.94,17.18,16.76,17.09,3816800,1269.09,664157900,1269.09,1249.18,0.010336193530565278
2021-05-13 07:00:00,17.06,17.31,16.94,17.03,4119800,1261.99,680368500,1273.49,1261.99,-0.0056102680458635186
2021-05-14 07:00:00,17.03,17.61,16.94,17.37,6557900,1266.36,679016500,1271.45,1259.97,0.003456803331504458
2021-05-17 07:00:00,17.37,17.55,16.88,17.0,3421000,1258.7,705839600,1277.83,1258.5,-0.006067201173539801
2021-05-18 07:00:00,16.94,17.0,16.39,16.46,4099800,1252.68,661244600,1262.22,1249.02,-0.004794186089251953
2021-05-19 07:00:00,16.15,16.36,15.97,16.09,5388000,1262.49,650916500,1262.71,1250.58,0.007800705117858562
2021-05-20 07:00:00,16.06,16.82,15.91,16.76,4162400,1278.22,706187900,1278.22,1255.78,0.01238252377130099
2021-05-21 07:00:00,16.88,17.31,16.7,17.09,5507700,1283.93,654126800,1289.03,1268.46,0.00445720153247006
2021-05-24 07:00:00,17.09,18.28,17.09,18.28,13356900,1297.98,670713100,1299.83,1287.36,0.01088352319499557
2021-05-25 07:00:00,18.4,18.58,17.94,17.94,6398800,1308.58,639370500,1308.58,1297.23,0.008133369984917645
2021-05-26 07:00:00,17.82,18.52,17.73,18.34,8263200,1316.7,676236800,1317.3,1304.68,0.006186026552547518
2021-05-27 07:00:00,18.34,19.43,18.34,18.82,8583300,1303.57,685085600,1319.67,1299.99,-0.010021951857930596
2021-05-28 07:00:00,19.25,19.37,18.91,19.1,5309000,1320.46,722285600,1323.09,1300.06,0.012873506217792338
2021-05-31 07:00:00,18.94,19.43,18.49,19.37,7717600,1328.05,700319900,1328.05,1307.56,0.005731540207862935
2021-06-01 07:00:00,19.49,20.34,19.49,19.73,5572300,1337.78,600477200,1346.34,1328.84,0.007299822724758502
2021-06-02 07:00:00,19.55,19.86,19.01,19.19,7367900,1340.78,755624100,1344.98,1330.82,0.0022400104940055398
2021-06-03 07:00:00,19.43,19.67,19.13,19.52,7911900,1364.28,856882400,1366.0,1345.21,0.0173752827802289
2021-06-04 07:00:00,19.55,20.04,19.55,19.83,7540200,1374.05,887731100,1374.05,1360.42,0.007135766293067602
2021-06-07 07:00:00,19.95,19.98,18.46,19.13,7216200,1358.78,840122900,1375.74,1347.21,-0.011175344913568792
2021-06-08 07:00:00,19.52,20.01,18.45,18.52,7883400,1319.88,874573200,1364.48,1318.11,-0.02904641495148869
2021-06-09 07:00:00,18.17,18.49,17.39,18.35,6433300,1332.9,769829300,1339.14,1312.08,0.009816196252946885
2021-06-10 07:00:00,18.1,18.24,17.39,17.53,7400000,1323.58,674214800,1336.71,1317.49,-0.0070168329819055185
2021-06-11 07:00:00,17.53,18.1,17.39,17.88,5915700,1351.74,705032900,1352.47,1322.08,0.021052464789039438
2021-06-14 07:00:00,17.96,18.38,17.74,18.1,4313300,1361.72,715610800,1368.53,1352.73,0.007355955128511874
2021-06-15 07:00:00,18.1,18.74,17.85,18.59,5490100,1367.36,706567000,1372.72,1356.59,0.00413326691004188
2021-06-16 07:00:00,18.74,19.27,18.59,18.67,7697300,1356.52,740320300,1370.14,1350.73,-0.007959276639339931
2021-06-17 07:00:00,18.1,18.88,18.1,18.67,4574800,1359.92,712336800,1365.55,1337.49,0.002503277654194252
2021-06-18 07:00:00,18.74,19.52,18.45,19.2,10892800,1377.77,750587000,1377.77,1363.52,0.013040375609170112
2021-06-21 07:00:00,19.16,19.41,18.98,19.09,5415900,1372.63,731280000,1381.74,1367.85,-0.0037376425129457087
2021-06-22 07:00:00,19.23,19.3,18.81,18.95,3702100,1379.97,694747200,1385.98,1375.0,0.005333152217778487
2021-06-23 07:00:00,18.88,18.91,18.2,18.24,7469200,1376.87,644736300,1388.33,1372.06,-0.00224895264621469
2021-06-24 07:00:00,18.17,18.38,17.88,18.03,4146700,1379.72,538103500,1384.71,1372.99,0.002067772875527583
2021-06-25 07:00:00,18.03,18.28,17.78,18.17,3732300,1390.12,518602200,1390.12,1372.8,0.007509494319858411
2021-06-28 07:00:00,18.13,18.81,18.03,18.74,6787100,1405.81,654617700,1406.02,1390.56,0.011223574770211627
2021-06-29 07:00:00,18.81,18.81,18.45,18.52,2988800,1410.04,609604200,1416.34,1406.87,0.003004423660253513
2021-06-30 07:00:00,18.52,18.52,18.2,18.2,2660800,1408.55,532318900,1419.61,1408.18,-0.0010572663202488106
2021-07-01 07:00:00,18.2,18.45,18.03,18.42,3660900,1417.08,699282500,1417.27,1402.18,0.0060376099572857864
2021-07-02 07:00:00,18.52,18.52,18.1,18.1,4055600,1420.27,653610300,1424.28,1415.82,0.0022485779647068308
2021-07-05 07:00:00,18.1,18.13,17.6,17.67,4773800,1411.13,743573700,1421.52,1394.12,-0.006456192518251778
2021-07-06 07:00:00,17.74,17.74,16.47,16.47,5408200,1354.79,773512600,1418.99,1354.79,-0.04074434109454123
2021-07-07 07:00:00,16.25,16.47,15.51,15.97,5843200,1388.55,733801300,1388.55,1334.58,0.02461357642822559
2021-07-08 07:00:00,16.32,17.03,16.22,16.47,4320900,1374.68,528832600,1385.75,1363.92,-0.010039060438579567
2021-07-09 07:00:00,16.54,16.68,15.61,16.68,3355000,1347.14,713991100,1373.51,1335.9,-0.02023715006358353
2021-07-12 07:00:00,16.39,16.39,15.54,16.18,5701400,1296.3,912737200,1340.65,1270.06,-0.03846977407316964
2021-07-13 07:00:00,15.97,16.22,15.61,16.18,2159900,1297.54,500178900,1307.73,1278.3,0.0009561114752351873
2021-07-14 07:00:00,16.11,16.68,15.76,16.15,3196900,1279.91,547973900,1305.37,1264.68,-0.013680401139609204
2021-07-15 07:00:00,15.86,16.54,15.86,16.29,1987800,1293.92,419138600,1299.18,1270.77,0.010886607405888865
2021-07-16 07:00:00,16.29,16.89,16.25,16.78,4053500,1299.31,415120500,1304.37,1296.06,0.004156983963496595
2021-07-19 07:00:00,16.08,16.68,15.61,15.61,5933700,1243.51,675617000,1276.55,1237.79,-0.04389532828243385
2021-07-20 07:00:00,15.68,15.97,14.98,15.83,3168200,1273.29,538794200,1273.29,1225.52,0.023666075911242125
2021-07-21 07:00:00,15.83,16.08,15.61,15.61,2280800,1270.79,395114300,1284.33,1266.71,-0.001965347634277566
2021-07-22 07:00:00,15.58,16.68,15.44,16.68,7460500,1293.67,493258000,1294.16,1266.54,0.017844386047438984
2021-07-23 07:00:00,16.82,17.39,16.64,16.68,7180600,1268.83,550861800,1295.63,1268.83,-0.019387924363520402
2021-07-26 07:00:00,16.54,17.74,16.47,17.49,6889400,1272.71,461081000,1277.33,1254.57,0.003053269288903338
2021-07-27 07:00:00,17.74,17.78,17.03,17.39,6942500,1276.93,519931600,1288.35,1276.53,0.003310274276786539
2021-07-28 07:00:00,17.32,18.1,17.25,17.71,7046200,1277.07,361912000,1281.17,1271.78,0.00010963194999216816
2021-07-29 07:00:00,17.78,17.88,17.53,17.85,5504400,1293.6,445516100,1293.6,1282.88,0.012860637757757254
2021-07-30 07:00:00,17.88,18.56,17.81,18.17,8428600,1310.05,618748500,1311.97,1296.95,0.012636275142854264
2021-08-02 07:00:00,17.92,18.52,17.88,17.96,5303900,1314.22,586763000,1322.35,1304.49,0.0031780293260254906
2021-08-03 07:00:00,17.99,18.42,17.85,18.35,7361000,1332.44,617967000,1332.44,1315.57,0.01376851415183663
2021-08-04 07:00:00,18.7,19.52,18.67,19.3,19655200,1334.74,626287700,1340.76,1328.4,0.0017246684289090458
2021-08-05 07:00:00,19.3,19.98,19.2,19.69,10349700,1345.55,590429600,1346.62,1326.8,0.008066335070714891
2021-08-06 07:00:00,19.73,21.04,19.45,20.62,17865900,1341.45,682081800,1351.85,1341.45,-0.003051732922937382
2021-08-09 07:00:00,20.79,21.93,20.76,21.86,14605800,1359.86,636278900,1361.12,1334.69,0.013630634794520714
2021-08-10 07:00:00,22.14,22.32,21.11,21.5,22463500,1362.43,677981600,1370.35,1358.12,0.0018881168159901901
2021-08-11 07:00:00,21.5,21.89,21.08,21.72,15671800,1357.79,770571200,1374.03,1357.79,-0.0034114920852970887
2021-08-12 07:00:00,22.0,23.21,22.0,23.1,18911600,1353.05,716513500,1365.01,1353.05,-0.003497074582537975
2021-08-13 07:00:00,22.71,24.56,21.93,24.13,15929400,1357.05,718718300,1357.41,1336.74,0.0029519227368846376
2021-08-16 07:00:00,24.84,24.84,24.06,24.06,13009500,1370.96,798944800,1372.33,1361.75,0.01019799821273346
2021-08-17 07:00:00,23.74,23.81,22.82,22.82,17656000,1363.09,732378200,1379.7,1359.11,-0.005757043021619465
2021-08-18 07:00:00,22.71,24.41,22.64,24.13,12154000,1360.94,641678400,1370.5,1355.83,-0.0015785438827381133
2021-08-19 07:00:00,24.49,25.05,24.49,24.7,7994000,1374.85,653254900,1374.85,1352.94,0.01016899679249847
2021-08-20 07:00:00,24.38,24.77,22.99,23.07,22874200,1329.43,1132838900,1369.39,1317.52,-0.03359435531648876
2021-08-23 07:00:00,22.89,23.78,22.43,23.03,13341300,1298.86,768105500,1327.04,1298.86,-0.02326332227351314
2021-08-24 07:00:00,23.42,23.56,21.65,21.72,13581300,1298.74,648543100,1307.56,1289.16,-9.23929781992953e-05
2021-08-25 07:00:00,21.86,23.21,21.72,23.21,9676500,1309.55,481772400,1310.16,1291.7,0.00828900305870887
2021-08-26 07:00:00,23.63,23.78,22.71,23.1,8716500,1301.12,497853400,1316.26,1295.77,-0.006458134731315275
2021-08-27 07:00:00,22.71,24.49,22.64,23.92,17419500,1313.2,658578200,1313.2,1285.16,0.009241474627510562
2021-08-30 07:00:00,23.99,24.41,23.63,23.92,11127900,1328.14,641161300,1329.62,1318.76,0.011312560539213073
2021-08-31 07:00:00,23.99,25.27,23.78,24.77,18841000,1331.47,712344100,1336.14,1325.69,0.0025041278534121978
2021-09-01 07:00:00,24.7,25.55,24.56,25.3,8905000,1334.65,679730000,1338.02,1328.26,0.0023854901564814355
2021-09-06 07:00:00,25.51,25.73,24.73,24.77,12458200,1346.39,889375400,1348.36,1339.8,0.008757851459160427
2021-09-07 07:00:00,24.49,24.63,23.42,23.63,18877300,1341.9,849578800,1353.66,1340.32,-0.0033404165287926487
2021-09-08 07:00:00,23.46,24.17,23.46,23.85,6705600,1333.61,596039700,1344.49,1328.35,-0.006196969198141664
2021-09-09 07:00:00,24.13,24.34,23.78,24.2,4133100,1343.98,593520900,1345.59,1332.67,0.007745810111220997
2021-09-10 07:00:00,24.34,24.34,23.85,23.92,6236900,1345.31,559050700,1350.43,1345.07,0.0009891087301349152
2021-09-13 07:00:00,23.95,24.13,22.96,23.1,13771600,1341.43,744228400,1350.69,1340.5,-0.002888260640971675
2021-09-14 07:00:00,22.92,23.39,22.07,22.53,11020500,1339.7,692214900,1349.13,1336.84,-0.0012905008262143558
2021-09-15 07:00:00,22.5,23.42,22.36,22.99,4802900,1345.83,645625800,1347.7,1334.97,0.00456521479660917
2021-09-16 07:00:00,23.31,23.56,23.03,23.49,5163400,1345.87,570520600,1353.12,1341.23,2.972099416933294e-05
2021-09-17 07:00:00,23.85,24.34,23.63,24.17,9864000,1352.64,813151300,1356.45,1347.13,0.005017594304706593
2021-09-20 07:00:00,23.74,24.06,22.71,22.71,11818300,1350.48,852479800,1365.92,1349.18,-0.0015981535852918698
2021-09-21 07:00:00,22.07,23.28,21.72,22.78,11863300,1339.84,816979400,1350.48,1324.82,-0.007909880962354851
2021-09-22 07:00:00,22.92,23.21,22.57,22.85,4831000,1350.68,727734800,1350.71,1336.63,0.008057965489273237
2021-09-23 07:00:00,23.07,23.53,22.57,22.57,5532200,1352.76,961252500,1361.09,1350.43,0.0015387805243884875
2021-09-24 07:00:00,22.57,22.82,22.43,22.43,4210900,1351.17,627564000,1356.97,1348.07,-0.0011760660840071783
2021-09-27 07:00:00,22.39,22.64,20.87,20.87,10003500,1324.99,720860100,1354.38,1324.99,-0.019565971538401807
2021-09-28 07:00:00,20.58,22.0,20.44,22.0,8840600,1339.31,584057900,1341.81,1316.41,0.010749643730193421
2021-09-29 07:00:00,21.86,22.5,21.58,22.0,6735500,1339.21,559164300,1340.9,1328.17,-7.466810032881046e-05
2021-09-30 07:00:00,22.21,22.71,21.97,22.0,3555400,1342.06,438294600,1348.89,1341.15,0.002125859069267943
2021-10-01 07:00:00,21.75,22.14,21.65,21.65,4461300,1334.89,601963900,1344.06,1332.97,-0.005356855485378745
2021-10-04 07:00:00,21.65,22.29,20.94,21.33,6076600,1339.54,700605800,1347.49,1334.4,0.0034773799917854945
2021-10-05 07:00:00,21.65,22.29,21.29,22.07,4583300,1354.63,576701100,1354.63,1343.48,0.011202082867187784
2021-10-06 07:00:00,22.64,23.6,22.36,23.6,12520700,1362.82,594012900,1362.82,1354.63,0.006027728052109377
2021-10-07 07:00:00,23.78,24.2,23.6,23.6,6183600,1365.99,658670400,1367.64,1360.57,0.0023233581128549456
2021-10-08 07:00:00,23.99,24.49,23.7,23.85,7017700,1372.73,603842600,1373.18,1365.93,0.004922017297915766
2021-10-11 07:00:00,24.13,24.41,23.78,23.85,7767400,1394.09,721458300,1394.64,1377.3,0.015440414889097849
2021-10-12 07:00:00,24.02,24.98,23.81,24.7,11015900,1394.8,707870000,1400.78,1389.43,0.000509163154759685
2021-10-13 07:00:00,24.98,25.34,24.77,25.12,7369900,1391.91,608348500,1400.67,1389.61,-0.0020741311697805445
2021-10-14 07:00:00,25.41,26.61,25.34,26.54,13356200,1391.85,690243000,1398.67,1388.89,-4.3107164417575826e-05
2021-10-15 07:00:00,26.76,27.11,26.05,26.54,9412500,1392.7,743666800,1399.03,1388.0,0.0006105115917483568
2021-10-18 07:00:00,26.65,27.25,26.65,27.08,8939900,1395.53,764032400,1402.63,1390.88,0.0020299623573445235
2021-10-19 07:00:00,27.0,27.08,26.47,26.51,8316400,1395.33,605953600,1399.66,1388.95,-0.0001433249968413676
2021-10-20 07:00:00,26.44,27.89,26.44,27.22,9870500,1393.8,804215000,1401.76,1376.15,-0.0010971164151310055
2021-10-21 07:00:00,27.61,28.39,27.36,28.32,7651500,1384.77,681412600,1398.45,1384.77,-0.0064997691552448325
2021-10-22 07:00:00,28.74,30.27,28.42,30.23,10895300,1389.24,746799700,1393.7,1384.77,0.0032227741564639233
2021-10-25 07:00:00,30.52,31.12,29.24,29.24,9600700,1385.4,868073700,1395.72,1385.4,-0.002767928417132625
2021-10-26 07:00:00,29.24,30.84,28.67,30.73,12336200,1391.63,703571700,1393.03,1377.56,0.004486815375855872
2021-10-27 07:00:00,31.48,32.86,31.23,32.79,8079900,1423.02,800311500,1423.02,1395.83,0.022305651840497473
2021-10-28 07:00:00,33.36,34.78,33.21,34.78,6773800,1438.01,826726500,1440.64,1420.42,0.01047883955487496
2021-10-29 07:00:00,35.41,36.76,35.13,36.12,10850400,1444.27,946189100,1447.62,1432.19,0.0043437902237612736
2021-11-01 07:00:00,36.12,38.61,35.34,38.61,11113000,1438.97,1092936400,1451.81,1435.57,-0.003676423724425009
2021-11-02 07:00:00,40.45,41.31,40.45,41.31,4217600,1452.46,972155400,1452.46,1438.83,0.009331090761465474
2021-11-03 07:00:00,44.14,44.14,38.47,38.47,22938300,1444.3,1455441700,1463.63,1444.3,-0.005633895513413733
2021-11-04 07:00:00,38.32,40.81,36.41,39.82,15810500,1448.34,890357900,1451.98,1435.84,0.0027932979056126536
2021-11-05 07:00:00,41.16,41.73,39.39,39.46,6322900,1456.51,844497200,1459.49,1444.51,0.005625090137302231
2021-11-08 07:00:00,39.46,40.45,38.75,39.46,7357400,1467.57,1006323900,1470.49,1456.51,0.007564808584956256
2021-11-09 07:00:00,39.11,41.52,38.82,41.16,8542000,1461.5,1003649300,1474.2,1457.57,-0.004144666183691619
2021-11-10 07:00:00,42.58,44.0,41.87,44.0,6260900,1465.02,955160600,1470.19,1457.98,0.0024055886838140585
2021-11-11 07:00:00,45.99,47.05,44.36,47.05,8510700,1462.35,1206136500,1472.89,1449.18,-0.001824163491724631
2021-11-12 07:00:00,47.62,50.32,47.2,50.32,6613800,1473.37,909366000,1474.57,1453.22,0.007507563228398791
2021-11-15 07:00:00,50.96,53.58,46.84,48.26,12342900,1476.57,1146225600,1481.96,1466.01,0.0021695365025526966
2021-11-16 07:00:00,46.98,49.54,46.34,47.55,9677300,1466.45,1157402400,1476.97,1459.08,-0.006877316421574369
2021-11-17 07:00:00,47.27,48.26,46.84,47.69,5045600,1475.85,828629100,1477.04,1464.78,0.006389580927116817
2021-11-18 07:00:00,48.97,51.03,48.33,51.03,5074000,1469.83,1052200900,1482.87,1469.83,-0.004087347153149768
2021-11-19 07:00:00,53.94,53.94,47.69,49.68,8220000,1452.35,1488280938,1481.53,1436.81,-0.011963813657157032
2021-11-22 07:00:00,49.68,50.67,46.2,46.2,10200200,1447.25,1209419000,1466.46,1442.85,-0.003517730210463336
2021-11-23 07:00:00,43.01,45.99,43.01,43.29,13201500,1463.63,839875300,1463.63,1438.41,0.011254447379531208
2021-11-24 07:00:00,44.78,45.78,43.29,44.78,4730800,1488.87,1073235900,1491.05,1467.29,0.017097791616498756
2021-11-25 07:00:00,45.49,47.91,45.49,47.91,2718000,1500.81,953098400,1505.36,1490.32,0.007987519387624206
2021-11-26 07:00:00,51.24,51.24,48.26,49.61,8802900,1493.03,971244600,1511.68,1488.83,-0.005197350234523864
2021-11-29 07:00:00,48.97,50.96,48.33,49.75,4815600,1484.84,983072000,1488.93,1467.35,-0.00550058978400178
2021-11-30 07:00:00,49.89,51.1,47.34,48.62,9366600,1478.44,956469900,1503.09,1471.57,-0.004319544525780893
2021-12-01 07:00:00,48.19,48.19,46.27,46.42,6227400,1485.19,837551800,1487.68,1471.3,0.004555232381876962
2021-12-02 07:00:00,47.55,49.33,46.63,48.47,4803100,1482.05,745629400,1493.84,1482.05,-0.0021164457017933446
2021-12-03 07:00:00,49.18,50.67,46.13,46.13,5574400,1443.32,925225200,1491.2,1443.32,-0.026480249068077378
2021-12-06 07:00:00,47.13,47.83,43.86,45.71,5764800,1413.58,951815100,1452.55,1400.87,-0.02082052177897949
2021-12-07 07:00:00,46.63,48.62,44.71,48.26,4209800,1446.77,691695900,1446.77,1421.6,0.023207991815382346
2021-12-08 07:00:00,48.47,50.74,47.27,48.47,6444100,1452.87,732009400,1460.28,1446.77,0.004207425058786779
2021-12-09 07:00:00,48.47,49.61,48.47,49.25,3314100,1467.98,631261500,1467.98,1446.88,0.010346395597794697
2021-12-10 07:00:00,49.68,50.39,48.4,48.62,4534600,1463.54,780120100,1475.85,1469.68,-0.00302914760603479
2021-12-13 07:00:00,48.62,51.95,48.26,51.95,9044700,1476.21,815155200,1481.7,1470.08,0.00861983396543439
2021-12-14 07:00:00,52.66,55.36,52.66,55.29,5154300,1476.02,914795700,1485.14,1469.21,-0.00012871625873484796
2021-12-15 07:00:00,58.2,58.2,56.42,57.84,5651900,1475.5,861484300,1481.67,1468.21,-0.0003523608211227592
2021-12-16 07:00:00,58.48,61.89,57.84,61.89,6229700,1476.61,889612700,1482.32,1468.95,0.0007520045339161933
2021-12-17 07:00:00,64.44,66.0,61.75,64.58,8913300,1479.79,1065320100,1487.73,1479.79,0.0021512658817517995
2021-12-20 07:00:00,64.58,64.66,60.33,61.75,7237000,1477.33,906869900,1483.85,1468.88,-0.001663781359886957
2021-12-21 07:00:00,61.39,66.0,60.33,66.0,6335000,1478.74,866421100,1486.09,1472.43,0.0009539693626551128
2021-12-22 07:00:00,69.55,70.26,67.49,68.35,4751700,1477.67,1031093800,1489.24,1471.84,-0.0007238509183229988
2021-12-23 07:00:00,68.42,68.49,63.59,63.59,10207800,1456.96,1213160700,1481.21,1447.14,-0.014114449736689674
2021-12-24 07:00:00,61.89,66.15,61.89,63.87,4147200,1477.03,855008900,1478.8,1456.32,0.013681241620800309
2021-12-27 07:00:00,64.58,68.35,63.52,68.35,4182600,1488.88,715824500,1490.12,1469.91,0.007990844668490668
2021-12-28 07:00:00,70.76,72.6,68.77,72.04,5198300,1494.39,933584700,1499.77,1483.97,0.0036939373676584085
2021-12-29 07:00:00,73.1,74.17,67.99,68.84,4962500,1485.82,793769800,1498.91,1485.82,-0.00575128841437707
2021-12-30 07:00:00,68.84,70.97,67.42,68.13,3465900,1485.97,724365200,1493.38,1484.82,0.00010094925962290744
2021-12-31 07:00:00,68.84,69.98,67.42,68.63,3207500,1498.28,846534300,1499.07,1489.71,0.008250025849804455
2022-01-04 07:00:00,70.97,73.38,69.62,73.38,3536300,1525.58,839676500,1526.69,1507.19,0.01805688210563608
2022-01-05 07:00:00,78.49,78.49,75.23,78.49,5196200,1522.5,987023800,1535.82,1522.5,-0.002020945020001246
2022-01-06 07:00:00,77.5,80.84,76.65,77.71,5140200,1528.57,1087239800,1536.24,1518.18,0.003978937230756187
2022-01-07 07:00:00,78.85,83.11,76.65,83.11,4244200,1528.48,951525400,1534.52,1524.96,-5.8880293109985866e-05
2022-01-10 07:00:00,82.26,88.86,79.49,79.49,6048800,1503.71,1210539300,1536.45,1503.71,-0.016338389752851356
2022-01-11 07:00:00,81.62,85.02,79.84,85.02,5806500,1492.31,1157618000,1512.05,1488.4,-0.007610132788407247
2022-01-12 07:00:00,84.46,88.71,79.13,79.13,13756100,1510.51,1104610300,1510.51,1464.49,0.012122087148768767
2022-01-13 07:00:00,79.49,82.33,73.6,73.6,6175500,1496.05,977115800,1522.6,1495.13,-0.009619040693410703
2022-01-14 07:00:00,68.49,75.23,68.49,68.56,12905300,1496.02,734088500,1503.25,1476.68,-2.0053006781900744e-05
2022-01-17 07:00:00,70.76,70.9,63.8,63.8,8371300,1452.84,926487900,1503.86,1452.84,-0.029287986921366537
2022-01-18 07:00:00,59.4,59.4,59.4,59.4,700800,1438.94,691087800,1452.14,1424.65,-0.009613530111527605
2022-01-19 07:00:00,55.29,55.29,55.29,55.29,680900,1442.79,557995700,1449.11,1434.46,0.002672007641680008
2022-01-20 07:00:00,51.45,59.12,51.45,59.12,13033500,1465.3,762449400,1469.08,1432.58,0.015481260606177894
2022-01-21 07:00:00,63.24,63.24,59.12,63.24,8261400,1472.89,784569900,1477.23,1463.06,0.005166457501292725
2022-01-24 07:00:00,64.02,64.58,58.84,58.84,6567200,1439.71,796675500,1467.99,1432.18,-0.022784752745580013
2022-01-25 07:00:00,54.72,61.11,54.72,59.62,7432700,1479.58,706092300,1479.58,1424.36,0.027316559300447196
2022-01-26 07:00:00,59.69,63.73,59.62,60.33,4680400,1481.58,767576600,1490.45,1478.41,0.0013508221805779135
2022-01-27 07:00:00,60.33,61.04,56.14,56.14,3013300,1470.76,419526600,1486.39,1464.06,-0.007329811907184457
2022-01-28 07:00:00,52.24,54.72,52.24,52.24,9074500,1478.96,663924300,1484.48,1465.22,0.005559864070657273
2022-02-07 07:00:00,52.87,54.65,48.62,48.62,5271400,1497.66,551698200,1505.69,1493.89,0.01256475197915702
2022-02-08 07:00:00,45.35,46.77,45.28,45.28,6680600,1500.99,697228100,1503.33,1491.78,0.0022210003627390036
2022-02-09 07:00:00,42.16,48.4,42.16,48.4,10218600,1505.38,754188100,1511.72,1499.53,0.002920467620579081
2022-02-10 07:00:00,51.74,51.74,50.53,51.74,4090600,1506.79,628938000,1512.88,1495.7,0.0009362022083651874
2022-02-11 07:00:00,50.39,53.16,48.97,48.97,4926000,1501.71,577407200,1508.54,1499.06,-0.0033771014313026125
2022-02-14 07:00:00,46.84,52.38,46.84,52.38,6599000,1471.96,751563900,1495.99,1471.96,-0.020009612777166987
2022-02-15 07:00:00,53.09,56.0,52.52,56.0,4811200,1492.75,572156100,1495.56,1470.06,0.014025210420541162
2022-02-16 07:00:00,58.55,59.9,58.2,59.9,3266800,1492.1,617187300,1499.5,1486.68,-0.00043553278072591515
2022-02-17 07:00:00,61.89,63.16,59.62,60.82,7571800,1507.99,588111300,1507.99,1492.49,0.010593114599803607
2022-02-18 07:00:00,60.33,65.01,59.62,64.94,5543100,1504.84,672537800,1507.29,1492.38,-0.002091058007114573
2022-02-21 07:00:00,66.71,69.27,65.51,67.42,4792200,1510.84,737693400,1516.63,1500.97,0.003979207287937289
2022-02-22 07:00:00,62.74,65.51,62.74,62.74,12212200,1503.47,875383700,1506.38,1484.81,-0.0048900177394596575
2022-02-23 07:00:00,63.87,66.71,62.74,66.0,6058000,1512.3,660165300,1520.78,1507.37,0.0058559009691523944
2022-02-24 07:00:00,65.29,66.71,61.39,62.03,10818300,1494.85,976540200,1513.25,1473.76,-0.01160580341390612
2022-02-25 07:00:00,64.09,65.22,62.53,62.53,4180300,1498.89,736050400,1512.05,1498.89,0.002698966812363049
2022-02-28 07:00:00,61.75,63.16,59.62,61.04,4523200,1490.13,693212400,1502.36,1487.57,-0.0058614696994127476
2022-03-01 07:00:00,61.11,65.29,61.04,65.29,7356500,1498.78,796368600,1501.73,1491.48,0.005788079366220902
2022-03-02 07:00:00,66.64,67.78,63.87,65.51,4674900,1485.52,914957200,1500.41,1479.55,-0.008886564529619879
2022-03-03 07:00:00,66.0,67.07,65.29,66.29,3361900,1505.0,902783400,1505.0,1487.69,0.013028018890635918
2022-03-04 07:00:00,66.71,69.98,65.86,68.27,5264200,1505.33,873323700,1509.19,1501.39,0.00021924506703381732
2022-03-07 07:00:00,68.77,69.2,66.0,66.78,4292900,1499.05,941752700,1505.32,1493.87,-0.004180569133316584
2022-03-08 07:00:00,64.02,66.29,62.17,62.17,9470200,1473.71,910692600,1499.05,1473.71,-0.01704854327891588
2022-03-09 07:00:00,63.02,63.16,58.41,62.53,6316400,1473.74,888352600,1482.86,1462.8,2.035657941670496e-05
2022-03-10 07:00:00,65.15,66.0,64.02,64.58,3015500,1479.08,629092200,1488.59,1476.76,0.0036168854325197134
2022-03-11 07:00:00,63.52,64.58,61.39,62.46,3944800,1466.54,855643700,1480.29,1458.88,-0.008514387977388268
2022-03-14 07:00:00,61.04,65.29,60.33,63.52,5620700,1446.25,815892100,1466.54,1439.19,-0.013931885364439272
2022-03-15 07:00:00,65.29,65.44,63.87,64.8,3092200,1452.74,641644500,1453.07,1437.27,0.004477428926820768
2022-03-16 07:00:00,65.86,65.86,64.16,64.16,2939600,1459.33,544662700,1462.98,1453.91,0.004525997829369945
2022-03-17 07:00:00,64.58,65.65,64.51,65.01,2982400,1461.34,683175800,1467.74,1459.14,0.0013763967290542209
2022-03-18 07:00:00,65.29,69.06,64.94,67.42,8715500,1469.1,745610800,1474.86,1465.57,0.005296145383250093
2022-03-21 07:00:00,68.13,72.11,68.06,72.11,5941800,1494.95,727377200,1494.95,1469.1,0.01744279307306166
2022-03-22 07:00:00,74.52,76.72,72.11,72.75,5213100,1503.78,905037000,1507.71,1498.48,0.005889176765132832
2022-03-23 07:00:00,72.75,75.94,71.68,75.37,4624200,1502.34,788727300,1513.9,1501.67,-0.0009580456602811503
2022-03-24 07:00:00,76.65,77.5,74.24,74.66,3746100,1498.26,753772900,1505.39,1495.18,-0.002719457784744908
2022-03-25 07:00:00,74.66,75.58,72.39,72.39,5003100,1498.5,724086800,1503.29,1494.55,0.00016017298716817905
2022-03-28 07:00:00,69.77,70.9,67.35,67.35,15773100,1483.18,988930700,1496.79,1473.8,-0.010276176394186435
2022-03-29 07:00:00,68.84,72.04,68.49,72.04,4454900,1497.76,687922600,1498.45,1485.22,0.009782227260903045
2022-03-30 07:00:00,71.68,73.1,67.0,67.42,8157400,1490.51,880911900,1503.89,1483.9,-0.004852315369814052
2022-03-31 07:00:00,67.71,68.98,64.58,65.65,4177200,1492.15,633286300,1498.41,1488.27,0.0010996896496908279
2022-04-01 07:00:00,65.65,69.34,64.58,69.13,4855800,1516.44,881661100,1516.87,1484.13,0.016147449655278288
2022-04-04 07:00:00,70.9,70.97,67.42,67.42,4270500,1524.7,734587100,1530.95,1522.82,0.005432186819271748
2022-04-05 07:00:00,65.37,68.84,65.37,66.36,6003300,1520.03,663110500,1527.57,1519.28,-0.003067597890203018
2022-04-06 07:00:00,65.29,66.0,61.75,61.75,13156200,1522.9,912695000,1523.75,1507.62,0.0018863403699867333
2022-04-07 07:00:00,60.68,61.75,57.63,58.91,8675400,1502.35,763664700,1524.92,1502.35,-0.013585863042638148
2022-04-08 07:00:00,58.98,60.33,58.2,59.33,4901100,1482.0,741103600,1507.73,1482.0,-0.013638021958974894
2022-04-12 07:00:00,60.26,60.96,55.22,55.22,6089800,1455.25,656188800,1490.58,1455.25,-0.018214819704187323
2022-04-13 07:00:00,56.07,56.42,51.53,56.42,9730800,1477.2,636344500,1477.2,1448.52,0.014970696826563212
2022-04-14 07:00:00,57.13,57.49,52.66,52.87,6108300,1472.12,498914000,1484.34,1471.75,-0.003444865273172693
2022-04-15 07:00:00,51.53,52.45,49.18,49.18,9914000,1458.56,639722900,1478.95,1456.39,-0.009253891087970787
2022-04-18 07:00:00,47.69,51.95,46.27,51.95,10012700,1432.6,790646000,1456.47,1425.07,-0.017958672436913976
2022-04-19 07:00:00,52.8,53.58,51.1,51.24,6611100,1406.45,666337000,1442.04,1406.45,-0.018422176118019756
2022-04-20 07:00:00,50.39,52.02,49.33,49.33,4799400,1384.72,652803300,1410.64,1384.72,-0.015570845944187717
2022-04-21 07:00:00,45.92,48.97,45.92,45.92,10454900,1370.21,741348500,1392.33,1356.58,-0.010533940371334732
2022-04-22 07:00:00,44.0,47.55,42.73,42.94,8698700,1379.23,799750600,1392.89,1352.43,0.006561359666193561
2022-04-25 07:00:00,44.0,44.57,39.96,39.96,7833700,1310.92,696873600,1382.13,1298.38,-0.05079619163174629
2022-04-26 07:00:00,37.19,42.73,37.19,42.73,10288800,1341.34,673169600,1341.34,1261.4,0.02293993349678462
2022-04-27 07:00:00,43.29,45.71,39.82,45.71,10375100,1353.77,485406800,1355.92,1314.81,0.009224178704575299
2022-04-28 07:00:00,45.78,46.63,43.65,43.86,6421200,1350.99,458334600,1358.07,1344.17,-0.002055635974311758
2022-04-29 07:00:00,43.29,46.84,43.29,46.13,7752100,1366.8,532838100,1369.31,1343.24,0.011634584232832609
2022-05-04 07:00:00,45.07,45.99,43.29,43.29,7016700,1348.68,498884800,1366.39,1348.68,-0.013345904922960653
2022-05-05 07:00:00,44.29,44.5,40.38,41.23,7119400,1360.68,510234300,1362.18,1331.41,0.0088582384535726
2022-05-06 07:00:00,39.74,40.81,38.4,38.4,7020300,1329.26,510678900,1350.09,1328.13,-0.023362178376290985
2022-05-09 07:00:00,37.26,37.54,35.77,35.77,8771200,1269.62,627609200,1314.52,1265.54,-0.045904753314267
2022-05-10 07:00:00,33.43,37.62,33.29,37.62,14106500,1293.56,600766800,1293.56,1232.57,0.018680464244135074
2022-05-11 07:00:00,39.03,40.24,35.84,40.24,11641300,1301.53,380880400,1305.17,1277.91,0.006142388170185644
2022-05-12 07:00:00,40.38,41.09,37.47,37.47,9288300,1238.84,516642600,1291.65,1238.05,-0.04936503760551491
2022-05-13 07:00:00,37.26,37.26,34.88,34.88,12420600,1182.77,736096200,1237.8,1180.6,-0.04631631277746721
2022-05-16 07:00:00,36.91,37.05,34.42,34.42,7130300,1171.95,551353400,1215.96,1170.59,-0.009190117001666385
2022-05-17 07:00:00,34.42,36.76,34.07,36.76,6108200,1228.37,542868100,1228.37,1156.54,0.04701905914520819
2022-05-18 07:00:00,37.83,39.32,37.47,39.32,9176500,1240.76,514538800,1249.84,1222.92,0.010036007820346209
2022-05-19 07:00:00,37.9,39.89,37.9,39.32,6854900,1241.64,459858400,1246.66,1210.43,0.0007089913284422383
2022-05-20 07:00:00,39.67,42.02,39.32,41.8,8215900,1240.71,465793600,1252.96,1232.33,-0.0007492900223669509
2022-05-23 07:00:00,42.02,42.16,38.89,38.89,9667200,1218.81,488979100,1246.58,1207.99,-0.017808823512999575
2022-05-24 07:00:00,37.97,41.16,36.55,41.16,8674200,1233.38,479498700,1233.38,1203.28,0.011883395216718025
2022-05-25 07:00:00,41.8,43.65,40.67,42.65,7680300,1268.43,616951500,1268.43,1234.17,0.02802154714312455
2022-05-26 07:00:00,42.58,43.51,41.59,41.87,5243400,1268.57,514352700,1278.11,1261.55,0.00011036657480653936
2022-05-27 07:00:00,41.87,44.0,41.52,42.73,6944200,1285.45,578174500,1286.99,1269.29,0.013218569773906575
2022-05-30 07:00:00,43.29,44.5,42.8,43.58,4998500,1293.92,499452600,1296.22,1281.27,0.006567518769463327
2022-05-31 07:00:00,43.29,44.5,42.37,42.87,7891700,1292.68,543596100,1297.64,1280.44,-0.0009587876710674896
2022-06-01 07:00:00,42.58,42.94,40.81,41.52,9351600,1299.52,505619500,1302.25,1286.01,0.00527738282148846
2022-06-02 07:00:00,41.52,42.44,39.39,39.53,8799600,1288.62,527933000,1302.66,1283.32,-0.008423087193674749
2022-06-03 07:00:00,39.25,41.45,38.68,40.6,6547600,1287.98,393832200,1292.78,1276.37,-0.000496778710829766
2022-06-06 07:00:00,41.09,41.09,37.76,37.76,6583300,1290.01,541562900,1302.14,1281.95,0.001574870670227644
2022-06-07 07:00:00,37.62,37.62,35.34,37.54,8167800,1291.35,625987600,1291.35,1260.92,0.0010382125084169905
2022-06-08 07:00:00,37.97,40.17,37.83,39.03,5147800,1307.91,543305900,1316.78,1294.27,0.012742260538287743
2022-06-09 07:00:00,39.18,40.1,38.68,38.68,3018900,1307.8,436340700,1312.44,1300.85,-8.410718318539525e-05
2022-06-10 07:00:00,37.97,38.61,36.91,36.91,5341900,1284.08,561068400,1309.59,1284.08,-0.018303827522213285
2022-06-13 07:00:00,35.41,36.12,34.35,34.35,8268800,1227.04,709415500,1261.54,1226.01,-0.04543774358841319
2022-06-14 07:00:00,33.36,35.13,32.01,32.01,6744800,1230.31,519177100,1239.36,1211.13,0.0026614051153790834
2022-06-15 07:00:00,32.01,32.97,29.77,29.77,11625500,1213.93,626914600,1235.56,1195.19,-0.013403139800951928
2022-06-16 07:00:00,30.52,31.19,27.71,27.71,9400600,1236.63,522295400,1246.32,1223.0,0.018526907567149725
2022-06-17 07:00:00,26.26,26.97,25.8,25.8,13824800,1217.3,684022500,1220.41,1191.92,-0.015754646482575328
2022-06-20 07:00:00,25.55,26.58,24.02,24.02,9576900,1180.4,620002900,1221.6,1180.4,-0.030781927346766217
2022-06-21 07:00:00,22.71,23.99,22.36,22.36,9522800,1172.47,607711900,1189.97,1162.94,-0.006740729429630908
2022-06-22 07:00:00,23.07,23.92,22.29,23.92,9381300,1169.27,529135300,1185.86,1162.98,-0.002733012197620607
2022-06-23 07:00:00,25.41,25.59,24.56,25.59,7562800,1188.88,380442900,1188.88,1162.06,0.01663206500878098
2022-06-24 07:00:00,25.94,27.29,24.88,24.88,11785600,1185.48,410876800,1196.85,1185.48,-0.002863931605931165
2022-06-27 07:00:00,24.8,26.22,24.13,25.62,7919600,1202.82,429735700,1203.51,1185.48,0.014521044000056932
2022-06-28 07:00:00,25.98,27.4,25.55,27.4,7692800,1218.1,534186600,1221.74,1198.99,0.012623467861473297
2022-06-29 07:00:00,26.97,28.03,26.51,26.97,7551500,1218.09,519299900,1219.58,1207.38,-8.209540306808992e-06
2022-06-30 07:00:00,26.9,27.08,25.09,25.12,11006100,1197.6,471576000,1220.51,1197.6,-0.016964504060187763
2022-07-01 07:00:00,24.49,26.83,23.42,25.9,10675100,1198.9,498479000,1202.41,1170.95,0.001084915608189449
2022-07-04 07:00:00,26.47,26.97,25.83,25.98,4006100,1195.53,403314600,1208.96,1192.63,-0.0028148680271945464
2022-07-05 07:00:00,25.94,26.26,24.45,24.77,5039800,1181.29,559493000,1200.99,1181.29,-0.011982540017917839
2022-07-06 07:00:00,24.17,26.22,24.17,24.77,7774500,1149.61,511773800,1175.26,1147.63,-0.027184307263712893
2022-07-07 07:00:00,25.19,25.87,25.09,25.51,4664100,1166.48,362816600,1166.48,1142.8,0.014567912603247133
2022-07-08 07:00:00,26.26,27.29,26.01,27.29,17592700,1171.31,437189300,1177.18,1164.23,0.004132113553765687
2022-07-11 07:00:00,27.54,28.85,26.97,28.46,11810400,1155.29,488732000,1165.6,1144.55,-0.013771385870692503
2022-07-12 07:00:00,28.92,30.45,28.92,30.45,7827700,1174.82,475429100,1174.82,1153.55,0.016763549662779775
2022-07-13 07:00:00,30.52,30.84,28.99,29.52,12115800,1173.92,522379700,1182.21,1170.92,-0.0007663683881987094
2022-07-14 07:00:00,29.13,30.66,29.13,30.09,7828700,1182.17,490512400,1182.17,1170.04,0.007003156685748266
2022-07-15 07:00:00,30.84,31.48,29.77,29.77,8695400,1179.25,543854200,1189.66,1178.12,-0.002473089487061454
2022-07-18 07:00:00,29.81,30.2,27.75,28.14,16873900,1176.49,480514500,1184.93,1174.7,-0.0023432138205826303
2022-07-19 07:00:00,27.79,29.7,27.32,28.92,9137100,1178.33,479006800,1180.46,1168.99,0.0015627524604597428
2022-07-20 07:00:00,29.67,30.45,29.1,29.81,10392600,1194.14,601098600,1198.63,1185.82,0.013328079206034973
2022-07-21 07:00:00,31.84,31.88,31.24,31.5,12848600,1198.47,500949000,1201.91,1194.89,0.003619482261756551
2022-07-22 07:00:00,31.15,31.63,30.8,30.89,6017800,1194.76,448428100,1202.69,1194.76,-0.0031004148969271863
2022-07-25 07:00:00,30.28,31.02,29.72,30.46,6768300,1188.5,410066000,1198.16,1184.32,-0.005253320574863907
2022-07-26 07:00:00,30.72,31.15,30.37,30.37,4550600,1185.07,388328300,1194.15,1184.44,-0.0028901632457252213
2022-07-27 07:00:00,30.24,31.58,29.85,31.58,5391000,1191.04,387799200,1191.04,1178.58,0.005025030459307807
2022-07-28 07:00:00,32.58,33.79,32.32,33.7,14804200,1208.12,620546700,1214.03,1191.19,0.014238557295605971
2022-07-29 07:00:00,33.75,33.83,33.14,33.14,6789200,1206.33,537058300,1217.84,1206.33,-0.0014827396118746333
2022-08-01 07:00:00,33.27,34.7,33.27,34.22,6472200,1231.35,681871300,1231.35,1206.46,0.02052843576482227
2022-08-02 07:00:00,34.57,35.0,33.57,34.26,7561800,1241.62,734388200,1241.91,1224.11,0.008305850084255788
2022-08-03 07:00:00,33.31,34.26,33.31,34.18,8645000,1249.76,702358600,1250.2,1232.41,0.006534554315346625
2022-08-04 07:00:00,34.74,35.39,34.18,34.31,6926300,1254.15,655935800,1257.38,1247.38,0.003506519402189432
2022-08-05 07:00:00,34.18,35.74,34.0,35.52,8401900,1252.74,604391400,1253.75,1245.05,-0.0011248998948375191
2022-08-08 07:00:00,36.25,36.25,35.0,35.26,7035900,1256.75,634015600,1258.84,1252.04,0.00319587120334541
2022-08-09 07:00:00,35.39,35.95,34.91,35.43,5416600,1258.85,655262300,1263.14,1252.84,0.0016695821973392077
2022-08-10 07:00:00,35.35,37.03,35.17,36.43,9908200,1256.5,584384800,1260.36,1253.89,-0.0018685277863769749
2022-08-11 07:00:00,36.86,36.95,34.18,34.61,12624900,1252.07,765336500,1268.03,1245.85,-0.0035318963434082095
2022-08-12 07:00:00,34.61,35.43,34.26,35.09,6583700,1262.33,508817800,1262.33,1248.65,0.008161037977338002
2022-08-15 07:00:00,35.48,35.61,34.83,35.22,5604000,1274.2,585580500,1274.24,1268.02,0.009359311064811427
2022-08-16 07:00:00,35.22,35.91,35.04,35.69,6431900,1274.69,572322300,1275.93,1271.11,0.0003844810925824173
2022-08-17 07:00:00,35.78,37.03,35.56,35.65,11277600,1275.28,644581600,1280.61,1271.97,0.00046275055042091425
2022-08-18 07:00:00,35.48,35.78,35.04,35.3,6327400,1273.66,558424300,1283.15,1268.64,-0.0012711167921759861
2022-08-19 07:00:00,35.3,35.91,34.78,35.22,6441900,1269.18,568209800,1280.0,1263.45,-0.003523622906101206
2022-08-22 07:00:00,34.7,35.0,32.88,33.01,14506300,1260.43,566785900,1270.57,1255.83,-0.006918090059627331
2022-08-23 07:00:00,32.49,34.61,32.49,34.61,7628500,1270.81,520796300,1270.81,1253.45,0.008201559855774084
2022-08-24 07:00:00,34.78,35.0,34.13,34.26,5231700,1277.16,519810800,1280.36,1272.33,0.004984370417692645
2022-08-25 07:00:00,34.26,35.13,34.09,34.61,6039400,1288.88,562124700,1289.18,1279.45,0.009134761341778054
2022-08-26 07:00:00,34.78,35.48,34.35,34.7,9010000,1282.57,614354500,1295.12,1280.05,-0.0049077467306034624
2022-08-29 07:00:00,33.75,34.44,32.88,34.44,9304600,1270.8,793997300,1271.56,1249.17,-0.009219254056766664
2022-08-30 07:00:00,34.61,34.78,32.88,32.88,7561700,1279.39,473770000,1287.65,1271.01,0.006736778426303008
2022-08-31 07:00:00,32.19,33.36,32.01,32.88,9204300,1280.51,462420100,1285.29,1274.99,0.0008750342368560145
2022-09-05 07:00:00,32.88,33.4,32.62,32.62,5268200,1277.35,466166300,1285.7,1275.35,-0.0024708167043018996
2022-09-06 07:00:00,32.71,33.62,32.58,33.31,6322700,1277.4,537987600,1286.92,1277.4,3.9142773270620406e-05
2022-09-07 07:00:00,33.18,33.57,31.58,31.58,7796900,1243.17,796593600,1275.07,1243.17,-0.027162193079400977
2022-09-08 07:00:00,32.19,32.27,30.28,30.28,8796700,1234.6,557779800,1251.36,1234.6,-0.0069175380882924966
2022-09-09 07:00:00,30.63,32.01,28.55,32.01,12071300,1248.78,542039800,1248.78,1228.54,0.011420043738419698
2022-09-12 07:00:00,32.01,32.01,31.15,31.15,4526900,1249.62,390724400,1257.8,1248.97,0.0006724303807647321
2022-09-13 07:00:00,31.15,31.15,30.28,30.8,5019300,1248.4,410707400,1252.35,1243.87,-0.0009767736823553257
2022-09-14 07:00:00,29.85,31.32,29.85,30.8,8125100,1240.77,574337900,1242.17,1228.51,-0.006130576776296617
2022-09-15 07:00:00,30.93,31.32,30.67,30.67,3726300,1245.66,385727500,1250.93,1243.45,0.003933355296185023
2022-09-16 07:00:00,30.46,30.54,29.12,29.16,8242600,1234.03,594453000,1246.17,1230.37,-0.009380273563547526
2022-09-19 07:00:00,29.25,29.42,27.26,28.55,11066200,1205.43,641804000,1233.46,1202.07,-0.023448886609740694
2022-09-20 07:00:00,28.55,28.99,27.77,28.6,5185300,1218.93,412723400,1218.93,1199.71,0.011137074971089553
2022-09-21 07:00:00,28.21,29.16,28.03,28.47,3782600,1210.55,325527500,1217.28,1204.68,-0.0068986229434729865
2022-09-22 07:00:00,28.12,28.94,28.12,28.68,4581400,1214.7,435982100,1214.7,1196.64,0.003422330935383977
2022-09-23 07:00:00,28.55,28.9,27.82,27.82,4695100,1203.28,443208000,1216.59,1201.45,-0.00944597135926737
2022-09-26 07:00:00,26.82,27.6,25.87,27.6,18104400,1174.35,701894100,1190.27,1159.12,-0.02433635832492504
2022-09-27 07:00:00,27.26,27.6,25.96,26.74,4925200,1166.54,415135800,1180.75,1166.44,-0.006672700535513118
2022-09-28 07:00:00,25.96,27.13,25.61,26.65,7593900,1143.62,496730000,1162.6,1142.79,-0.019843432558898477
2022-09-29 07:00:00,27.0,27.26,25.87,25.96,5295800,1126.07,415993300,1159.49,1126.07,-0.015464975197571356
2022-09-30 07:00:00,25.53,25.7,24.14,25.7,13026800,1132.11,612447100,1135.47,1099.44,0.005349453456950302
2022-10-03 07:00:00,24.7,25.35,23.92,23.92,6420800,1086.44,501911900,1126.46,1079.86,-0.041176852209113934
2022-10-04 07:00:00,23.79,24.23,22.32,23.32,13431400,1078.14,513862500,1100.42,1069.74,-0.007668961811468859
2022-10-05 07:00:00,23.71,24.83,23.45,24.66,9020000,1104.26,396842100,1110.21,1092.08,0.02393809318952159
2022-10-06 07:00:00,24.66,24.7,23.1,23.62,8611500,1074.52,499954800,1106.97,1072.57,-0.027301377138083935
2022-10-07 07:00:00,22.32,23.06,21.98,23.06,16525700,1035.91,788668100,1062.23,1022.38,-0.03659378275894115
2022-10-10 07:00:00,21.54,22.97,21.5,22.93,9234100,1042.48,541876100,1051.02,1012.94,0.006322222377736505
2022-10-11 07:00:00,22.32,22.76,21.33,21.33,8799700,1006.2,580908400,1036.48,998.64,-0.035421630779432306
2022-10-12 07:00:00,19.9,22.06,19.86,21.37,12537500,1034.81,532825500,1039.44,1002.89,0.02803697591109357
2022-10-13 07:00:00,21.63,22.45,21.46,21.89,5794700,1050.99,402643700,1050.99,1025.04,0.015514742115514745
2022-10-14 07:00:00,22.37,22.76,22.06,22.11,6051100,1061.85,506303900,1068.12,1055.29,0.01028009280448136
2022-10-17 07:00:00,21.63,21.8,20.59,21.2,8402200,1051.58,435723100,1054.05,1033.59,-0.00971887485170393
2022-10-18 07:00:00,21.63,22.67,21.37,22.67,11719300,1063.66,466433900,1071.74,1057.71,0.011421995926185296
2022-10-19 07:00:00,22.93,23.1,22.58,22.58,5436800,1060.07,345418600,1065.99,1052.29,-0.0033808473012228116
2022-10-20 07:00:00,22.41,22.71,21.85,21.89,5160700,1058.45,352502000,1065.28,1048.21,-0.0015293698579774198
2022-10-21 07:00:00,21.89,21.89,20.38,20.38,10090200,1019.82,642204900,1059.09,1013.69,-0.03717943268627399
2022-10-24 07:00:00,20.16,20.33,18.99,18.99,4999500,986.15,547149700,1023.51,977.41,-0.033572947267802744
2022-10-25 07:00:00,17.69,19.47,17.69,17.69,14021100,997.7,670274300,1011.39,962.45,0.011644157069949188
2022-10-26 07:00:00,16.96,17.65,16.48,16.48,7705800,993.36,352376800,1004.55,984.71,-0.004359493810874788
2022-10-27 07:00:00,15.36,17.43,15.36,17.13,27040700,1028.01,572328800,1028.01,990.48,0.034287037485669906
2022-10-28 07:00:00,17.65,18.17,16.44,16.44,10866100,1027.36,515678600,1044.57,1026.53,-0.000632489548518375
2022-10-31 07:00:00,16.01,16.18,15.32,15.32,19026400,1027.94,581502900,1030.32,1005.0,0.0005643945072703197
2022-11-01 07:00:00,15.57,16.35,15.49,16.35,17193100,1033.75,575844000,1043.53,1027.39,0.005636167784892596
2022-11-02 07:00:00,16.44,17.0,16.09,16.09,10306100,1023.19,488346900,1034.73,1018.64,-0.010267769381386392
2022-11-03 07:00:00,15.19,16.27,15.19,15.4,12256200,1019.81,404442900,1023.95,1010.65,-0.0033088625392532125
2022-11-04 07:00:00,15.32,15.36,14.36,14.36,13199900,997.15,694725300,1009.96,974.61,-0.022470404418030936
2022-11-07 07:00:00,13.37,13.37,13.37,13.37,2477300,975.19,534028100,996.18,969.61,-0.022268886191553337
2022-11-08 07:00:00,12.46,12.46,12.46,12.46,1242400,981.65,542477500,981.86,956.97,0.006602505537080759
2022-11-09 07:00:00,11.59,13.11,11.59,11.59,57331500,985.59,466326400,994.79,977.93,0.004005617279129104
2022-11-10 07:00:00,10.82,11.29,10.82,10.82,13218900,947.24,637622500,976.31,935.78,-0.03968795365606615
2022-11-11 07:00:00,10.38,11.03,10.08,10.08,19507200,954.53,646268900,966.7,949.49,0.007666579772165383
2022-11-14 07:00:00,9.39,9.56,9.39,9.39,20547800,941.04,599309300,945.29,923.53,-0.014233426087800673
2022-11-15 07:00:00,8.74,8.74,8.74,8.74,1082300,911.9,589099000,929.06,900.17,-0.03145531171256605
2022-11-16 07:00:00,8.13,9.34,8.13,9.34,51935000,942.9,934066100,945.42,873.78,0.03342989753201175
2022-11-17 07:00:00,9.47,9.99,9.47,9.65,16815800,969.26,589567300,972.88,950.9,0.02757266128179439
2022-11-18 07:00:00,9.69,10.3,9.09,10.3,29358100,969.33,833798300,971.77,939.73,7.221743641557603e-05
2022-11-21 07:00:00,10.99,10.99,10.77,10.99,29409600,960.65,522726700,973.19,956.77,-0.008994972512131267
2022-11-22 07:00:00,11.55,11.72,10.56,11.25,36518100,952.12,978732600,985.28,948.52,-0.008919061409863668
2022-11-23 07:00:00,10.99,11.33,10.47,10.47,18978100,946.0,488928200,958.61,942.02,-0.006448508215968447
2022-11-24 07:00:00,9.86,10.77,9.78,10.51,28696900,947.71,482211800,950.03,934.31,0.001805979231004184
2022-11-25 07:00:00,10.9,11.25,10.64,11.25,20627600,971.46,554366400,971.46,955.53,0.02475154624383381
2022-11-28 07:00:00,12.03,12.03,11.94,12.03,6090400,1005.69,872397100,1006.22,979.48,0.034629057551224966
2022-11-29 07:00:00,12.85,12.85,11.77,12.81,45771000,1032.16,1101690200,1032.16,998.56,0.0259798207059905
2022-11-30 07:00:00,12.81,13.67,12.37,13.67,21464600,1048.42,956511200,1048.42,1021.54,0.01563057517164887
2022-12-01 07:00:00,14.62,14.62,13.24,14.62,30680400,1036.28,1263330500,1066.28,1035.62,-0.011646891382312074
2022-12-02 07:00:00,15.57,15.62,14.15,15.62,37004600,1080.01,1014241900,1080.01,1030.81,0.041332922761389425
2022-12-05 07:00:00,16.57,16.7,15.88,16.7,18009300,1093.67,1112166800,1099.45,1082.59,0.012568712804954318
2022-12-06 07:00:00,16.7,17.65,15.53,15.53,44242600,1048.69,1356936200,1090.64,1048.69,-0.041997246960240917
2022-12-07 07:00:00,14.71,15.49,14.45,14.45,26931500,1041.02,827948300,1059.79,1034.92,-0.007340764453086847
2022-12-08 07:00:00,14.88,15.44,14.84,15.44,17111000,1050.53,873712400,1078.09,1045.98,0.009093796980608443
2022-12-09 07:00:00,16.18,16.48,15.23,16.48,22983000,1051.81,725636400,1061.21,1041.39,0.001217690914088294
2022-12-12 07:00:00,16.61,17.13,15.36,15.36,20850800,1032.07,808782100,1065.16,1032.07,-0.018945995422422594
2022-12-13 07:00:00,14.93,15.96,14.32,15.96,28579700,1047.45,735828900,1047.45,1026.3,0.014792144761595362
2022-12-14 07:00:00,16.44,16.44,15.4,15.4,13165300,1050.43,667860400,1062.18,1046.43,0.002840965168950333
2022-12-15 07:00:00,15.1,15.96,14.75,15.75,13989900,1055.32,665769400,1062.61,1049.06,0.004644434325143632
2022-12-16 07:00:00,15.36,16.44,15.19,16.44,22309500,1052.48,790237300,1064.79,1047.16,-0.0026947544535557227
2022-12-19 07:00:00,16.7,17.05,15.57,15.57,19117600,1038.4,852324700,1065.59,1038.4,-0.01346821705086648
2022-12-20 07:00:00,15.4,15.53,14.49,14.49,27131000,1023.13,954038800,1038.74,1010.08,-0.014814510847974202
2022-12-21 07:00:00,14.88,14.88,13.5,13.5,18035800,1018.88,703570400,1033.84,1005.43,-0.004162571325942675
2022-12-22 07:00:00,13.97,14.1,13.11,13.93,12998900,1022.61,531712600,1033.18,1016.54,0.0036541978168953783
2022-12-23 07:00:00,13.84,14.28,13.58,13.71,6582800,1020.34,423823400,1027.34,1013.2,-0.002222277524366957
2022-12-26 07:00:00,13.8,13.8,12.76,12.76,9105800,985.21,566850100,1021.89,985.21,-0.03503636765026257
2022-12-27 07:00:00,12.11,13.63,12.03,13.63,13935600,1004.57,507205800,1007.88,984.39,0.019460051819979257
2022-12-28 07:00:00,13.97,14.1,13.41,13.58,9488200,1015.66,392271900,1020.52,998.97,0.010979058224624819
2022-12-29 07:00:00,13.58,13.93,12.81,12.81,8422300,1009.29,371300500,1021.96,1009.29,-0.0062915341239784955
2022-12-30 07:00:00,12.98,13.07,12.37,12.37,6044400,1007.09,344378600,1017.99,1007.09,-0.002182129234545081
2023-01-03 07:00:00,12.46,13.24,12.46,13.24,6305000,1043.9,518145400,1043.9,1011.38,0.03589871530999789
2023-01-04 07:00:00,13.58,13.97,13.5,13.58,11586000,1046.35,566957000,1052.6,1041.56,0.0023442182724255915
2023-01-05 07:00:00,13.63,13.93,13.2,13.71,8350100,1055.82,496500700,1058.14,1046.64,0.009009798505046535
2023-01-06 07:00:00,13.67,13.97,13.07,13.07,9497200,1051.44,614634000,1065.58,1047.26,-0.004157063017972281
2023-01-09 07:00:00,13.32,13.41,12.81,12.81,6428600,1054.21,386345500,1062.12,1050.95,0.002631018068422908
2023-01-10 07:00:00,12.89,13.24,12.5,13.07,5990500,1053.35,423409900,1057.44,1045.75,-0.0008161096696963657
2023-01-11 07:00:00,13.24,13.84,13.2,13.41,7319300,1055.76,508219700,1065.69,1054.53,0.002285325136094723
2023-01-12 07:00:00,13.58,13.58,13.15,13.15,4787500,1056.39,384586100,1060.97,1050.27,0.000596548558277754
2023-01-13 07:00:00,13.28,13.5,13.11,13.2,5968300,1060.17,475699700,1066.39,1055.23,0.003571837338677847
2023-01-16 07:00:00,13.2,13.24,12.89,12.89,5251200,1066.68,408111100,1067.74,1057.87,0.006121748436054156
2023-01-17 07:00:00,12.89,13.41,12.89,13.41,7543300,1088.29,592759400,1088.29,1067.6,0.020056635975378816
2023-01-18 07:00:00,13.67,14.32,13.5,14.32,13970400,1098.28,553782600,1100.39,1089.56,0.00913766265068557
2023-01-19 07:00:00,14.36,14.62,14.1,14.28,9266900,1108.08,578271400,1111.72,1094.46,0.008883468199194876
2023-01-27 07:00:00,14.54,14.67,13.97,13.97,9192900,1117.1,571615000,1124.3,1111.41,0.008107253709959392
2023-01-30 07:00:00,13.93,14.93,13.76,14.71,17889700,1102.57,751461500,1118.46,1102.57,-0.013092223207845245
2023-01-31 07:00:00,14.8,15.14,14.58,15.14,13722400,1111.18,653586100,1111.18,1088.25,0.007778695349085448
2023-02-01 07:00:00,15.36,15.49,14.1,14.1,19788500,1075.97,974095400,1116.96,1075.97,-0.03219993342588876
2023-02-02 07:00:00,14.15,14.28,13.24,13.5,13078700,1077.59,592697500,1083.36,1070.81,0.0015044858797242163
2023-02-03 07:00:00,13.76,13.89,13.24,13.54,9380200,1077.15,506090100,1081.89,1070.46,-0.0004084019474419579
2023-02-06 07:00:00,13.41,13.84,13.2,13.76,5357800,1089.29,415388100,1089.29,1067.24,0.011207443614352311
2023-02-07 07:00:00,13.71,13.84,12.98,12.98,9213900,1065.84,594951800,1092.12,1065.18,-0.02176288718683224
2023-02-08 07:00:00,13.07,13.24,12.37,12.94,8538700,1072.22,480268400,1079.51,1063.5,0.0059680448038480225
2023-02-09 07:00:00,12.94,13.24,12.81,12.81,4938500,1064.03,383279200,1075.2,1064.03,-0.007667679462978293
2023-02-10 07:00:00,12.85,12.85,12.2,12.29,7574400,1055.3,405865100,1066.28,1054.08,-0.008238499315781725
2023-02-13 07:00:00,12.11,12.11,11.46,11.46,15149100,1043.7,603924900,1054.05,1031.7,-0.011052994851038405
2023-02-14 07:00:00,11.46,11.68,11.33,11.46,4773100,1038.64,338496800,1046.64,1032.76,-0.004859926774007952
2023-02-15 07:00:00,11.46,12.24,11.42,12.11,6964400,1048.2,494079200,1051.89,1034.39,0.009162242316067855
2023-02-16 07:00:00,12.33,12.42,12.03,12.29,4815300,1058.29,410294000,1058.29,1047.45,0.00957999057046206
2023-02-17 07:00:00,12.37,12.85,12.29,12.29,7747100,1059.31,429221700,1062.25,1053.26,0.0009633548157200339
2023-02-20 07:00:00,12.46,13.11,12.46,13.11,12463900,1086.69,632141800,1088.01,1059.56,0.02551862610050503
2023-02-21 07:00:00,13.41,13.67,13.24,13.24,10776500,1082.23,654784700,1095.1,1081.8,-0.004112651721900918
2023-02-22 07:00:00,12.94,13.15,12.37,12.37,11554000,1054.28,766700800,1079.72,1054.28,-0.026165657662536517
2023-02-23 07:00:00,12.37,12.55,11.59,12.33,10161100,1053.66,635726600,1054.48,1030.58,-0.0005882520544974433
2023-02-24 07:00:00,12.37,12.5,11.9,11.94,4404800,1039.56,397316800,1052.49,1034.66,-0.013472270725769167
2023-02-27 07:00:00,11.9,11.9,11.42,11.42,6986400,1021.25,513919000,1031.59,1017.55,-0.0177701795158365
2023-02-28 07:00:00,11.59,11.81,11.51,11.68,4492300,1024.68,361724100,1034.36,1018.72,0.003353001533302572
2023-03-01 07:00:00,10.9,11.25,10.9,10.9,34561000,1040.55,468712200,1040.55,1013.37,0.01536905079190489
2023-03-02 07:00:00,10.9,11.33,10.82,10.9,6189000,1037.61,323479600,1043.8,1033.07,-0.0028294279183384004
2023-03-03 07:00:00,10.73,10.99,10.17,10.17,22838300,1024.77,384762000,1041.82,1022.78,-0.012451794431732966
2023-03-06 07:00:00,10.56,10.86,10.47,10.86,12765400,1027.18,390065700,1042.43,1026.73,0.0023489861918128785
2023-03-07 07:00:00,10.95,10.95,10.25,10.34,10806300,1037.84,424641600,1043.92,1033.32,0.010324446921595315
2023-03-08 07:00:00,10.12,10.73,10.12,10.56,8567400,1049.18,480649600,1049.18,1027.8,0.010867276405691888
2023-03-09 07:00:00,10.73,10.82,10.43,10.47,6709300,1055.95,557648200,1060.56,1049.45,0.006431928991934555
2023-03-10 07:00:00,10.3,10.43,10.17,10.21,9150400,1053.0,456782100,1053.86,1046.31,-0.002797602526407907
2023-03-13 07:00:00,9.95,10.34,9.95,10.04,6801800,1052.8,524575300,1055.58,1045.46,-0.00018995156292279532
2023-03-14 07:00:00,10.04,10.12,9.39,9.52,11710100,1040.13,559130000,1051.56,1034.72,-0.012107576247483298
2023-03-15 07:00:00,9.95,10.17,9.78,10.17,9494000,1062.19,549186800,1062.55,1043.82,0.02098710919751753
2023-03-16 07:00:00,10.12,10.56,9.95,10.38,12886200,1047.4,464145200,1058.73,1043.65,-0.014021911675699595
2023-03-17 07:00:00,10.69,10.9,10.47,10.77,17506700,1045.14,491829800,1055.42,1043.54,-0.0021600551279619567
2023-03-20 07:00:00,10.64,10.82,10.12,10.12,10261400,1023.1,476089300,1042.6,1022.71,-0.021313613832531133
2023-03-21 07:00:00,10.3,10.51,10.04,10.43,11349400,1032.43,381502100,1036.15,1017.05,0.009078013041829956
2023-03-22 07:00:00,10.73,10.9,10.56,10.6,10979200,1040.54,382708900,1042.84,1032.6,0.007824562224272406
2023-03-23 07:00:00,10.47,10.82,10.43,10.82,9956100,1045.1,369605000,1045.1,1030.93,0.004372765449461202
2023-03-24 07:00:00,10.9,11.25,10.73,11.03,19033100,1046.79,506946000,1052.29,1044.02,0.001615764086708806
2023-03-27 07:00:00,11.16,11.51,11.08,11.46,16542800,1052.25,510473100,1053.78,1041.99,0.005202389963513292
2023-03-28 07:00:00,11.68,11.72,11.16,11.16,15145500,1054.29,583110300,1059.83,1051.75,0.001936825920913069
2023-03-29 07:00:00,11.25,11.42,11.03,11.38,8402200,1056.33,415123800,1056.33,1048.26,0.0019330818766589168
2023-03-30 07:00:00,11.68,11.68,11.16,11.16,11277600,1059.44,555220700,1066.23,1056.33,0.0029398301704571866
2023-03-31 07:00:00,11.21,11.77,11.08,11.68,14812900,1064.64,574243800,1067.55,1059.79,0.004896247211403106
2023-04-03 07:00:00,12.2,12.46,12.07,12.46,20426500,1079.28,778917800,1079.28,1071.6,0.013657438300449659
2023-04-04 07:00:00,12.63,13.11,12.63,12.89,17006200,1078.45,746158000,1082.21,1075.1,-0.0007693270621785244
2023-04-05 07:00:00,12.76,13.41,12.68,13.41,19498100,1080.86,706897700,1080.86,1074.1,0.0022321954704894987
2023-04-06 07:00:00,13.67,14.32,13.5,13.76,31893200,1070.91,955351800,1084.52,1070.91,-0.009248266235591083
2023-04-07 07:00:00,14.02,14.71,13.8,14.71,27903700,1069.71,600601100,1072.94,1063.7,-0.0011211706194489473
2023-04-10 07:00:00,15.23,15.4,14.75,15.06,26975500,1065.35,789212200,1075.54,1063.45,-0.004084200032457309
2023-04-11 07:00:00,14.75,15.14,14.02,15.14,41249300,1069.46,642643100,1070.56,1056.9,0.003850464517151671
2023-04-12 07:00:00,15.19,15.44,14.58,14.88,20607700,1069.45,660883000,1072.7,1066.43,-9.350557059487238e-06
2023-04-13 07:00:00,15.14,15.53,14.75,15.06,24484400,1064.3,595747700,1070.96,1062.26,-0.004827191564468868
2023-04-14 07:00:00,15.14,15.23,14.02,14.02,40577800,1052.89,724480200,1068.79,1052.89,-0.010778541807504689
2023-04-17 07:00:00,14.02,14.15,13.67,14.1,14373900,1053.81,406570600,1054.72,1049.11,0.0008734039573586909
2023-04-18 07:00:00,14.1,15.06,13.76,15.06,33217500,1055.02,494431200,1057.15,1050.89,0.001147555879597569
2023-04-19 07:00:00,15.36,15.53,14.71,14.71,24545000,1048.98,496274700,1058.14,1047.47,-0.00574146063883771
2023-04-20 07:00:00,14.88,15.1,14.41,14.84,14379200,1049.25,332580000,1051.86,1045.85,0.0002573597760875899
2023-04-21 07:00:00,14.88,15.36,14.67,14.8,20168300,1042.91,512429100,1050.4,1041.26,-0.006060740485461903
2023-04-24 07:00:00,14.88,15.01,14.23,14.62,16068700,1041.36,451137200,1047.18,1038.36,-0.001487331570033521
2023-04-25 07:00:00,14.84,15.06,14.02,14.02,23953800,1034.85,485690900,1045.87,1032.49,-0.006271062497977504
2023-04-26 07:00:00,14.15,14.62,14.06,14.62,12006300,1040.8,431573300,1040.8,1029.19,0.005733159538068141
2023-04-27 07:00:00,14.67,15.49,14.62,15.14,32598000,1039.63,466451200,1044.25,1037.62,-0.0011247675945330968
2023-04-28 07:00:00,15.32,16.18,15.14,16.18,34089900,1049.12,571699400,1049.12,1039.63,0.00908683691154691
2023-05-04 07:00:00,16.18,16.96,16.01,16.35,29595900,1040.61,571590000,1048.13,1038.18,-0.008144637864803739
2023-05-05 07:00:00,16.35,16.7,15.79,16.48,22033100,1040.31,439888400,1043.22,1036.69,-0.00028833400811020045
2023-05-08 07:00:00,16.79,16.79,15.92,16.31,28911700,1053.44,591247600,1053.44,1043.44,0.012542253966200321
2023-05-09 07:00:00,16.31,16.4,15.83,16.01,16318600,1053.77,502515300,1058.71,1052.68,0.00031321036128121715
2023-05-10 07:00:00,16.01,16.87,16.01,16.57,21290200,1058.26,650680600,1058.67,1053.34,0.004251839949467112
2023-05-11 07:00:00,16.7,17.69,16.61,17.69,35770300,1057.12,681482900,1063.69,1056.72,-0.0010778206377684973
2023-05-12 07:00:00,17.74,17.95,17.56,17.87,18622400,1066.9,688543800,1066.9,1053.97,0.009209017915840176
2023-05-15 07:00:00,18.08,18.3,17.48,17.48,19760300,1065.71,791524900,1076.32,1067.15,-0.0011160035107295782
2023-05-16 07:00:00,17.52,18.17,17.48,18.17,21177400,1065.91,592131700,1069.27,1063.65,0.00018765070752479776
2023-05-17 07:00:00,18.34,18.69,18.0,18.0,21834300,1060.44,762187700,1069.95,1060.44,-0.005144978076297401
2023-05-18 07:00:00,18.04,18.13,16.74,16.74,33831900,1068.31,590882500,1073.41,1060.44,0.0073940442565969475
2023-05-19 07:00:00,17.09,17.74,16.44,17.74,31926300,1067.07,661637200,1070.15,1058.56,-0.0011613859260438623
2023-05-22 07:00:00,18.0,18.0,17.48,17.74,12991800,1070.64,634063400,1070.64,1065.88,0.003340025839652718
2023-05-23 07:00:00,17.82,18.13,17.61,17.82,21727300,1065.85,668600300,1073.96,1062.15,-0.004483997608915694
2023-05-24 07:00:00,17.91,18.56,17.91,18.04,26286800,1061.79,682648400,1069.61,1060.6,-0.0038164397434675306
2023-05-25 07:00:00,17.82,18.13,17.18,17.78,21191400,1064.63,614115100,1065.5,1057.91,0.0026711578038549045
2023-05-26 07:00:00,17.78,18.3,17.52,18.0,15835400,1063.76,595849900,1067.28,1063.76,-0.0008175193911403609
2023-05-29 07:00:00,18.34,18.43,18.0,18.08,15832600,1074.98,738474500,1077.18,1066.34,0.010492255189081413
2023-05-30 07:00:00,18.43,18.78,18.04,18.13,27591400,1078.05,816002500,1079.31,1071.01,0.002851796845029464
2023-05-31 07:00:00,18.21,18.73,18.0,18.47,21736000,1075.17,861773100,1079.11,1071.38,-0.002675064988652462
2023-06-01 07:00:00,18.65,19.25,18.6,19.17,23101000,1078.39,820193400,1078.39,1071.61,0.002990399524106781
2023-06-02 07:00:00,19.55,19.55,18.65,18.86,22620600,1090.84,973372400,1092.24,1083.36,0.01147885351477768
2023-06-05 07:00:00,18.99,19.04,18.34,18.34,24029000,1097.82,893972900,1103.81,1096.76,0.0063783535717364375
2023-06-06 07:00:00,18.3,18.65,18.0,18.47,21346400,1108.31,782675900,1108.31,1098.28,0.009509937364126494
2023-06-07 07:00:00,18.39,19.21,18.39,19.04,24945900,1109.54,930395400,1112.28,1104.26,0.0011091824299248381
2023-06-08 07:00:00,19.17,19.25,18.0,18.0,28200600,1101.32,1211637500,1115.14,1101.32,-0.007436054636636822
2023-06-09 07:00:00,18.08,18.3,17.13,18.08,29069500,1107.53,839731400,1107.53,1097.23,0.005622850226589979
2023-06-12 07:00:00,18.0,18.08,17.26,17.52,20145000,1116.02,726269400,1116.02,1100.08,0.0076364743390939845
2023-06-13 07:00:00,17.78,18.39,17.48,18.13,23340100,1122.46,870411600,1122.46,1116.1,0.005753920309973832
2023-06-14 07:00:00,18.34,18.6,17.74,17.74,15125300,1117.42,845985500,1129.49,1117.42,-0.004500248679337444
2023-06-15 07:00:00,17.74,17.91,17.56,17.78,9995900,1116.97,675615200,1120.13,1112.11,-0.0004027945041682255
2023-06-16 07:00:00,18.08,18.47,17.95,18.0,25058000,1115.22,1075388700,1128.92,1112.51,-0.0015679672057793827
2023-06-19 07:00:00,18.17,18.73,17.91,18.34,21117800,1105.4,723615800,1117.23,1104.73,-0.00884443444915399
2023-06-20 07:00:00,18.56,18.95,18.43,18.91,18877900,1111.72,593021300,1111.72,1102.58,0.0057011051436337825
2023-06-21 07:00:00,18.95,18.99,18.56,18.78,22209800,1118.46,800466000,1118.46,1110.65,0.006044373566412923
2023-06-22 07:00:00,19.21,20.07,19.12,19.94,47760100,1125.3,828954300,1127.54,1122.27,0.006096927646741998
2023-06-23 07:00:00,19.94,20.03,19.55,19.73,21975700,1129.38,857067500,1130.61,1122.62,0.0036191428081903993
2023-06-26 07:00:00,19.64,20.16,19.04,19.99,36668400,1132.03,955006800,1134.0,1119.95,0.0023436716146054432
2023-06-27 07:00:00,20.16,20.16,19.64,19.77,18341100,1134.33,641633700,1136.49,1128.82,0.0020296870661285654
2023-06-28 07:00:00,19.94,19.99,19.38,19.38,21499200,1138.35,772870700,1140.56,1131.86,0.0035376772731557276
2023-06-29 07:00:00,19.21,19.3,18.26,18.26,48143500,1125.39,839096000,1140.43,1125.39,-0.011450203287849481
2023-06-30 07:00:00,18.17,18.39,17.91,18.21,18187400,1120.18,543467000,1126.33,1120.01,-0.004640255568484707
2023-07-03 07:00:00,18.34,18.47,18.0,18.08,11247800,1125.5,502324200,1128.35,1121.17,0.0047379946850896245
2023-07-04 07:00:00,18.08,18.65,18.0,18.6,15187700,1132.0,638567700,1132.12,1123.49,0.005758598416341376
2023-07-05 07:00:00,18.78,18.82,18.39,18.39,10754900,1134.62,744832500,1138.67,1133.45,0.0023118133316375215
2023-07-06 07:00:00,18.39,18.56,17.82,18.04,18180300,1126.22,870574400,1135.81,1122.35,-0.007430900596913447
2023-07-07 07:00:00,17.95,18.08,17.31,18.0,16241100,1138.07,713850500,1138.07,1122.94,0.010466952720223816
2023-07-10 07:00:00,18.0,18.78,18.0,18.52,15646400,1149.02,814696500,1149.02,1140.03,0.009575559919572131
2023-07-11 07:00:00,18.69,18.78,18.17,18.26,15329900,1151.77,851005600,1157.01,1149.38,0.0023904844071415323
2023-07-12 07:00:00,18.3,18.39,18.0,18.21,12768800,1154.2,696536100,1157.43,1149.28,0.0021075737320762865
2023-07-13 07:00:00,18.34,19.3,18.21,19.12,35989400,1165.42,760650800,1165.42,1158.15,0.009674073774468415
2023-07-14 07:00:00,19.47,19.47,18.86,19.38,21468500,1168.4,973749100,1169.84,1156.28,0.0025537544622513952
2023-07-17 07:00:00,19.6,20.51,19.55,20.03,47533300,1173.13,851144600,1174.89,1168.4,0.004040098938509405
2023-07-18 07:00:00,20.07,20.46,19.77,20.2,32297000,1174.09,755379600,1175.7,1170.04,0.000817988985717793
2023-07-19 07:00:00,20.46,20.64,19.81,19.86,39472800,1172.98,798154200,1178.55,1172.98,-0.0009458602280759682
2023-07-20 07:00:00,19.73,20.07,19.3,20.07,29010300,1172.81,739529900,1174.39,1166.62,-0.00014494051070020527
2023-07-21 07:00:00,20.07,21.46,20.03,21.46,41031700,1185.9,896244200,1185.9,1172.07,0.011099401271712503
2023-07-24 07:00:00,21.76,22.15,21.5,21.63,33705300,1190.72,988720500,1193.22,1183.39,0.004056186187508077
2023-07-25 07:00:00,21.63,22.28,21.46,22.15,40710200,1195.9,918186800,1199.27,1193.34,0.004340873816504113
2023-07-26 07:00:00,22.06,22.41,21.72,22.02,25404600,1200.84,848117200,1200.84,1195.44,0.004122271915603006
2023-07-27 07:00:00,22.02,22.67,21.76,22.5,46581400,1197.33,1078942000,1203.69,1191.08,-0.0029272341046249514
2023-07-28 07:00:00,22.5,22.89,21.98,22.15,41099900,1207.67,1045384000,1207.67,1195.86,0.008598805580945888
2023-07-31 07:00:00,21.98,22.58,21.5,22.5,37767400,1222.9,1122987500,1224.81,1212.81,0.012532203828638339
2023-08-01 07:00:00,22.63,22.67,21.54,21.54,27815500,1217.56,1206705300,1234.5,1217.56,-0.004376231138695099
2023-08-02 07:00:00,21.54,22.11,21.46,21.89,17893800,1220.43,849434300,1223.04,1213.18,0.002354399587978682
2023-08-03 07:00:00,21.89,22.41,21.67,22.15,26836300,1210.95,978923300,1222.35,1209.06,-0.0077980801354735505
2023-08-04 07:00:00,22.5,23.54,22.24,23.28,36216600,1225.98,1086883100,1228.12,1211.9,0.012335348640257392
2023-08-07 07:00:00,23.45,23.45,22.76,23.06,21489800,1241.42,1114331800,1241.42,1225.98,0.012515361542979622
2023-08-08 07:00:00,23.06,23.15,22.54,22.67,24384800,1242.23,1115494500,1246.22,1239.01,0.0006522658415781957
2023-08-09 07:00:00,22.5,22.8,22.32,22.32,20421200,1233.99,1011321100,1241.96,1231.28,-0.006655329829166482
2023-08-10 07:00:00,22.32,22.84,22.24,22.28,19242400,1220.61,982441100,1238.19,1220.61,-0.010902087935829769
2023-08-11 07:00:00,22.5,22.93,21.93,22.93,23064900,1232.21,983635900,1232.21,1213.37,0.009458571344241148
2023-08-14 07:00:00,23.41,24.36,23.28,23.79,32704600,1236.84,1032952400,1239.61,1229.34,0.0037504347235074306
2023-08-15 07:00:00,24.05,24.18,23.58,23.71,20538800,1234.05,850306500,1239.42,1230.58,-0.00225829655365264
2023-08-16 07:00:00,23.75,24.66,23.28,24.66,31510400,1243.26,865531300,1243.48,1235.27,0.0074355187139972904
2023-08-17 07:00:00,24.79,24.88,24.05,24.05,21741400,1233.48,1050181000,1243.98,1233.48,-0.007897519184215275
2023-08-18 07:00:00,23.79,24.01,22.41,22.41,50660100,1177.99,1583022900,1228.98,1177.74,-0.04602984660167669
2023-08-21 07:00:00,22.06,22.45,21.11,21.98,26433700,1179.76,1000968600,1188.16,1164.63,0.001501431731531257
2023-08-22 07:00:00,21.98,22.24,20.77,21.98,23161200,1180.49,979999200,1184.43,1149.13,0.0006185785601332626
2023-08-23 07:00:00,22.32,22.58,21.76,21.76,19639500,1172.56,653730100,1193.79,1168.89,-0.006740213783773466
2023-08-24 07:00:00,21.85,23.28,21.72,23.28,33408000,1189.39,790038300,1189.99,1171.33,0.01425117791763329
2023-08-25 07:00:00,23.28,23.97,23.28,23.36,29418000,1183.37,812317900,1192.59,1181.6,-0.005074270399887418
2023-08-28 07:00:00,23.41,23.97,23.19,23.97,20803600,1201.72,763534500,1202.02,1189.43,0.015387563630925569
2023-08-29 07:00:00,24.14,24.88,23.97,23.97,25713000,1204.43,904324000,1208.78,1197.57,0.002252562097862977
2023-08-30 07:00:00,24.05,24.79,23.75,24.66,30069600,1213.16,864559000,1213.52,1203.51,0.007222099649186399
2023-08-31 07:00:00,25.01,25.31,24.79,24.79,16999200,1224.05,887111900,1224.84,1214.32,0.008936507296382816
2023-09-05 07:00:00,24.92,25.44,24.79,25.05,17373700,1234.98,983260400,1236.21,1228.7,0.008889742687815418
2023-09-06 07:00:00,24.88,25.53,24.57,25.48,26747700,1245.5,1067480700,1245.5,1229.89,0.00848228010327104
2023-09-07 07:00:00,25.65,25.96,25.18,25.4,21752500,1243.14,1099761600,1255.11,1240.82,-0.0018966188017888153
2023-09-08 07:00:00,25.27,25.7,25.18,25.44,15447600,1241.48,973560500,1248.1,1240.15,-0.0013362206268904247
2023-09-11 07:00:00,25.53,25.61,24.05,24.05,33620700,1223.63,1222447000,1251.37,1223.33,-0.014482365481084232
2023-09-12 07:00:00,24.05,25.05,23.54,25.05,24147200,1245.44,880808100,1245.44,1220.85,0.017667030325059268
2023-09-13 07:00:00,25.09,25.48,24.23,24.57,24192500,1238.39,1136967200,1250.61,1232.84,-0.005676732250071096
2023-09-14 07:00:00,24.4,24.53,23.62,23.62,27447700,1223.81,1159894000,1244.21,1223.03,-0.011843205602589004
2023-09-15 07:00:00,23.75,24.1,23.36,23.54,17733400,1227.36,868066900,1233.87,1220.27,0.0028965779461152174
2023-09-18 07:00:00,23.36,23.71,23.1,23.19,16821600,1211.81,762110800,1227.36,1203.88,-0.012750411547317096
2023-09-19 07:00:00,23.36,23.79,22.89,23.71,19999200,1211.5,880971700,1219.57,1199.85,-0.00025584840708865335
2023-09-20 07:00:00,23.88,24.75,23.62,24.49,16497400,1226.11,763034400,1226.11,1209.46,0.011987294890104704
2023-09-21 07:00:00,24.57,24.57,23.79,23.79,17159600,1212.74,923870000,1227.88,1211.65,-0.0109642937778869
2023-09-22 07:00:00,23.19,23.28,22.15,22.15,28828600,1193.05,1317432800,1205.41,1174.57,-0.016369209000764485
2023-09-25 07:00:00,22.06,22.41,20.64,20.64,26114100,1153.2,916538500,1195.62,1153.2,-0.03397236660378674
2023-09-26 07:00:00,20.33,21.5,20.29,21.2,25379200,1137.96,957913900,1163.52,1137.96,-0.013303501080610793
2023-09-27 07:00:00,21.2,22.06,20.38,22.06,17003500,1153.85,777264400,1153.85,1126.36,0.013866991266951687
2023-09-28 07:00:00,21.8,21.93,21.07,21.2,19590200,1152.43,649062500,1155.39,1136.99,-0.001231420451497758
2023-09-29 07:00:00,21.59,21.8,21.33,21.72,17032800,1154.15,535931100,1163.88,1152.43,0.001491385790916961
2023-10-02 07:00:00,21.72,22.06,21.5,21.72,7942900,1155.25,465546100,1161.48,1149.63,0.0009526284603684221
2023-10-03 07:00:00,21.29,21.33,20.2,20.2,27941600,1118.1,940147700,1146.59,1117.28,-0.03268595459705343
2023-10-04 07:00:00,19.04,20.68,19.04,20.25,19183400,1128.67,646114500,1133.79,1106.4,0.009409132204558596
2023-10-05 07:00:00,20.42,20.64,18.86,18.86,18899600,1113.89,556516000,1133.12,1113.89,-0.013181555013593431
2023-10-06 07:00:00,18.73,19.3,18.0,19.3,21901000,1128.54,586082400,1129.13,1107.4,0.013066368566480614
2023-10-09 07:00:00,19.25,20.16,19.04,20.03,14284400,1137.36,545012000,1137.36,1127.03,0.0077850254166744095
2023-10-10 07:00:00,20.16,20.29,19.73,19.86,13881600,1143.69,627950000,1150.34,1140.83,0.005550089869872869
2023-10-11 07:00:00,19.86,20.25,19.25,20.25,14033000,1150.81,496702300,1150.81,1138.22,0.006206165049552829
2023-10-12 07:00:00,20.42,20.85,20.2,20.59,13867000,1151.61,619607000,1156.73,1148.11,0.0006949210241348172
2023-10-13 07:00:00,20.07,20.94,19.77,20.51,15448800,1154.73,593801400,1155.1,1138.99,0.002705587123539656
2023-10-16 07:00:00,20.51,20.85,20.03,20.29,13597000,1141.42,622999800,1157.46,1140.64,-0.011593449104464618
2023-10-17 07:00:00,20.51,20.51,18.91,18.91,11010300,1121.65,566555000,1147.89,1121.65,-0.017472285830763573
2023-10-18 07:00:00,18.99,19.12,17.61,17.61,24315300,1103.4,913483700,1125.27,1088.87,-0.016404493620983965
2023-10-19 07:00:00,17.48,17.74,16.48,16.48,23371600,1087.85,615746700,1104.03,1087.85,-0.014193050574119079
2023-10-20 07:00:00,16.48,17.61,16.48,17.61,17629300,1108.03,592527800,1108.16,1073.73,0.01838039248874879
2023-10-23 07:00:00,17.69,18.17,17.31,17.35,15661500,1093.53,500482000,1106.8,1086.54,-0.013172668170216522
2023-10-24 07:00:00,17.61,18.43,17.48,18.43,16056500,1105.9,443128900,1107.3,1088.17,0.011248487498570717
2023-10-25 07:00:00,18.52,18.78,18.17,18.17,19797300,1101.66,482997000,1111.39,1100.64,-0.0038413499191637082
2023-10-26 07:00:00,17.52,17.61,16.92,17.13,37078300,1055.45,1129481400,1083.22,1049.71,-0.04285091691007114
2023-10-27 07:00:00,17.52,18.3,17.13,18.3,23893600,1060.62,638920300,1061.87,1037.46,0.00488642652376712
2023-10-30 07:00:00,18.13,18.69,17.52,17.52,18924400,1042.4,465837000,1060.62,1042.4,-0.017327895965211164
2023-10-31 07:00:00,17.74,18.34,17.31,17.48,24265600,1028.19,705940300,1046.17,1025.03,-0.013725771970819364
2023-11-01 07:00:00,17.82,17.82,16.87,17.82,19774800,1039.66,603502200,1039.66,1020.01,0.011093761767680132
2023-11-02 07:00:00,18.21,19.04,18.08,19.04,26227800,1075.47,735677500,1075.47,1039.86,0.03386403870845401
2023-11-03 07:00:00,19.34,19.6,18.91,19.3,26869400,1076.78,703784300,1082.23,1071.11,0.0012173308507593536
2023-11-06 07:00:00,19.51,19.73,19.12,19.73,14761800,1089.66,571437300,1089.66,1076.78,0.01189061479175239
2023-11-07 07:00:00,19.43,19.86,19.21,19.34,17969100,1080.29,535907500,1089.89,1079.42,-0.008636197366323449
2023-11-08 07:00:00,19.3,20.68,19.17,20.68,26441000,1113.43,886220500,1113.43,1075.8,0.03021581728861407
2023-11-09 07:00:00,21.11,21.8,20.85,21.2,28703200,1113.89,996860000,1124.78,1112.13,0.0004130524635349089
2023-11-10 07:00:00,20.9,22.41,20.9,21.11,35129600,1101.68,945389300,1116.02,1101.23,-0.011022105925417039
2023-11-13 07:00:00,21.42,21.76,20.98,21.63,22517300,1100.07,730190300,1107.91,1093.19,-0.0014624732934797652
2023-11-14 07:00:00,21.93,22.06,21.2,21.42,18092200,1109.73,766022100,1115.6,1101.67,0.008742928349309871
2023-11-15 07:00:00,21.98,22.32,21.37,21.5,25530600,1122.5,882296600,1132.75,1118.74,0.011441598141708758
2023-11-16 07:00:00,21.29,22.58,21.29,22.58,28433000,1125.53,605124900,1125.53,1114.97,0.002695695195224218
2023-11-17 07:00:00,22.76,23.1,21.37,22.15,36148400,1101.19,1175535600,1129.84,1096.16,-0.021862622586956412
2023-11-20 07:00:00,21.63,22.76,21.37,22.5,21034000,1103.66,750883200,1111.26,1085.32,0.0022405161650591865
2023-11-21 07:00:00,22.93,22.97,22.32,22.45,16102300,1110.46,601828500,1112.77,1103.79,0.0061424144851209605
2023-11-22 07:00:00,22.41,23.19,22.32,23.02,25656100,1113.82,812231500,1115.47,1103.26,0.0030212046646548706
2023-11-23 07:00:00,23.15,23.32,21.42,21.42,37517100,1088.49,952327300,1118.54,1088.49,-0.023004133861634794
2023-11-24 07:00:00,21.63,21.72,20.33,21.63,34208000,1095.61,900833700,1095.61,1073.31,0.006519871088157042
2023-11-27 07:00:00,21.67,21.76,20.9,20.9,12984200,1088.06,507177400,1096.84,1085.69,-0.006914991811866035
2023-11-28 07:00:00,20.77,21.33,20.38,21.2,18818000,1095.43,593255200,1095.43,1076.45,0.006750686276225651
2023-11-29 07:00:00,21.29,21.72,21.16,21.67,15253700,1102.8,562813100,1105.28,1095.43,0.0067054199192477315
2023-11-30 07:00:00,21.67,22.06,21.37,21.37,16948400,1094.13,659979600,1107.45,1094.13,-0.00789287324571957
2023-12-01 07:00:00,21.67,21.98,21.24,21.72,13467800,1102.16,569333300,1102.2,1090.08,0.0073123638324216035
2023-12-04 07:00:00,22.15,23.23,22.11,22.97,28946500,1120.49,1038038200,1123.96,1102.16,0.01649419887757572
2023-12-05 07:00:00,22.97,23.19,22.84,22.93,17811000,1115.97,753445900,1124.11,1113.55,-0.004042107754413259
2023-12-06 07:00:00,22.93,23.71,22.67,23.58,23660000,1126.43,776768800,1126.43,1115.97,0.00932935771233317
2023-12-07 07:00:00,23.62,23.75,22.15,22.89,33278800,1121.49,1298392700,1129.83,1109.51,-0.0043951812808437265
2023-12-08 07:00:00,22.97,23.45,22.58,23.15,24607100,1124.44,737605100,1127.46,1119.43,0.0026269756372601528
2023-12-11 07:00:00,23.36,23.36,22.5,22.8,12432100,1125.5,618307400,1129.15,1120.32,0.00094224741853112
2023-12-12 07:00:00,22.93,23.1,22.76,22.8,11030400,1127.63,539184200,1129.77,1123.35,0.001890703718400668
2023-12-13 07:00:00,23.02,23.15,22.32,22.32,18992300,1114.2,763977100,1131.21,1112.08,-0.011981426478472484
2023-12-14 07:00:00,22.71,22.71,21.72,21.72,16642400,1110.13,603922700,1120.36,1107.86,-0.0036595330208922003
2023-12-15 07:00:00,21.67,22.37,21.46,21.8,18783500,1102.3,684449900,1112.79,1102.3,-0.00707821959655312
2023-12-18 07:00:00,22.06,22.41,21.89,22.02,9676600,1091.88,544297600,1103.74,1091.45,-0.009497924812669941
2023-12-19 07:00:00,22.02,22.37,21.72,22.37,11754900,1096.3,561157600,1096.3,1082.29,0.004039892523894466
2023-12-20 07:00:00,22.5,22.58,22.24,22.32,6814300,1100.76,470483400,1102.27,1093.38,0.0040599766290701994
2023-12-21 07:00:00,22.15,22.76,22.02,22.63,13706700,1102.43,451416900,1102.43,1094.47,0.001515983932238097
2023-12-22 07:00:00,22.67,22.89,22.32,22.32,9669100,1103.06,496287600,1104.65,1099.32,0.0005713016310526359
2023-12-25 07:00:00,22.41,23.1,22.32,23.02,16740400,1117.66,550839600,1118.31,1104.27,0.013149078099839048
2023-12-26 07:00:00,23.19,23.32,22.89,23.15,16842400,1122.25,575288900,1123.11,1117.93,0.004098384689347155
2023-12-27 07:00:00,23.28,23.45,22.97,22.97,12903200,1121.99,570737700,1126.47,1121.99,-0.0002317042750892946
2023-12-28 07:00:00,23.02,23.54,22.97,23.1,18519400,1128.93,608466000,1130.58,1120.5,0.006166387069041314
2023-12-29 07:00:00,23.32,23.36,23.06,23.15,10736200,1129.93,616484900,1135.05,1129.93,0.0008854024289493211
2024-01-02 07:00:00,23.36,23.36,22.45,22.5,20527800,1131.72,777337200,1139.71,1128.69,0.001582915458850962
2024-01-03 07:00:00,22.37,22.84,22.37,22.76,11793500,1144.17,657568100,1144.17,1128.32,0.010940883954456719
2024-01-04 07:00:00,22.76,23.49,22.63,22.93,25582200,1150.72,1141608900,1160.08,1144.17,0.005708350104895462
2024-01-05 07:00:00,23.02,23.58,23.02,23.49,27632300,1154.68,760282600,1155.84,1149.08,0.0034354158885108043
2024-01-08 07:00:00,23.79,24.4,23.75,24.01,31694300,1160.19,814410600,1162.56,1155.48,0.004760535499575911
2024-01-09 07:00:00,24.1,24.23,23.62,23.71,27019100,1158.59,799457700,1162.83,1155.46,-0.0013800362724652006
2024-01-10 07:00:00,23.71,23.79,23.06,23.19,23271800,1161.54,935719400,1166.1,1155.94,0.0025429623251454433
2024-01-11 07:00:00,23.32,23.49,23.02,23.41,13921500,1162.22,782237200,1169.1,1157.43,0.0005852583910644404
2024-01-12 07:00:00,23.1,23.19,22.58,22.8,30897600,1154.7,1037940400,1161.91,1146.75,-0.0064913992771673265
2024-01-15 07:00:00,22.93,23.28,22.71,22.71,10934000,1154.12,559640600,1163.75,1154.12,-0.0005024211607667616
2024-01-16 07:00:00,22.58,23.19,22.54,23.19,10004600,1163.12,570974600,1163.12,1147.71,0.00776790082612664
2024-01-17 07:00:00,23.23,23.62,23.1,23.23,16298300,1162.53,694094400,1168.46,1160.45,-0.0005073850430265768
2024-01-18 07:00:00,23.49,23.71,23.28,23.36,17339200,1169.06,569563600,1169.73,1162.62,0.005601342494384376
2024-01-19 07:00:00,23.58,23.66,23.02,23.02,14230500,1181.5,630781700,1181.5,1169.06,0.01058481055243475
2024-01-22 07:00:00,23.1,23.54,22.84,23.49,18383700,1182.86,770796000,1186.96,1175.54,0.0011504171530495357
2024-01-23 07:00:00,23.66,23.66,23.23,23.23,8125600,1177.5,600595700,1184.74,1173.78,-0.004541687889439131
2024-01-24 07:00:00,23.23,23.49,23.15,23.23,10296100,1172.97,644055900,1180.3,1172.0,-0.0038545530117249874
2024-01-25 07:00:00,23.28,23.49,23.15,23.23,9445100,1170.37,480699500,1173.83,1168.5,-0.002219055763919793
2024-01-26 07:00:00,23.32,23.75,23.28,23.32,12540400,1175.67,498217000,1176.76,1173.26,0.004518259719763211
2024-01-29 07:00:00,23.41,23.45,23.1,23.1,9100100,1175.69,552811300,1180.46,1174.88,1.7011431682565616e-05
2024-01-30 07:00:00,23.19,23.45,23.19,23.32,9309500,1179.65,564656400,1179.92,1174.13,0.003362575026348476
2024-01-31 07:00:00,23.54,23.84,23.32,23.45,26054200,1164.31,1022547900,1182.53,1163.13,-0.013089147434965524
2024-02-01 07:00:00,23.54,23.97,23.49,23.71,16140100,1173.02,578639500,1174.5,1162.45,0.007452982948744184
2024-02-02 07:00:00,23.92,24.7,23.79,23.92,26331600,1172.55,790756000,1178.27,1169.7,-0.0004007554720518902
2024-02-05 07:00:00,24.05,24.1,23.62,23.84,16056100,1186.06,769953100,1188.45,1173.54,0.011456025162803956
2024-02-06 07:00:00,23.88,24.1,23.79,23.84,10125400,1188.48,566198900,1190.92,1185.68,0.002038290227033311
2024-02-07 07:00:00,23.88,23.92,23.58,23.62,18341400,1198.53,664714300,1199.52,1190.5,0.008420626125986524
2024-02-15 07:00:00,23.79,23.97,23.58,23.97,16420600,1202.5,843733100,1207.56,1198.53,0.0033069171296432574
2024-02-16 07:00:00,24.23,24.57,24.05,24.1,25679100,1209.7,783875500,1210.25,1204.29,0.005969671985886261
2024-02-19 07:00:00,24.14,24.14,23.71,23.88,19153300,1224.97,975154800,1225.48,1212.58,0.012543958917226572
2024-02-20 07:00:00,23.97,24.18,23.71,23.79,15936300,1230.06,843779800,1230.47,1222.66,0.0041465947815096885
2024-02-21 07:00:00,23.79,23.92,23.41,23.54,20435400,1230.04,886110400,1234.22,1222.92,-1.6259501646571377e-05
2024-02-22 07:00:00,23.54,23.62,23.36,23.36,12816100,1227.31,795021800,1232.09,1226.15,-0.002221906625541886
2024-02-23 07:00:00,23.45,23.45,22.5,22.63,27786500,1212.0,1245742100,1240.81,1211.55,-0.012552894908090513
2024-02-26 07:00:00,22.67,22.97,22.5,22.89,13352200,1224.17,834749900,1225.21,1210.52,0.009991175687731895
2024-02-27 07:00:00,23.02,23.66,22.89,23.66,18912300,1237.46,916784900,1237.6,1226.49,0.010797828371123658
2024-02-28 07:00:00,23.79,23.79,23.23,23.36,13613400,1254.55,899523200,1254.55,1236.32,0.013716050840652328
2024-02-29 07:00:00,23.45,24.05,23.36,23.62,28065800,1252.73,1012951600,1264.39,1247.7,-0.0014517726936435216
2024-03-01 07:00:00,23.79,23.97,23.62,23.84,13412300,1258.28,890614800,1258.76,1247.87,0.004420539175699456
2024-03-04 07:00:00,24.18,24.92,24.18,24.31,49273800,1261.41,1060738400,1268.25,1256.54,0.002484433886685065
2024-03-05 07:00:00,24.36,24.49,23.97,24.1,19130700,1269.98,927988200,1269.98,1257.81,0.006771009399630745
2024-03-06 07:00:00,24.1,24.18,23.45,23.49,23821600,1262.73,1001224394,1277.51,1256.3,-0.005725108522239091
2024-03-07 07:00:00,23.45,23.79,23.1,23.66,28910200,1268.46,948074000,1269.88,1260.24,0.004527522460195595
2024-03-08 07:00:00,23.79,23.84,22.97,22.97,32128300,1247.35,1308498300,1274.3,1247.35,-0.016782265319850248
2024-03-11 07:00:00,22.97,23.19,22.54,22.67,18539000,1235.49,922753300,1254.01,1233.49,-0.009553648408450272
2024-03-12 07:00:00,22.71,23.06,22.58,22.8,13972900,1245.0,792213500,1248.33,1233.14,0.0076678773920125865
2024-03-13 07:00:00,22.97,23.36,22.8,23.36,14820100,1270.51,890291900,1270.51,1245.25,0.020282864747397204
2024-03-14 07:00:00,23.62,24.05,23.36,23.79,35281500,1264.26,1021281000,1276.41,1258.67,-0.0049314238894339665
2024-03-15 07:00:00,23.92,25.09,23.84,24.66,69887600,1263.78,1008834600,1271.63,1252.36,-0.0003797408314489411
2024-03-18 07:00:00,25.01,26.35,24.92,26.35,78932200,1243.56,1616423600,1269.9,1221.67,-0.016128995941195844
2024-03-19 07:00:00,26.78,26.78,25.87,25.87,28335800,1242.46,782479600,1249.75,1238.92,-0.0008849486905070593
2024-03-20 07:00:00,25.83,26.65,25.57,26.3,29500600,1260.08,859094600,1261.55,1235.46,0.014081925699860654
2024-03-21 07:00:00,26.74,27.77,25.87,27.43,44811900,1276.42,1135242300,1276.42,1264.2,0.012884073357107258
2024-03-22 07:00:00,27.69,27.95,26.87,27.65,24601900,1281.8,1180774200,1291.27,1276.38,0.004206055719539143
2024-03-25 07:00:00,27.56,28.55,27.43,27.69,25546500,1267.86,1165944800,1286.84,1264.51,-0.010934900263235674
2024-03-26 07:00:00,27.52,28.25,27.17,27.65,17271700,1282.21,858426100,1282.5,1264.42,0.011254711811158315
2024-03-27 07:00:00,27.73,28.99,27.47,28.34,22462300,1283.09,803249600,1286.72,1276.95,0.0006860796277381128
2024-03-28 07:00:00,28.55,28.64,28.25,28.29,12618800,1290.18,888388100,1293.9,1285.52,0.005510512259565235
2024-03-29 07:00:00,28.29,28.38,27.73,27.86,16886600,1284.09,790542600,1293.04,1282.44,-0.004731447253933621
2024-04-01 07:00:00,27.86,29.33,27.82,28.99,26743300,1281.52,899388500,1286.8,1274.09,-0.0020034228581906864
2024-04-02 07:00:00,28.68,29.25,28.29,29.07,18671400,1287.04,1031022100,1287.04,1268.48,0.004298134751004542
2024-04-03 07:00:00,28.99,28.99,27.52,27.52,27588400,1271.47,995560400,1288.99,1271.47,-0.012171296740507456
2024-04-04 07:00:00,27.86,28.9,27.43,27.86,31924800,1268.25,921606500,1277.62,1265.12,-0.0025357139569257064
2024-04-05 07:00:00,27.47,28.51,27.34,27.69,24872100,1255.11,1034849200,1265.14,1253.56,-0.010414779319509137
2024-04-08 07:00:00,27.69,28.25,27.52,27.77,17973700,1250.35,790344900,1258.4,1246.87,-0.00379970602362761
2024-04-09 07:00:00,27.82,28.51,27.52,28.51,17300600,1262.82,648177200,1262.82,1247.7,0.009923803275472877
2024-04-10 07:00:00,28.51,28.64,27.95,27.95,16980300,1258.56,633149400,1268.72,1258.56,-0.00337910513569082
2024-04-11 07:00:00,27.56,28.81,27.56,28.55,22049900,1258.2,642873900,1262.03,1248.11,-0.00028608210751534965
2024-04-12 07:00:00,28.73,29.38,28.64,29.07,23388900,1276.6,696705300,1278.39,1259.02,0.014518165686027658
2024-04-15 07:00:00,28.86,29.12,27.04,27.04,35671500,1216.61,1056598900,1281.81,1216.61,-0.04813199134066012
2024-04-16 07:00:00,26.78,26.82,25.31,26.04,45670500,1215.68,1214696500,1222.45,1191.73,-0.0007647114820359663
2024-04-17 07:00:00,26.22,26.35,24.92,24.92,26638200,1193.01,766171800,1221.47,1193.01,-0.01882406570680224
2024-04-19 07:00:00,24.23,25.09,23.41,23.71,38934500,1174.85,1024630300,1190.96,1165.99,-0.015339045437844383
2024-04-22 07:00:00,24.4,24.62,23.79,24.31,18528700,1190.22,615914300,1193.88,1181.13,0.012997684113458061
2024-04-23 07:00:00,24.31,24.4,23.02,23.19,22766300,1177.4,672945800,1192.8,1169.61,-0.010829546373911196
2024-04-24 07:00:00,23.66,24.79,23.62,24.79,25333700,1205.61,691475300,1207.61,1177.4,0.023677045308807276
2024-04-25 07:00:00,24.7,24.75,24.18,24.49,15069200,1204.97,489174900,1208.41,1200.21,-0.0005309925536902801
2024-04-26 07:00:00,24.14,24.66,23.97,24.05,21396900,1209.52,574409200,1216.6,1198.73,0.0037689163226677204
2024-05-02 07:00:00,23.62,23.75,22.67,23.23,34452500,1216.36,513763800,1216.36,1206.28,0.00563920567081261
2024-05-03 07:00:00,23.58,23.71,23.19,23.23,12391000,1221.03,567269900,1225.75,1218.33,0.003831972490678212
2024-05-06 07:00:00,23.58,24.4,23.28,24.31,21566000,1241.58,666198300,1241.58,1224.22,0.016689997218355825
2024-05-07 07:00:00,24.36,24.4,23.92,24.1,13921600,1248.63,592485900,1250.63,1240.09,0.005662188197349258
2024-05-08 07:00:00,23.71,25.09,23.28,24.75,28545700,1250.46,819607600,1251.62,1234.76,0.0014645333518127353
2024-05-09 07:00:00,25.05,25.22,24.23,24.31,15533200,1248.64,638850100,1256.8,1243.29,-0.0014565246062624361
2024-05-10 07:00:00,24.49,25.01,24.27,24.75,20979000,1244.7,593429800,1252.5,1237.46,-0.0031604219877597924
2024-05-13 07:00:00,24.92,24.96,24.01,24.66,13827800,1240.18,636191500,1249.2,1233.56,-0.003638006652407349
2024-05-14 07:00:00,24.7,24.96,24.49,24.53,11075800,1243.28,529153100,1252.52,1240.88,0.0024965182528318202
2024-05-15 07:00:00,24.66,24.92,24.44,24.66,14586500,1254.39,759159700,1257.92,1243.28,0.008896350018235511
2024-05-16 07:00:00,25.14,25.53,24.83,24.83,17896100,1268.78,808769400,1271.66,1261.19,0.011406410205156365
2024-05-17 07:00:00,24.83,25.35,24.75,25.31,18538300,1273.11,830841100,1274.27,1266.32,0.0034069170485126784
2024-05-20 07:00:00,25.78,25.78,25.14,25.14,14256800,1277.58,957652300,1285.19,1277.36,0.0035049375471011275
2024-05-21 07:00:00,25.09,25.18,24.66,25.01,16918700,1277.14,840139100,1281.29,1267.29,-0.0003444604530833133
2024-05-22 07:00:00,25.09,25.7,25.01,25.35,24604600,1266.91,987232400,1283.06,1263.87,-0.00804233811360675
2024-05-23 07:00:00,25.27,25.31,24.88,25.27,13634800,1281.03,833709000,1281.03,1262.29,0.011083576966583809
2024-05-24 07:00:00,25.09,25.48,23.62,24.05,31504200,1261.93,1179910300,1285.07,1250.28,-0.015022146775362689
2024-05-27 07:00:00,24.05,24.1,23.66,23.66,14699800,1267.68,598637500,1267.68,1257.27,0.004546163166038504
2024-05-28 07:00:00,23.88,24.49,23.84,24.1,10454600,1281.73,744100500,1281.73,1269.37,0.01102226965827804
2024-05-29 07:00:00,24.23,24.44,23.88,24.18,13197700,1272.64,967116000,1285.63,1271.6,-0.007117244855883859
2024-05-30 07:00:00,23.88,24.14,23.49,23.88,15645200,1266.32,958531600,1269.07,1251.8,-0.004978426641842972
2024-05-31 07:00:00,24.18,24.36,23.79,24.01,9390500,1261.72,617748900,1271.07,1261.43,-0.0036391869406681814
2024-06-03 07:00:00,24.27,25.05,24.27,24.7,15720100,1280.0,930997200,1284.48,1271.65,0.014384208476848112
2024-06-04 07:00:00,24.79,24.83,24.49,24.49,9241100,1283.52,785860800,1289.31,1281.98,0.0027462256680252286
2024-06-05 07:00:00,24.66,24.75,24.27,24.27,11003400,1284.35,810156400,1293.93,1284.35,0.0006464501932764479
2024-06-06 07:00:00,24.44,24.44,23.84,24.01,11956400,1283.56,797941200,1292.02,1278.4,-0.0006152863806932581
2024-06-07 07:00:00,24.23,24.23,23.88,23.92,7612000,1287.58,604686400,1293.03,1283.13,0.0031270201355934244
2024-06-10 07:00:00,24.1,24.4,23.79,24.05,10417600,1290.67,778972900,1297.39,1287.44,0.002396975839786304
2024-06-11 07:00:00,24.05,24.14,23.66,23.79,10426700,1284.41,859304400,1296.41,1279.47,-0.004861994448070186
2024-06-12 07:00:00,23.88,24.05,23.66,24.01,8735500,1300.19,769901500,1301.35,1281.71,0.012210938694768327
2024-06-13 07:00:00,24.23,24.83,24.18,24.4,19557100,1301.51,829312700,1306.01,1297.6,0.0010147212309353983
2024-06-14 07:00:00,24.44,24.49,23.71,23.71,13479800,1279.91,1009525700,1305.02,1279.91,-0.01673536590566142
2024-06-17 07:00:00,23.71,23.79,23.36,23.36,12611200,1274.77,779686100,1283.1,1272.54,-0.004023992778581542
2024-06-18 07:00:00,23.45,23.75,23.36,23.36,7306800,1279.5,633180900,1286.52,1278.38,0.0037036064368019105
2024-06-19 07:00:00,23.62,23.62,23.15,23.23,9866100,1279.79,767825600,1284.14,1270.66,0.00022662535409508568
2024-06-20 07:00:00,23.41,23.41,22.67,22.97,13018100,1282.3,818094800,1286.54,1273.54,0.0019593385111313045
2024-06-21 07:00:00,22.93,23.02,22.63,22.63,9635400,1282.02,702735900,1288.06,1279.44,-0.00021838148211828005
2024-06-24 07:00:00,22.93,23.58,22.93,22.97,18895700,1254.12,1098142200,1284.84,1252.66,-0.022002827588539317
2024-06-25 07:00:00,23.32,23.32,22.97,23.15,5078400,1256.56,547152400,1260.07,1250.25,0.001943697140364327
2024-06-26 07:00:00,23.15,23.28,22.67,22.8,7238900,1261.24,589079700,1262.67,1247.55,0.0037175354593899216
2024-06-27 07:00:00,22.84,23.75,22.67,23.58,13592000,1259.09,469667500,1262.49,1255.12,-0.0017061261989741554
2024-06-28 07:00:00,23.62,23.62,22.89,22.97,8247600,1245.32,671599000,1262.61,1240.15,-0.010996712810001221
2024-07-01 07:00:00,23.06,23.45,22.93,23.28,5851400,1254.56,432927800,1254.56,1240.07,0.007392388497420312
2024-07-02 07:00:00,23.49,23.92,23.15,23.88,12915600,1269.79,470400200,1270.47,1257.93,0.012066618966782005
2024-07-03 07:00:00,23.92,24.01,23.58,23.71,5786300,1276.85,501951100,1278.14,1268.23,0.005544574880404657
2024-07-04 07:00:00,23.71,23.97,23.36,23.45,7289900,1279.89,475717900,1283.13,1274.58,0.0023780293910261132
2024-07-05 07:00:00,23.45,23.62,23.1,23.23,8940100,1283.04,589226400,1284.98,1276.93,0.0024581253378942324
2024-07-08 07:00:00,23.28,23.32,22.67,22.8,14275500,1283.56,664000500,1287.14,1277.68,0.00040520533555273605
2024-07-09 07:00:00,22.76,23.1,22.76,22.93,7136100,1293.71,757408500,1294.15,1283.62,0.007876592267044298
2024-07-10 07:00:00,23.02,23.23,22.8,22.89,6402900,1285.94,678093600,1297.96,1285.94,-0.00602409125079032
2024-07-11 07:00:00,23.1,23.92,23.06,23.41,16669300,1283.8,636332300,1293.32,1283.8,-0.0016655385328476894
2024-07-12 07:00:00,23.62,23.62,23.06,23.1,6914700,1280.75,546830500,1288.67,1277.16,-0.0023785860583660965
2024-07-15 07:00:00,23.1,23.28,22.97,22.97,5727000,1279.82,474359200,1286.37,1276.27,-0.0007264007942712075
2024-07-16 07:00:00,23.02,23.32,22.76,22.76,7934800,1281.18,637199000,1291.47,1279.37,0.0010620852228371805
2024-07-17 07:00:00,22.8,22.93,21.2,21.2,35495200,1268.66,1082362800,1290.76,1256.42,-0.009820302934445382
2024-07-18 07:00:00,21.24,21.42,20.68,21.37,12650600,1274.44,652389000,1274.67,1256.21,0.004545641109358068
2024-07-19 07:00:00,21.46,21.46,20.33,20.59,11849400,1264.78,726065300,1279.94,1260.68,-0.00760867242927472
2024-07-22 07:00:00,20.33,20.9,19.9,20.77,14319800,1254.64,834239700,1267.43,1245.02,-0.008049515167346113
2024-07-23 07:00:00,20.94,20.94,20.07,20.16,5807800,1231.81,662804800,1258.74,1231.81,-0.018364046405172203
2024-07-24 07:00:00,19.94,21.24,19.86,21.16,12335900,1238.47,658299500,1242.4,1218.65,0.005392114364817119
2024-07-25 07:00:00,20.81,21.03,20.59,21.03,5816300,1233.19,421019600,1235.67,1226.2,-0.00427243879145199
2024-07-26 07:00:00,21.03,21.03,20.51,21.03,5500900,1242.11,417284900,1242.11,1234.05,0.007207238404949167
2024-07-29 07:00:00,21.2,21.67,21.03,21.2,8713400,1246.6,464637300,1249.68,1243.08,0.0036082989754389057
2024-07-30 07:00:00,21.03,21.24,20.46,21.03,6133100,1245.06,602301200,1248.73,1236.97,-0.0012361238660921468
2024-07-31 07:00:00,21.11,21.46,20.72,21.16,6756000,1251.51,685428100,1255.77,1246.3,0.005167100742753986
2024-08-01 07:00:00,21.11,21.11,19.68,20.2,14146400,1226.96,852237400,1257.85,1222.51,-0.019811256908887496
2024-08-02 07:00:00,20.16,20.68,19.64,20.68,10272000,1236.6,657669700,1236.6,1209.77,0.00782611278194394
2024-08-05 07:00:00,20.07,20.33,19.25,19.51,19505800,1188.07,942540200,1236.6,1184.53,-0.040035536378821374
2024-08-06 07:00:00,19.9,20.07,19.21,19.73,9612800,1210.28,612793000,1213.35,1186.74,0.01852159603381973
2024-08-07 07:00:00,19.9,20.16,19.6,19.9,7076900,1215.88,510188600,1217.79,1205.11,0.004616356666512275
2024-08-08 07:00:00,19.81,20.25,19.51,19.81,8715500,1208.32,639434200,1219.97,1202.58,-0.006237129368952555
2024-08-09 07:00:00,20.12,20.2,19.77,20.03,6766300,1223.64,544377600,1225.02,1208.32,0.012599058087108187
2024-08-12 07:00:00,18.78,19.47,18.65,19.3,34262900,1230.28,494612600,1231.46,1221.16,0.005411762572179802
2024-08-13 07:00:00,19.3,19.64,19.08,19.38,7255400,1230.42,488354400,1231.55,1223.01,0.00011378875941899447
2024-08-14 07:00:00,19.43,19.55,18.95,19.21,9755100,1230.36,443207500,1236.51,1228.93,-4.876502573333678e-05
2024-08-15 07:00:00,19.21,19.3,18.78,19.21,13801500,1223.56,432238900,1231.69,1222.28,-0.005542167149301726
2024-08-16 07:00:00,19.47,20.55,19.3,20.55,28028300,1252.23,917109200,1253.24,1225.73,0.023161319537739197
2024-08-19 07:00:00,20.9,21.11,20.42,20.51,13679100,1261.62,609857600,1263.84,1252.23,0.007470647549960541
2024-08-20 07:00:00,20.72,21.8,20.46,21.67,26124600,1272.55,772116400,1275.95,1261.62,0.008626151975185544
2024-08-21 07:00:00,21.59,21.67,21.03,21.24,21433200,1284.05,715821800,1284.05,1268.91,0.008996383918118266
2024-08-22 07:00:00,21.29,21.59,21.07,21.33,10226200,1282.78,612390700,1288.42,1280.42,-0.0009895474991584495
2024-08-23 07:00:00,21.33,22.06,21.11,21.76,20017700,1285.32,635715300,1287.43,1276.43,0.001978116761995283
2024-08-26 07:00:00,21.93,21.98,21.63,21.72,11865800,1280.02,692148600,1290.45,1278.72,-0.0041320117729447174
2024-08-27 07:00:00,21.46,21.93,21.37,21.67,15858500,1280.56,589971400,1282.92,1274.7,0.00042177944684833487
2024-08-28 07:00:00,21.89,22.15,20.25,20.81,41917700,1281.44,658164100,1285.72,1276.9,0.0006869633369301614
2024-08-29 07:00:00,20.77,21.11,20.59,20.64,10908100,1281.47,581218200,1288.2,1280.24,2.34108884052131e-05
2024-08-30 07:00:00,20.42,20.59,19.55,20.07,32324200,1283.87,510781800,1286.84,1282.58,0.001871097554476947
2024-09-04 07:00:00,19.68,20.25,19.55,20.2,9372300,1275.8,588167700,1277.27,1268.43,-0.006305521210399527
2024-09-05 07:00:00,20.2,20.51,19.68,19.77,12148300,1268.21,594459100,1282.21,1266.05,-0.005966975381401426
2024-09-06 07:00:00,19.81,19.86,18.99,19.43,18662500,1273.96,514945000,1274.44,1262.94,0.004523702038499299
2024-09-09 07:00:00,19.38,19.73,19.21,19.43,6241800,1267.73,433866000,1273.96,1262.97,-0.004902259895335234
2024-09-10 07:00:00,19.47,19.55,18.78,19.47,13617000,1255.23,601503900,1271.83,1252.22,-0.009909076862795133
2024-09-11 07:00:00,19.34,19.34,18.6,18.95,8734800,1253.27,517736700,1256.86,1244.79,-0.0015626871826657574
2024-09-12 07:00:00,19.12,19.21,18.78,18.78,4728500,1256.35,381113000,1260.93,1253.27,0.002454556105208613
2024-09-13 07:00:00,18.82,19.12,18.69,19.04,6622500,1251.71,383574300,1254.24,1248.78,-0.003700075192523659
2024-09-16 07:00:00,19.04,19.12,18.6,18.95,7796400,1239.26,453594700,1255.42,1239.26,-0.009996189171903124
2024-09-17 07:00:00,18.78,19.55,18.78,19.47,12889800,1258.95,460745200,1258.95,1238.69,0.015763612932007853
2024-09-18 07:00:00,19.55,19.73,19.34,19.6,9181800,1264.9,598425800,1271.77,1257.93,0.0047150274565499455
2024-09-19 07:00:00,19.6,19.99,19.6,19.81,10010300,1271.27,477857400,1271.27,1264.82,0.005023333132224256
2024-09-20 07:00:00,19.99,19.99,19.6,19.68,7578000,1272.04,840427500,1283.3,1271.27,0.000605510160795262
2024-09-23 07:00:00,19.68,19.73,19.38,19.55,5999200,1268.48,455722900,1276.99,1267.87,-0.002802577685001977
2024-09-24 07:00:00,19.43,19.73,19.38,19.68,6848500,1276.99,493764800,1276.99,1266.68,0.006686412886801099
2024-09-25 07:00:00,19.81,20.16,19.77,19.94,12809600,1287.48,904058400,1288.44,1280.47,0.00818107328834029
2024-09-26 07:00:00,20.07,20.16,19.86,19.94,8730500,1291.49,889834500,1298.71,1289.15,0.0031097711346911553
2024-09-27 07:00:00,20.07,20.38,19.81,20.07,12775200,1290.92,874903600,1300.31,1287.21,-0.0004414481118463615
2024-09-30 07:00:00,19.99,20.07,19.73,20.07,9750700,1287.94,693267200,1292.03,1283.92,-0.0023110997311940077
2024-10-01 07:00:00,20.2,20.29,19.77,19.81,12859200,1292.2,922549900,1302.22,1290.68,0.0033021493957590318
2024-10-02 07:00:00,19.64,19.77,19.04,19.38,20544900,1287.84,677770900,1293.69,1285.14,-0.0033797957786414327
2024-10-03 07:00:00,19.21,19.34,18.65,18.95,15578800,1278.1,1009745900,1299.36,1276.51,-0.007591796207755055
2024-10-04 07:00:00,18.99,19.17,18.82,18.82,7983200,1270.6,568802900,1279.33,1270.6,-0.005885370305235871
2024-10-07 07:00:00,18.99,19.04,18.69,18.78,4339600,1269.93,497177600,1278.61,1264.65,-0.0005274490090908634
2024-10-08 07:00:00,18.78,18.86,18.39,18.43,10233300,1271.98,650356800,1275.82,1266.94,0.0016129606826734038
2024-10-09 07:00:00,18.56,18.73,18.43,18.52,5099700,1281.85,643356300,1283.01,1271.98,0.007729605448831301
2024-10-10 07:00:00,18.69,18.82,18.43,18.47,5787500,1286.36,665300300,1294.33,1284.97,0.0035121774590472755
2024-10-11 07:00:00,18.47,18.78,18.47,18.6,4737700,1288.39,479873200,1289.37,1283.56,0.0015768524482975108
2024-10-14 07:00:00,18.69,18.78,18.39,18.39,5610700,1286.34,670466100,1297.67,1286.13,-0.001592400316296404
2024-10-15 07:00:00,18.39,18.47,17.18,17.61,24968000,1281.08,675124700,1294.05,1279.81,-0.004097504389164149
2024-10-16 07:00:00,17.56,17.61,17.31,17.31,5026300,1279.48,482243100,1283.33,1276.4,-0.001249726784954984
2024-10-17 07:00:00,17.43,18.43,17.26,18.21,10505600,1286.52,617839000,1286.52,1271.82,0.005487153284372991
2024-10-18 07:00:00,18.43,18.43,17.65,17.65,5175400,1285.46,607857500,1294.1,1285.46,-0.0008242677314871364
2024-10-21 07:00:00,17.65,17.91,17.52,17.52,5574400,1279.77,580256800,1287.71,1279.77,-0.004436256656731703
2024-10-22 07:00:00,17.52,17.82,17.39,17.52,7320500,1269.89,728503100,1280.21,1265.44,-0.007750091739745312
2024-10-23 07:00:00,17.65,18.3,17.52,18.13,11819700,1270.9,535847500,1273.21,1263.26,0.0007950283598403028
2024-10-24 07:00:00,18.13,18.26,17.87,17.87,4716000,1257.41,592565400,1274.11,1257.41,-0.0106712610519671
2024-10-25 07:00:00,18.08,18.43,17.91,18.21,9711700,1252.72,525132900,1261.72,1251.75,-0.0037368625988702035
2024-10-28 07:00:00,18.26,18.3,17.91,18.04,3767000,1254.77,400523500,1255.18,1250.94,0.001635101600989648
2024-10-29 07:00:00,18.26,18.26,17.74,17.74,6419600,1261.78,490901600,1262.38,1257.43,0.005571133600429916
2024-10-30 07:00:00,17.74,18.13,17.65,17.78,4423600,1258.63,475263400,1264.84,1255.07,-0.002499594621583504
2024-10-31 07:00:00,17.78,18.08,17.74,17.78,3327700,1264.48,469095100,1267.88,1255.55,0.004637142639641829
2024-11-01 07:00:00,17.78,18.3,17.78,18.0,9829300,1254.89,537480700,1264.67,1254.33,-0.007613051134604667
2024-11-04 07:00:00,18.13,18.21,17.82,18.13,5223000,1244.71,588219400,1256.96,1242.36,-0.008145348282968376
2024-11-05 07:00:00,18.13,18.65,18.13,18.26,10143600,1245.76,332629000,1248.97,1243.55,0.0008432143829986124
2024-11-06 07:00:00,18.47,18.52,18.0,18.21,7808600,1261.28,502638900,1262.44,1250.57,0.012381292889507105
2024-11-07 07:00:00,18.3,18.73,18.21,18.39,10026000,1259.75,470366800,1267.09,1259.75,-0.0012137897508906522
2024-11-08 07:00:00,18.39,18.47,18.0,18.04,6910000,1252.56,503245100,1264.09,1250.77,-0.005723831557440059
2024-11-11 07:00:00,18.0,18.04,17.61,17.65,8429500,1250.32,712083900,1253.87,1241.29,-0.0017899384693293727
2024-11-12 07:00:00,17.74,17.91,17.56,17.61,4532000,1244.82,516346200,1257.02,1242.91,-0.00440857740083501
2024-11-13 07:00:00,17.61,17.87,17.48,17.82,5227000,1246.04,587703600,1247.04,1234.62,0.0009795814277457856
2024-11-14 07:00:00,17.87,17.95,17.35,17.43,4238900,1231.89,555483300,1247.07,1231.69,-0.011420947167875959
2024-11-15 07:00:00,17.48,17.52,17.0,17.31,8556100,1218.57,668031300,1231.89,1217.03,-0.010871535296191033
2024-11-18 07:00:00,17.31,17.48,16.92,17.22,5911500,1217.12,555960200,1225.38,1204.6,-0.0011906278477907348
2024-11-19 07:00:00,17.13,17.52,17.13,17.22,5624400,1205.15,437479200,1221.4,1205.15,-0.009883371743592212
2024-11-20 07:00:00,17.31,18.34,17.22,17.95,14090800,1216.54,649274200,1222.73,1197.99,0.009406723394208153
2024-11-21 07:00:00,18.0,18.08,17.87,17.95,2749500,1228.33,427350400,1228.55,1214.06,0.009644759347831842
2024-11-22 07:00:00,18.08,18.08,17.69,17.74,4521000,1228.1,453742400,1233.42,1226.33,-0.0001872636311005169
2024-11-25 07:00:00,17.82,17.82,17.52,17.74,6001700,1234.7,409112200,1236.57,1229.0,0.005359765957359764
2024-11-26 07:00:00,17.65,18.17,17.65,17.82,7834500,1242.13,503889900,1246.83,1235.22,0.005999622329494406
2024-11-27 07:00:00,17.82,17.87,17.52,17.78,5192600,1241.97,366063100,1245.34,1239.23,-0.00012881929086698354
2024-11-28 07:00:00,17.82,17.91,17.52,17.61,4757700,1242.11,414791400,1250.46,1240.91,0.00011271778698595457
2024-11-29 07:00:00,17.56,17.61,17.31,17.56,7817200,1250.46,427963100,1250.92,1241.0,0.006699937201642893
2024-12-02 07:00:00,17.65,17.82,17.48,17.56,5133400,1251.21,388759600,1258.05,1247.74,0.0005995994855195957
2024-12-03 07:00:00,17.65,17.65,17.22,17.56,7593400,1249.83,477509700,1253.83,1244.91,-0.0011035410389657397
2024-12-04 07:00:00,17.56,17.74,17.22,17.48,8216400,1240.41,505245200,1247.78,1239.82,-0.0075655719382001375
2024-12-05 07:00:00,17.43,18.3,17.22,18.17,16331900,1267.53,839974300,1269.18,1238.49,0.021628154714985536
2024-12-06 07:00:00,18.17,18.3,17.91,18.04,7941500,1270.14,599525400,1276.1,1268.58,0.0020570057732501104
2024-12-09 07:00:00,18.08,18.43,18.04,18.17,9391000,1273.84,584652400,1277.69,1268.69,0.0029088299506266724
2024-12-10 07:00:00,18.17,18.34,18.13,18.17,5790300,1272.07,499630100,1277.32,1270.32,-0.0013904657157367483
2024-12-11 07:00:00,18.17,18.34,17.91,18.0,6132200,1268.86,501800700,1276.67,1264.15,-0.00252663529313225
2024-12-12 07:00:00,18.04,18.08,17.74,17.95,6690200,1267.35,487930700,1275.64,1265.99,-0.001190753272338045
2024-12-13 07:00:00,17.91,18.0,17.65,17.78,6446400,1262.57,395230700,1266.55,1260.48,-0.0037787801099414763
2024-12-16 07:00:00,17.74,17.74,17.13,17.43,16866300,1263.79,385861700,1267.1,1258.65,0.0009658165066219466
2024-12-17 07:00:00,17.43,17.48,17.13,17.31,6520400,1261.72,358215800,1265.45,1260.6,-0.001639273226829303
2024-12-18 07:00:00,17.22,17.39,17.18,17.22,4756800,1266.0,391898500,1266.53,1261.49,0.0033864542673068864
2024-12-19 07:00:00,16.96,17.05,16.31,16.92,16592900,1254.67,662711300,1259.76,1249.39,-0.008989733922349722
2024-12-20 07:00:00,16.79,16.87,16.44,16.44,5919200,1257.5,447065000,1259.0,1253.9,0.002253033192122547
2024-12-23 07:00:00,16.79,16.92,16.74,16.79,5459800,1262.76,384666600,1265.2,1261.62,0.004174178566826865
2024-12-24 07:00:00,16.66,16.79,16.31,16.61,7112700,1260.36,520744700,1263.17,1253.78,-0.0019024071180368514
2024-12-25 07:00:00,16.61,16.79,16.57,16.61,4028600,1274.04,724345800,1283.09,1260.81,0.010795559390797762
2024-12-26 07:00:00,16.7,16.96,16.61,16.61,5025500,1272.87,502090700,1277.17,1271.99,-0.0009187604448542244
2024-12-27 07:00:00,16.66,16.7,16.44,16.44,5210500,1275.14,590030100,1277.89,1272.23,0.001781783117458189
2024-12-30 07:00:00,16.44,16.53,16.14,16.35,6232900,1272.02,452947700,1274.15,1268.77,-0.0024497884391875
2024-12-31 07:00:00,16.31,16.48,16.09,16.35,6186100,1266.78,407172200,1272.46,1266.78,-0.0041279403188518035
2025-01-02 07:00:00,16.4,16.7,16.27,16.7,4114400,1269.71,371662600,1271.13,1263.25,0.0023102801928758117
2025-01-03 07:00:00,16.7,16.74,16.27,16.57,4830700,1254.59,504666900,1269.71,1254.59,-0.011979701957987537
2025-01-06 07:00:00,16.57,16.57,16.01,16.22,5741900,1246.35,515113100,1260.37,1244.87,-0.0065895461838348995
2025-01-07 07:00:00,16.22,16.22,15.4,15.66,12234900,1246.95,506059500,1254.09,1243.06,0.00048128986610676365
2025-01-08 07:00:00,15.57,15.92,15.23,15.92,6454100,1251.02,367537100,1251.02,1239.67,0.0032586489041419894
2025-01-09 07:00:00,15.66,16.05,15.57,15.7,4096800,1245.77,290493600,1253.26,1242.9,-0.004205405931117435
2025-01-10 07:00:00,15.7,15.79,15.27,15.49,4986700,1230.48,474211100,1247.8,1230.48,-0.012349475474676571
2025-01-13 07:00:00,15.4,15.7,14.97,15.57,7211100,1235.65,434027000,1235.65,1220.87,0.004192810252420064
2025-01-14 07:00:00,15.57,15.66,15.32,15.49,2887600,1229.07,322278200,1235.65,1226.7,-0.005339361576412889
2025-01-15 07:00:00,15.44,15.92,15.44,15.79,5697200,1236.18,392613400,1237.46,1231.13,0.0057681936628605854
2025-01-16 07:00:00,15.88,16.05,15.75,15.88,3702600,1242.36,401866600,1245.4,1235.56,0.004986817083599176
2025-01-17 07:00:00,15.88,16.09,15.75,15.92,3834000,1249.11,356902800,1249.11,1239.63,0.005418501137945779
2025-01-20 07:00:00,15.79,15.96,15.66,15.92,4445300,1249.55,356673500,1253.02,1247.5,0.00035218877682287054
2025-01-21 07:00:00,15.75,16.09,15.75,16.05,5377500,1246.09,379222600,1254.17,1243.08,-0.002772837602288454
2025-01-22 07:00:00,16.09,16.09,15.75,15.88,3420700,1242.53,400259000,1249.14,1242.53,-0.0028610253299857303
2025-01-23 07:00:00,15.92,16.01,15.75,15.75,4535900,1259.63,495626300,1263.59,1242.53,0.013668403479519928
2025-01-24 07:00:00,15.75,16.01,15.1,15.32,17521200,1265.05,495593500,1265.38,1258.46,0.004293620044164451
2025-02-03 07:00:00,15.44,15.49,14.75,15.1,9421600,1253.03,505566400,1259.09,1249.78,-0.009547028924841258
2025-02-04 07:00:00,15.1,15.36,15.01,15.32,7026400,1264.68,584557300,1264.68,1255.44,0.00925450758648638
2025-02-05 07:00:00,15.44,16.35,15.32,16.35,24114500,1269.61,533635600,1271.8,1266.18,0.0038906409438684165
2025-02-06 07:00:00,16.4,16.44,16.14,16.27,6102100,1271.48,537101800,1275.47,1268.28,0.0014718096073495174
2025-02-07 07:00:00,16.35,16.53,16.14,16.18,7375900,1275.2,549313500,1279.35,1269.11,0.002921452750886857
2025-02-10 07:00:00,16.09,16.14,15.79,15.88,8134100,1263.26,722097700,1274.47,1263.26,-0.009407347805812961
2025-02-11 07:00:00,15.88,15.96,15.75,15.96,6890100,1268.45,571767200,1268.45,1263.11,0.004100001398523579
2025-02-12 07:00:00,16.09,16.14,15.75,15.83,5190900,1266.91,461579300,1272.86,1266.59,-0.001214817768988988
2025-02-13 07:00:00,15.92,16.09,15.83,16.09,6098200,1270.35,471455600,1270.67,1263.85,0.00271158817604544
2025-02-14 07:00:00,16.27,16.4,15.96,15.96,6359100,1276.08,612731000,1280.6,1272.15,0.0045004258284751025
2025-02-17 07:00:00,16.09,16.4,16.05,16.27,8246600,1272.72,739384500,1278.49,1272.72,-0.0026365363672084243
2025-02-18 07:00:00,16.35,17.0,16.22,16.66,14085200,1278.14,630728100,1283.34,1272.19,0.004249553606637115
2025-02-19 07:00:00,16.66,16.96,16.66,16.79,10455500,1288.56,736575500,1288.56,1278.92,0.008119419678802444
2025-02-20 07:00:00,16.87,17.05,16.57,16.61,11794900,1292.98,713812400,1295.82,1288.56,0.0034243159657054594
2025-02-21 07:00:00,16.61,16.79,16.44,16.74,8696400,1296.75,667595300,1296.75,1290.98,0.0029115024833802267
2025-02-24 07:00:00,16.79,16.96,16.61,16.74,5269600,1304.56,807663000,1304.56,1294.69,0.006004684921512197
2025-02-25 07:00:00,16.92,17.18,16.79,16.92,13689100,1303.16,827899600,1309.97,1298.54,-0.0010737350133493797
2025-02-26 07:00:00,16.92,17.0,16.66,16.74,6320500,1302.96,710467500,1306.49,1301.2,-0.00015348487436704235
2025-02-27 07:00:00,16.66,17.18,16.66,17.18,16083200,1307.8,846430300,1307.87,1296.43,0.0037077368618702146
2025-02-28 07:00:00,17.22,17.48,17.05,17.22,13165500,1305.36,752261600,1308.77,1300.66,-0.0018674713443605872
2025-03-03 07:00:00,17.26,17.43,17.13,17.31,10269600,1309.37,801877900,1309.77,1304.3,0.0030672407046448244
2025-03-04 07:00:00,17.31,17.65,17.18,17.26,13867300,1311.91,935915000,1313.21,1298.28,0.001937985102678713
2025-03-05 07:00:00,17.31,17.35,16.87,16.92,12616700,1304.71,770489000,1319.52,1304.71,-0.005503296750583484
2025-03-06 07:00:00,16.92,17.31,16.87,17.31,10373700,1318.22,983991300,1318.22,1307.91,0.010301547868489257
2025-03-07 07:00:00,17.43,17.87,17.39,17.48,12653300,1326.05,892234400,1327.07,1318.71,0.0059222567175064526
2025-03-10 07:00:00,17.52,17.61,17.35,17.43,9988100,1330.28,856954000,1335.87,1326.51,0.003184847948483239
2025-03-11 07:00:00,17.22,17.61,17.09,17.61,8930100,1332.54,847458500,1332.54,1320.59,0.0016974489771378384
2025-03-12 07:00:00,17.74,17.74,17.31,17.43,7698800,1334.41,851270200,1342.91,1331.75,0.0014023512300268832
2025-03-13 07:00:00,17.43,17.74,17.0,17.39,15950200,1326.27,997593300,1340.91,1324.87,-0.006118755653608704
2025-03-14 07:00:00,17.39,18.34,17.18,17.87,25203700,1326.15,940130200,1333.32,1324.3,-9.04834076667908e-05
2025-03-17 07:00:00,18.34,18.47,18.04,18.21,21606600,1336.26,837533300,1336.26,1326.15,0.007594659420889906
2025-03-18 07:00:00,18.39,18.39,17.74,18.04,16329400,1330.97,810147700,1341.65,1330.97,-0.0039666672437456115
2025-03-19 07:00:00,18.04,18.04,17.61,17.69,10404300,1324.63,835603500,1330.7,1320.85,-0.004774824555987638
2025-03-20 07:00:00,17.82,17.87,17.22,17.61,13574200,1323.93,821245400,1332.41,1316.11,-0.0005285891324333212
2025-03-21 07:00:00,17.65,17.74,17.48,17.48,7383200,1321.88,714332100,1325.22,1320.67,-0.001549620275247285
2025-03-24 07:00:00,17.39,17.43,16.87,17.26,15410200,1330.32,794985200,1330.32,1316.73,0.006364549046259511
2025-03-25 07:00:00,17.39,17.69,17.22,17.48,8628200,1331.92,825911400,1337.6,1329.81,0.0012019954569378458
2025-03-26 07:00:00,17.48,17.61,17.05,17.05,6981600,1326.09,734831200,1338.55,1323.69,-0.004386747490910047
2025-03-27 07:00:00,17.09,17.26,16.96,17.09,5321100,1323.81,564278800,1328.82,1323.01,-0.001720820078215814
2025-03-28 07:00:00,17.22,17.39,16.96,17.13,9041900,1317.46,636613400,1325.34,1315.72,-0.004808302244153061
2025-03-31 07:00:00,16.96,17.39,16.74,17.18,9650400,1306.86,753148300,1314.09,1304.1,-0.008078327068126383
2025-04-01 07:00:00,17.26,17.31,17.09,17.22,4016400,1317.33,550212000,1317.46,1306.86,0.007979647476883305
2025-04-02 07:00:00,17.31,17.48,17.18,17.18,10811700,1317.83,709130200,1324.46,1317.68,0.000379483603272903
2025-04-03 07:00:00,16.22,16.74,16.01,16.01,17058700,1229.84,1716858800,1317.83,1229.41,-0.06910236483100379
2025-04-04 07:00:00,14.93,15.36,14.93,14.93,22525400,1210.67,1873634000,1210.67,1158.17,-0.01571015425109519
2025-04-08 07:00:00,13.89,14.28,13.89,13.89,4083000,1132.79,1055799900,1210.67,1130.98,-0.06649030913637342
2025-04-09 07:00:00,12.94,12.94,12.94,12.94,2969100,1094.3,1518649100,1141.35,1073.61,-0.03456872679247795
2025-04-10 07:00:00,13.8,13.8,13.8,13.8,28274900,1168.34,280341400,1168.4,1165.86,0.06546904849399772
2025-04-11 07:00:00,13.28,14.45,12.98,14.41,26963500,1222.46,1697947900,1222.46,1180.59,0.04528128405892582
2025-04-14 07:00:00,14.49,14.58,13.54,14.19,20786200,1241.44,983147400,1242.94,1222.46,0.015406774168318333
2025-04-15 07:00:00,13.93,14.45,13.54,13.54,17596900,1227.79,1004326400,1246.21,1221.75,-0.011056190834376738
2025-04-16 07:00:00,13.58,13.8,13.15,13.15,12806900,1210.3,762327900,1233.84,1205.93,-0.014347542566704405
2025-04-17 07:00:00,12.89,13.54,12.68,13.54,16898500,1217.25,697596200,1217.25,1197.5,0.005725953318252279
2025-04-18 07:00:00,13.76,13.76,13.32,13.54,12594400,1219.12,1039406300,1234.67,1217.25,0.0015350709187948455
2025-04-21 07:00:00,13.54,13.71,13.15,13.2,11151300,1207.07,819133100,1222.77,1201.63,-0.009933351536722876
2025-04-22 07:00:00,13.07,13.15,12.29,12.29,30611000,1197.13,1343776600,1203.82,1136.98,-0.008268909938541404
2025-04-23 07:00:00,12.63,12.94,11.81,12.55,18634400,1211.0,786549800,1216.28,1202.27,0.011519439046751422
2025-04-24 07:00:00,12.55,13.11,12.55,12.89,10512700,1223.35,741456000,1224.66,1210.37,0.01014653271281006
2025-04-25 07:00:00,12.94,13.2,12.72,12.72,8485700,1229.23,787290000,1230.72,1220.67,0.004794959810403022
2025-04-28 07:00:00,12.72,12.98,12.68,12.72,7219000,1226.8,576313200,1234.3,1222.56,-0.0019788038362088655
2025-04-29 07:00:00,12.89,12.89,12.68,12.72,5084600,1226.3,561661100,1229.1,1222.3,-0.0004076474721160962
2025-05-05 07:00:00,12.76,13.07,12.68,13.07,7818700,1240.05,562287398,1241.51,1226.3,0.01115019559881397
2025-05-06 07:00:00,13.11,13.58,13.11,13.24,11527600,1241.95,723040799,1251.02,1240.05,0.0015310236673155707
2025-05-07 07:00:00,13.2,13.76,13.2,13.54,12389300,1250.37,696102300,1250.79,1240.2,0.006756782462879687
2025-05-08 07:00:00,13.71,13.71,13.28,13.41,8112800,1269.8,780069567,1271.44,1250.37,0.015419900239359994
2025-05-09 07:00:00,13.54,13.71,13.28,13.32,10361400,1267.3,693909959,1279.61,1264.87,-0.0019707546483310225
2025-05-12 07:00:00,13.41,13.58,13.32,13.41,6184600,1283.26,831857112,1283.86,1267.3,0.012515062035843601
2025-05-13 07:00:00,13.63,13.76,13.54,13.63,10706000,1293.43,883805575,1293.7,1283.26,0.007893889300324412
2025-05-14 07:00:00,13.63,13.97,13.45,13.84,14209900,1309.73,915939876,1310.57,1292.34,0.012523404657841675
2025-05-15 07:00:00,14.06,14.15,13.76,13.84,8330000,1313.2,1046611026,1316.16,1301.61,0.002645897545409417
2025-05-16 07:00:00,13.84,14.06,13.58,13.63,10680300,1301.39,849810205,1318.03,1299.55,-0.009033982628656522
2025-05-19 07:00:00,13.54,14.1,13.45,13.84,15060300,1296.29,829016708,1306.2,1291.66,-0.0039265856862126264
2025-05-20 07:00:00,13.93,13.97,13.67,13.71,6530700,1315.15,856903527,1316.67,1296.29,0.014444389235051251
2025-05-21 07:00:00,13.8,13.8,13.5,13.67,8952900,1323.05,989954494,1331.6,1313.13,0.005988949748138295
2025-05-22 07:00:00,13.67,13.93,13.5,13.76,12181700,1313.84,1118092439,1331.93,1312.8,-0.0069855302664524575
2025-05-23 07:00:00,13.8,13.84,13.5,13.5,6704800,1314.46,641199057,1320.07,1308.62,0.0004717878564092997
2025-05-26 07:00:00,13.58,14.06,12.98,13.97,19132500,1332.51,959629532,1332.51,1288.86,0.013638446816556434
2025-05-27 07:00:00,14.1,14.93,14.1,14.93,32234400,1339.81,1052148659,1339.81,1329.6,0.005463431144609242
2025-05-28 07:00:00,15.32,15.32,14.62,14.71,17580500,1341.87,898547998,1348.05,1337.18,0.001536350649739883
2025-05-29 07:00:00,15.03,15.26,14.62,15.03,17076800,1341.86,894918607,1348.31,1335.62,-7.452314502582065e-06
2025-05-30 07:00:00,15.12,15.17,14.57,14.76,19168300,1332.6,910315797,1345.78,1328.69,-0.006924790053681066
2025-06-02 07:00:00,15.12,15.76,15.12,15.76,13588400,1336.3,860225663,1336.33,1322.95,0.0027726796585784254
2025-06-03 07:00:00,16.13,16.54,15.99,16.04,24384900,1347.25,1034655094,1350.89,1336.3,0.008160877026590848
2025-06-04 07:00:00,16.22,16.91,16.04,16.4,24299800,1345.74,952312254,1351.14,1341.53,-0.001121430200816727
2025-06-05 07:00:00,16.73,16.73,16.18,16.31,12184900,1342.09,756606282,1347.49,1336.11,-0.002715947246399856
2025-06-06 07:00:00,16.18,16.86,15.9,16.5,24770400,1329.89,900453514,1344.92,1325.45,-0.009131868337900455
2025-06-09 07:00:00,16.59,17.05,16.54,16.59,20065900,1310.57,718350414,1331.56,1309.05,-0.01463407496434039
2025-06-10 07:00:00,16.54,16.73,16.08,16.31,14100000,1316.23,702729250,1323.61,1299.94,0.004309432586734881
2025-06-11 07:00:00,16.36,16.45,15.9,16.13,15685800,1315.2,539559282,1322.07,1306.25,-0.0007828443489680718
2025-06-12 07:00:00,16.13,16.63,16.13,16.31,13260400,1322.99,810972360,1326.03,1308.63,0.005905581205486942
2025-06-13 07:00:00,15.99,16.08,15.21,15.35,35984000,1315.49,1163417530,1326.62,1304.12,-0.005685106728315642
2025-06-16 07:00:00,15.4,15.76,15.31,15.76,8805900,1338.11,778082690,1338.66,1307.37,0.01704895078694469
2025-06-17 07:00:00,15.81,16.08,15.67,15.81,12824700,1347.69,762355364,1353.01,1338.11,0.0071338451325811975
2025-06-18 07:00:00,15.85,16.18,15.72,15.85,12537500,1346.83,766359975,1353.99,1341.64,-0.0006383326375027832
2025-06-19 07:00:00,15.81,16.04,15.53,15.9,11137600,1352.04,650852162,1353.96,1342.08,0.003860879902965109
2025-06-20 07:00:00,15.95,16.08,15.72,15.9,7912400,1349.35,778282664,1356.78,1342.31,-0.0019915679625095283
2025-06-23 07:00:00,15.76,15.76,15.49,15.72,9867400,1358.18,734132370,1358.26,1338.49,0.006522573197890774
2025-06-24 07:00:00,15.9,16.13,15.81,15.85,14279900,1366.77,881509880,1371.24,1355.53,0.006304723722657403
2025-06-25 07:00:00,15.95,16.13,15.81,15.81,8885700,1366.75,733106140,1371.57,1364.09,-1.4633147004843467e-05
2025-06-26 07:00:00,15.81,15.95,15.67,15.85,8866800,1365.67,598738983,1372.74,1360.78,-0.0007905080889769431
2025-06-27 07:00:00,16.04,16.59,16.04,16.13,23661700,1371.44,677782586,1373.28,1362.09,0.0042161320130940354
2025-06-30 07:00:00,16.36,16.36,16.13,16.22,9268000,1376.07,636408174,1377.3,1371.44,0.003370327593145392
2025-07-01 07:00:00,16.36,16.36,15.63,15.67,19066700,1377.84,725237758,1382.16,1369.74,0.0012854452351198965
2025-07-02 07:00:00,15.85,15.99,15.67,15.95,11122300,1384.59,848885603,1384.72,1372.27,0.004887011387882989
2025-07-03 07:00:00,15.95,16.36,15.9,16.18,22281000,1381.96,1315032525,1392.39,1377.06,-0.0019012855666896093
2025-07-04 07:00:00,16.27,17.05,16.27,16.73,28487800,1386.97,834917440,1388.04,1379.4,0.0036187303162223063
2025-07-07 07:00:00,16.95,17.32,16.63,17.05,21636600,1402.06,1230455872,1402.32,1386.97,0.010821072019612014
2025-07-08 07:00:00,17.23,17.23,16.68,16.95,22383400,1415.46,1174871653,1415.65,1400.79,0.009511982902277095
2025-07-09 07:00:00,17.18,17.5,16.91,17.09,25733600,1431.32,1430949638,1432.29,1415.46,0.011142528816725502
2025-07-10 07:00:00,17.14,17.32,16.73,16.86,22927600,1445.64,1073701407,1446.16,1431.32,0.009955034663240618
2025-07-11 07:00:00,16.91,17.0,16.54,16.54,21406400,1457.76,1232260482,1463.91,1445.64,0.008348880898786612
2025-07-14 07:00:00,16.59,17.28,16.22,17.18,29638500,1470.42,1256774726,1473.93,1447.72,0.008647063284394308
2025-07-15 07:00:00,17.32,17.5,16.86,16.86,23276500,1460.65,1332298301,1476.32,1460.49,-0.006666532142663248
2025-07-16 07:00:00,16.86,17.64,16.77,17.41,29706100,1475.47,1218566877,1475.47,1457.31,0.010095040978198239
2025-07-17 07:00:00,17.69,18.6,17.46,18.6,51670900,1490.01,1405002217,1494.46,1475.47,0.009806248240901731
2025-07-18 07:00:00,19.2,19.84,18.79,18.83,31490800,1497.28,1459740870,1501.2,1484.29,0.0048672973514721374
2025-07-21 07:00:00,19.2,19.2,18.42,18.42,32367300,1485.05,1388969063,1511.96,1485.05,-0.008201686974204269
2025-07-22 07:00:00,18.33,18.79,18.1,18.79,25530400,1509.54,1226974741,1509.54,1476.61,0.01635652693283406
2025-07-23 07:00:00,19.06,19.52,18.56,18.6,29350100,1512.31,1439115085,1523.37,1507.14,0.0018333145429722916
2025-07-24 07:00:00,18.79,19.34,18.56,18.97,25979600,1521.02,1390154530,1525.32,1502.82,0.005742879237307202
2025-07-25 07:00:00,19.06,19.98,18.97,19.98,34914800,1531.13,1405568881,1534.51,1521.02,0.006624862458456714
2025-07-28 07:00:00,20.76,21.35,20.44,21.35,31017400,1557.42,1788192102,1558.12,1531.13,0.017024581101225525
2025-07-29 07:00:00,22.0,22.09,19.89,19.89,63159200,1493.41,2642722700,1564.92,1493.41,-0.041968510267623514
2025-07-30 07:00:00,19.89,20.44,19.38,20.21,30232200,1507.63,1620038736,1512.15,1482.45,0.009476785663675668
2025-07-31 07:00:00,20.25,20.39,19.02,19.93,39800100,1502.52,1651133772,1522.39,1488.3,-0.003395182903638471
2025-08-01 07:00:00,20.07,20.12,19.11,19.11,26945400,1495.21,1378350894,1509.03,1486.59,-0.0048770332813827645
2025-08-04 07:00:00,18.74,19.7,18.74,19.7,16931500,1528.19,1228661002,1528.21,1491.11,0.02181736335846301
2025-08-05 07:00:00,19.98,20.62,18.33,19.48,48416200,1547.15,2697027395,1584.98,1519.08,0.01233050018829957
2025-08-06 07:00:00,19.57,19.8,19.43,19.75,13923900,1573.71,1325741058,1573.71,1547.15,0.017021360303685944
2025-08-07 07:00:00,20.35,20.53,19.98,20.21,24068700,1581.81,1605153483,1587.84,1567.72,0.005133871939157273
2025-08-08 07:00:00,20.3,21.31,19.84,20.9,45271500,1584.95,1817288244,1589.58,1565.45,0.00198310009539902
2025-08-11 07:00:00,21.31,22.13,21.22,21.4,29234900,1596.86,1589742304,1601.79,1584.95,0.007486339929092992
2025-08-12 07:00:00,21.49,22.0,20.44,21.22,37268700,1608.22,1583593191,1608.23,1591.18,0.007088776299293459
2025-08-13 07:00:00,21.54,22.41,21.22,22.18,43143100,1611.6,1863151895,1616.99,1585.54,0.002099497016326832
2025-08-14 07:00:00,22.68,22.68,21.67,22.32,32689200,1640.69,1752441563,1641.28,1611.6,0.017889410725601722
2025-08-15 07:00:00,22.32,22.32,21.08,21.35,34254000,1630.0,2011992093,1665.97,1622.98,-0.006536870241985932
2025-08-18 07:00:00,21.26,22.09,20.71,21.54,32933200,1636.37,1514197226,1642.71,1625.61,0.0039003591604502225
2025-08-19 07:00:00,21.67,23.0,21.67,23.0,52275900,1654.2,1789073441,1665.48,1636.37,0.0108371342965478
2025-08-20 07:00:00,23.28,23.65,21.95,22.91,47224600,1664.36,2280731304,1665.54,1614.6,0.0061231568777396885
2025-08-21 07:00:00,23.05,23.32,22.32,22.32,25845500,1688.0,1635930140,1693.68,1664.36,0.014103731020356763
2025-08-22 07:00:00,21.72,21.95,20.76,20.8,49567100,1645.47,2234242998,1689.3,1629.49,-0.025518338479269462
2025-08-25 07:00:00,21.03,21.45,19.52,19.52,25390100,1614.03,1449075936,1660.49,1608.53,-0.01929190065888686
2025-08-26 07:00:00,19.57,20.85,19.52,20.85,18943000,1667.63,1229376641,1667.96,1603.73,0.0326692997527207
2025-08-27 07:00:00,21.08,22.0,20.99,21.17,20722600,1672.78,1477066097,1696.6,1667.63,0.003083456270570452
2025-08-28 07:00:00,21.17,21.26,20.71,21.22,13406900,1680.86,1098450679,1684.16,1659.68,0.004818654139626495
2025-08-29 07:00:00,21.54,22.0,21.31,21.35,18809500,1682.21,1460861015,1694.42,1678.57,0.0008028379263659936
2025-09-03 07:00:00,21.72,22.82,21.67,22.82,30216300,1681.3,1241257543,1685.73,1670.39,-0.0005411014221473782
2025-09-04 07:00:00,23.55,24.1,23.1,23.28,33214700,1696.29,1289344174,1696.29,1675.95,0.008876209615783106
2025-09-05 07:00:00,23.65,24.74,23.23,23.28,47285300,1666.97,1651250921,1711.49,1666.97,-0.017435906112528505
2025-09-08 07:00:00,23.0,23.42,22.0,22.0,40651400,1624.53,1769876607,1667.36,1624.53,-0.02578906402881577
2025-09-09 07:00:00,22.04,22.32,21.45,22.22,24656800,1637.32,1012829196,1637.32,1613.01,0.007842215643914728
2025-09-10 07:00:00,22.36,22.36,21.45,21.58,23607800,1643.26,833100714,1646.49,1629.29,0.003621314823226149
2025-09-11 07:00:00,21.35,22.0,20.71,22.0,21409800,1657.75,1197131426,1659.19,1605.76,0.008779187622514888
2025-09-12 07:00:00,22.36,23.23,22.32,22.5,24392400,1667.26,1006501112,1670.62,1653.79,0.005720299146186038
2025-09-15 07:00:00,22.82,23.6,22.55,23.05,21591400,1684.9,1122425898,1684.9,1667.26,0.01052465444917656
2025-09-16 07:00:00,23.46,23.46,22.18,22.36,25769100,1680.9,1232560447,1696.87,1677.03,-0.0023768506049910926
2025-09-17 07:00:00,22.18,22.59,21.67,21.67,21850400,1670.97,967047675,1684.62,1670.97,-0.005925068126482078
2025-09-18 07:00:00,21.81,22.45,21.45,22.13,15519800,1665.18,863667370,1679.63,1654.32,-0.0034710704334745164
2025-09-19 07:00:00,22.36,23.05,22.13,22.45,18921000,1658.62,863955588,1671.77,1649.16,-0.003947294372515733
2025-09-22 07:00:00,22.68,23.28,22.36,22.73,30058600,1634.45,1138988356,1659.13,1616.02,-0.014679575005122597
2025-09-23 07:00:00,23.0,23.1,22.09,22.18,11680800,1635.26,657137789,1643.59,1627.58,0.0004954567937644783
2025-09-24 07:00:00,21.95,23.37,21.81,23.37,28252500,1657.46,942294584,1657.46,1619.09,0.013484496943285585
2025-09-25 07:00:00,23.55,24.19,23.19,23.19,28473700,1666.09,914938950,1668.21,1654.47,0.0051932538375133635
2025-09-26 07:00:00,23.23,23.69,22.87,23.05,21695400,1660.7,899321657,1671.43,1657.94,-0.003240363663609446
2025-09-29 07:00:00,23.42,23.78,22.36,22.36,31418300,1666.48,808656985,1674.84,1655.03,0.0034744172629520534
2025-09-30 07:00:00,22.36,22.59,20.99,21.35,36919300,1661.7,1048764085,1676.8,1645.97,-0.002872442768491479
2025-10-01 07:00:00,21.54,21.63,21.26,21.31,13237300,1665.05,665999631,1671.07,1658.81,0.0020139782865139307
2025-10-02 07:00:00,21.35,21.49,20.57,20.57,19696800,1652.71,735858787,1679.73,1651.18,-0.007438788160299684
2025-10-03 07:00:00,20.39,20.44,19.7,19.7,27402800,1645.82,814582654,1654.6,1638.6,-0.004177624590752905
2025-10-06 07:00:00,19.89,21.08,19.89,21.08,15008000,1695.5,1005160153,1695.5,1645.82,0.029738942323063965
2025-10-07 07:00:00,21.12,21.12,20.16,20.21,16184300,1685.3,799007265,1703.9,1685.3,-0.006034093083719112
2025-10-08 07:00:00,20.53,20.62,19.52,19.75,38832300,1697.83,1016488853,1704.42,1680.87,0.0074073755915680505
2025-10-09 07:00:00,20.5,20.95,20.25,20.8,13013600,1716.47,1043251858,1717.65,1697.83,0.010918891246479628
2025-10-10 07:00:00,21.0,21.55,20.95,21.4,10732900,1747.55,998294168,1747.57,1716.47,0.01794495068190948
2025-10-13 07:00:00,20.95,22.5,20.9,22.5,25956000,1765.12,1231241730,1766.77,1736.03,0.010003869722896006
2025-10-14 07:00:00,22.8,23.2,22.35,22.6,26843000,1761.06,1491009356,1794.58,1753.25,-0.0023027762587880195
2025-10-15 07:00:00,22.6,23.0,22.35,23.0,17682600,1757.95,1107614674,1773.73,1754.89,-0.0017675430360757946
2025-10-16 07:00:00,23.25,24.6,23.25,24.6,43774400,1766.85,1087385525,1768.45,1753.5,0.005049942642939395
2025-10-17 07:00:00,24.6,25.1,24.25,24.6,24105900,1731.19,1221045346,1771.61,1727.8,-0.020389266777534713
2025-10-20 07:00:00,24.1,24.8,22.9,22.9,35152700,1636.43,1636108645,1731.19,1636.43,-0.05629199348223595
2025-10-21 07:00:00,22.9,22.9,21.6,21.9,33230200,1663.43,1530032193,1677.11,1622.37,0.01636469580810429
2025-10-22 07:00:00,22.1,22.5,21.0,22.5,20270900,1678.5,910675007,1678.82,1628.37,0.009018801798852793
2025-10-23 07:00:00,22.6,22.9,21.85,21.85,14273800,1687.06,699304369,1698.01,1669.78,0.005086831587077469
2025-10-24 07:00:00,21.6,22.4,21.25,21.9,15011500,1683.18,916269054,1691.69,1660.32,-0.0023025076636470298
2025-10-27 07:00:00,22.1,22.2,20.4,20.4,17398300,1652.54,903493887,1697.16,1652.54,-0.018371363161767844
2025-10-28 07:00:00,19.9,20.95,19.5,20.95,18966400,1680.5,876810299,1680.5,1621.52,0.016777869983408068
2025-10-29 07:00:00,21.1,21.45,21.1,21.15,7710600,1685.83,823542134,1695.99,1675.68,0.0031666559451829263
2025-10-30 07:00:00,21.2,21.65,21.0,21.25,8212000,1669.57,763111948,1690.69,1661.92,-0.009691915884444288
2025-10-31 07:00:00,21.25,21.25,20.55,20.6,7672100,1639.65,777803290,1669.61,1639.33,-0.018083303817944704
2025-11-03 07:00:00,20.55,20.75,19.3,19.3,16513300,1617.0,965233110,1652.48,1617.0,-0.013910223830847397
2025-11-04 07:00:00,19.25,20.65,18.6,20.65,17529300,1651.98,1131564973,1658.93,1600.56,0.021401987893001583
2025-11-05 07:00:00,20.65,20.65,20.05,20.15,5482000,1654.89,614850900,1659.58,1640.51,0.0017599728753443533
2025-11-06 07:00:00,20.2,20.55,19.75,20.3,8907900,1642.64,550189158,1658.69,1638.12,-0.0074298376982094155
2025-11-07 07:00:00,20.3,20.35,19.5,19.7,8163900,1599.1,818296957,1642.64,1595.34,-0.026863732681847004
2025-11-10 07:00:00,19.6,19.95,19.05,19.65,7745700,1580.54,656338910,1609.49,1580.54,-0.011674410183283227
2025-11-11 07:00:00,19.7,20.2,19.6,20.15,9886500,1593.61,596030348,1597.08,1578.42,0.008235322128933896
2025-11-12 07:00:00,20.25,20.85,20.05,20.6,12044100,1631.86,682207403,1631.86,1593.61,0.023718585619595153
2025-11-13 07:00:00,20.65,20.65,20.0,20.0,8758300,1631.44,629954183,1638.98,1626.14,-0.00025740814655039
2025-11-14 07:00:00,20.1,20.6,20.0,20.45,11956700,1635.46,649838136,1638.35,1623.03,0.002461049942769355
2025-11-17 07:00:00,20.6,21.65,20.6,21.35,16821600,1654.42,661269040,1654.42,1635.46,0.011526383889032838
2025-11-18 07:00:00,21.4,21.4,20.85,21.0,9901400,1659.92,706237540,1660.41,1647.64,0.0033189142023017154
2025-11-19 07:00:00,21.1,21.6,20.75,21.1,14748300,1649.0,741997320,1661.51,1643.04,-0.006600364858596776
2025-11-20 07:00:00,21.25,21.25,20.5,21.1,8136400,1655.99,592496709,1660.55,1647.79,0.004229973720030429
2025-11-21 07:00:00,20.85,21.15,20.55,21.0,10267400,1654.93,666027161,1656.84,1635.1,-0.0006403054354776624
2025-11-24 07:00:00,21.0,21.05,20.6,20.7,7233000,1667.98,522154043,1674.29,1654.93,0.007854601594981003
2025-11-25 07:00:00,20.7,21.0,19.8,20.05,11951400,1660.36,778049790,1676.7,1658.47,-0.00457886713101474
2025-11-26 07:00:00,20.15,20.85,20.0,20.75,7851300,1680.36,682182877,1682.17,1660.36,0.011973609847567993
2025-11-27 07:00:00,20.8,20.85,20.25,20.25,7447800,1684.32,598407577,1695.34,1680.36,0.002353865347328747
2025-11-28 07:00:00,20.25,20.8,20.05,20.65,8816000,1690.99,632979322,1696.14,1679.12,0.00395223471752397
2025-12-01 07:00:00,20.7,20.7,20.15,20.2,6984500,1701.67,519841839,1713.77,1690.99,0.00629596557205811
2025-12-02 07:00:00,20.2,20.2,19.5,20.0,11349800,1717.06,661265926,1719.03,1690.36,0.009003404165265816
2025-12-03 07:00:00,20.05,20.3,19.75,20.2,6339900,1731.77,720629160,1741.65,1714.9,0.00853048088927859
2025-12-04 07:00:00,20.25,20.95,20.25,20.8,12488100,1737.24,762188232,1741.71,1725.23,0.0031536401068114873
2025-12-05 07:00:00,20.8,20.8,20.4,20.55,8014600,1741.32,629671556,1758.44,1737.24,0.0023457993370493892
2025-12-08 07:00:00,20.55,20.65,19.9,20.0,10980900,1753.74,609653976,1758.41,1741.32,0.007107204042412723
2025-12-09 07:00:00,20.0,20.0,19.0,19.8,14415200,1747.17,895768193,1772.03,1724.66,-0.0037533142599107065
2025-12-10 07:00:00,19.9,19.9,19.25,19.4,5924700,1718.98,518373930,1748.82,1714.44,-0.01626624442965842
2025-12-11 07:00:00,19.5,19.6,19.15,19.4,5308900,1698.9,497312893,1718.98,1693.72,-0.011750108855976363
2025-12-12 07:00:00,19.4,19.45,18.05,18.05,14734100,1646.89,830667261,1702.73,1642.57,-0.03109232194022805
2025-12-15 07:00:00,18.05,18.15,17.15,17.45,15045900,1646.01,599602932,1665.65,1636.82,-0.0005344832949372659
2025-12-16 07:00:00,17.3,18.65,16.85,17.95,15698600,1679.18,751636809,1689.07,1629.37,0.01995140144925003
2025-12-17 07:00:00,18.1,18.35,17.75,17.9,6211700,1673.66,495753236,1683.95,1671.07,-0.003292733913555967
2025-12-18 07:00:00,17.95,18.05,17.5,17.9,5423200,1676.98,490167302,1676.98,1665.21,0.001981711605257496
2025-12-19 07:00:00,18.0,18.2,17.65,17.95,8098700,1704.31,660580746,1705.76,1677.67,0.01616578003191025
2025-12-22 07:00:00,18.05,18.45,18.0,18.45,6347700,1751.03,755374637,1751.03,1704.31,0.027043849480336
2025-12-23 07:00:00,18.5,18.5,17.75,18.05,6686700,1772.15,732383695,1778.18,1751.03,0.011989312489372992
2025-12-24 07:00:00,18.15,18.7,18.1,18.2,10263500,1782.82,685897134,1784.98,1753.65,0.006002881622480574
2025-12-25 07:00:00,18.35,18.45,17.8,17.8,8928300,1742.85,633306718,1805.93,1742.85,-0.02267467602077457
2025-12-26 07:00:00,17.6,17.9,17.05,17.5,10865900,1729.8,920350846,1730.99,1687.14,-0.007515909424569065
2025-12-29 07:00:00,17.6,17.75,17.3,17.4,6202200,1754.84,513330603,1754.84,1729.8,0.014371889780323605
2025-12-30 07:00:00,17.45,17.5,17.05,17.05,8231200,1766.9,554603881,1766.9,1740.07,0.006848913969869384
2025-12-31 07:00:00,17.05,17.2,16.75,16.75,9557000,1784.49,592835116,1787.75,1760.14,0.009906061481318014
2026-01-05 07:00:00,17.0,17.5,16.95,17.3,10998600,1788.4,810900473,1797.4,1775.19,0.002188705255903206
2026-01-06 07:00:00,17.45,17.5,16.6,17.0,8531700,1816.27,838989917,1817.06,1788.4,0.015463582163969937
2026-01-07 07:00:00,17.1,17.25,16.85,17.15,6508700,1861.58,929077252,1861.58,1816.27,0.02464064196007753
2026-01-08 07:00:00,17.15,17.5,16.8,17.0,16548000,1855.56,1172488005,1888.33,1850.11,-0.0032390522085337017
2026-01-09 07:00:00,16.95,17.0,15.85,16.0,30057000,1867.9,1218660759,1880.16,1853.16,0.006628267889917999
2026-01-12 07:00:00,16.0,16.85,15.6,16.6,17134500,1877.33,1322446972,1887.92,1867.9,0.005035749434752947
2026-01-13 07:00:00,16.95,17.05,16.5,16.75,17243400,1902.93,1289021469,1910.69,1871.79,0.013544248994366829
2026-01-14 07:00:00,16.75,17.0,16.3,16.7,15200400,1894.44,1335130373,1918.46,1870.87,-0.004471523262741558
2026-01-15 07:00:00,16.45,17.0,16.3,16.5,13607500,1864.8,1198731055,1894.44,1845.95,-0.015769471610088424
2026-01-16 07:00:00,16.6,16.65,16.1,16.15,12654800,1879.13,980958156,1901.22,1864.8,0.007655095035789499
2026-01-19 07:00:00,16.15,16.5,16.1,16.25,5961900,1896.59,832522475,1898.24,1874.69,0.009248633085328802
2026-01-20 07:00:00,16.25,16.4,15.9,16.05,9453700,1893.78,987970727,1915.11,1884.6,-0.0014827051263045028
2026-01-21 07:00:00,16.05,16.2,15.35,15.55,15787100,1885.44,1125596634,1894.22,1859.25,-0.004413616322205046
2026-01-22 07:00:00,15.7,16.6,15.5,16.6,23064500,1882.73,945697108,1904.56,1874.81,-0.0014383642283786618
2026-01-23 07:00:00,16.6,16.6,16.05,16.1,7287100,1870.79,841053745,1898.83,1866.87,-0.0063620496351531886
2026-01-26 07:00:00,16.2,16.3,15.35,15.55,10352300,1843.72,998240671,1879.45,1833.21,-0.014575531761312236
2026-01-27 07:00:00,15.6,15.85,15.4,15.6,6371600,1830.5,752074184,1845.7,1821.79,-0.007196116209021161
2026-01-28 07:00:00,15.65,16.2,15.1,15.95,11728700,1802.91,863394661,1842.61,1793.13,-0.015187127408183251
2026-01-29 07:00:00,16.1,16.2,15.85,16.0,3284600,1814.98,657114403,1814.98,1797.32,0.0066724222023841285
2026-01-30 07:00:00,16.15,16.5,15.95,16.2,13135200,1829.04,827036508,1831.97,1813.81,0.007716790671479899
2026-02-02 07:00:00,16.4,16.4,15.9,16.2,7595100,1806.5,888369649,1829.04,1777.85,-0.01239996743827681
2026-02-03 07:00:00,16.3,16.5,16.1,16.3,7661400,1813.4,916896859,1827.22,1805.22,0.003812264624260815
2026-02-04 07:00:00,16.3,16.45,16.05,16.3,10014300,1791.43,969815852,1813.87,1780.71,-0.012189352632509445
2026-02-05 07:00:00,16.35,16.5,15.9,15.9,9650000,1782.56,703264966,1800.1,1782.18,-0.004963650268440009
2026-02-06 07:00:00,15.6,15.75,15.3,15.3,12010500,1755.49,997365978,1782.56,1755.49,-0.015302513101540823
2026-02-09 07:00:00,15.5,15.6,15.2,15.5,7976400,1754.82,517575829,1771.73,1749.87,-0.0003817326721207861
2026-02-10 07:00:00,15.55,15.6,15.3,15.35,3885200,1754.03,719682136,1776.24,1741.37,-0.0004502899886563433
2026-02-11 07:00:00,15.4,16.4,15.4,16.15,14805700,1796.85,808848823,1799.92,1754.03,0.024119134296761185
2026-02-12 07:00:00,16.15,16.2,15.75,15.8,6036000,1814.09,451674492,1816.11,1796.85,0.009548832711351506
2026-02-13 07:00:00,15.8,15.95,15.55,15.85,10646700,1824.09,576394307,1824.09,1792.91,0.0054972679654569775
2026-02-23 07:00:00,15.95,16.05,15.7,16.0,5777200,1860.14,732214189,1863.13,1824.09,0.019570521169637735
2026-02-24 07:00:00,15.95,16.1,15.55,15.6,14427900,1867.62,967871763,1867.62,1849.6,0.004013139278794451
2026-02-25 07:00:00,15.7,15.75,15.35,15.35,12231800,1860.91,1084949538,1876.01,1857.16,-0.00359927759405991
2026-02-26 07:00:00,15.45,15.55,15.2,15.35,9065300,1879.64,753927389,1882.17,1859.04,0.01001465374923375
2026-02-27 07:00:00,15.35,15.4,14.95,14.95,15970800,1880.33,858209995,1899.44,1868.91,0.0003670242091002225
2026-03-02 07:00:00,14.1,14.6,13.95,14.0,20783700,1846.1,1418296837,1885.18,1844.25,-0.01837198755844073
2026-03-03 07:00:00,14.0,14.35,13.95,14.05,18009200,1813.14,1221025992,1854.28,1808.55,-0.018015156925769178
2026-03-04 07:00:00,14.05,14.25,13.25,14.05,13361000,1818.27,1478621201,1833.33,1766.86,0.002825350710916066
2026-03-05 07:00:00,14.25,14.35,13.75,13.75,12327500,1808.51,1097224844,1849.01,1808.07,-0.005382197740514322
2026-03-06 07:00:00,13.95,14.0,13.5,13.55,7937500,1767.84,952770876,1807.31,1767.84,-0.02274483945629132
2026-03-09 07:00:00,12.65,12.95,12.65,12.65,9282100,1652.79,1278597856,1767.84,1651.68,-0.06729369335661312
2026-03-10 07:00:00,12.45,12.95,12.35,12.6,27165600,1676.73,1344747032,1716.62,1651.29,0.014380699063868968
2026-03-11 07:00:00,12.65,13.45,12.65,13.35,13446400,1728.34,896281821,1729.67,1675.17,0.030315942196574984
2026-03-12 07:00:00,13.3,13.55,13.0,13.45,12249600,1709.61,857917482,1728.34,1701.59,-0.010896135959386547
2026-03-13 07:00:00,13.35,13.9,13.25,13.55,13098000,1696.24,877875254,1716.75,1688.67,-0.007851237535014176
2026-03-16 07:00:00,13.7,14.0,13.6,13.7,10052000,1693.21,746306319,1707.0,1680.7,-0.001787901168118135
2026-03-17 07:00:00,13.85,13.85,13.45,13.45,7124000,1710.29,725273862,1732.31,1693.21,0.010036811154935942
2026-03-18 07:00:00,13.45,13.55,13.1,13.45,7578400,1713.83,699754878,1742.87,1706.53,0.0020676852804341894
2026-03-19 07:00:00,13.25,13.9,13.2,13.6,9710200,1699.13,821692120,1713.83,1685.9,-0.008614276699373676
2026-03-20 07:00:00,13.55,13.8,13.35,13.35,7088400,1647.81,856451948,1699.13,1647.16,-0.03066922178144064
2026-03-23 07:00:00,13.3,13.4,12.7,12.8,14134100,1591.17,986020339,1647.81,1586.44,-0.03497753889402757
2026-03-24 07:00:00,13.25,13.65,13.0,13.5,8186500,1614.77,687078246,1630.63,1591.17,0.014722936987411474
2026-03-25 07:00:00,13.7,14.0,13.5,13.8,11696900,1658.19,796965260,1658.77,1614.77,0.026534114374188487
2026-03-26 07:00:00,13.85,14.0,13.5,13.55,8624500,1644.63,641307834,1661.6,1634.55,-0.008211211140190055
2026-03-27 07:00:00,13.6,14.45,13.6,14.45,24713800,1672.8,814663981,1673.31,1640.31,0.016983434226308804
2026-03-30 07:00:00,14.1,14.6,14.05,14.2,13413500,1662.54,745194737,1672.8,1637.58,-0.006152315723479423
2026-03-31 07:00:00,14.3,14.5,14.1,14.25,11416400,1674.49,787839248,1677.83,1662.54,0.007162087893562965
2026-04-01 07:00:00,14.5,14.65,14.25,14.3,12468600,1702.93,826834534,1715.21,1700.18,0.016841655599157592
2026-04-02 07:00:00,14.25,14.35,13.95,14.25,8485800,1694.82,730462121,1706.15,1684.47,-0.004773756398434993
2026-04-03 07:00:00,14.25,14.4,14.1,14.15,12857300,1684.04,696862532,1713.95,1679.79,-0.006380871995933906
2026-04-06 07:00:00,14.1,14.35,13.55,13.6,9972700,1674.99,556779316,1693.03,1669.31,-0.005388473397204135
2026-04-07 07:00:00,13.65,13.8,13.4,13.6,10008600,1677.54,514778977,1690.31,1665.36,0.0015212394769091686
2026-04-08 07:00:00,14.05,14.5,14.05,14.45,17760200,1756.55,1121941552,1756.55,1706.59,0.04602322343057353
2026-04-09 07:00:00,14.4,15.15,14.25,14.55,16838800,1736.68,939896157,1756.55,1736.68,-0.011376413406557383
2026-04-10 07:00:00,14.8,15.0,14.55,14.55,7862600,1750.0,855525196,1762.84,1736.68,0.007640543324542865
2026-04-13 07:00:00,14.45,15.1,14.35,14.65,14085800,1758.96,767253461,1765.67,1733.18,0.005106937368144686
2026-04-14 07:00:00,14.9,14.95,14.55,14.75,6880300,1775.65,774460243,1784.43,1758.96,0.009443827773086586
2026-04-15 07:00:00,14.75,15.0,14.65,14.65,12867500,1800.65,805513607,1801.66,1775.65,0.013981157751651162
2026-04-16 07:00:00,14.7,14.7,14.3,14.55,8068000,1819.83,819390678,1824.03,1799.18,0.010595379304324758
2026-04-17 07:00:00,14.65,14.7,14.3,14.35,6684400,1817.17,632349354,1846.19,1814.47,-0.0014627442806062043
2026-04-20 07:00:00,14.35,14.6,14.3,14.35,5230400,1837.11,581405080,1837.11,1802.42,0.010913338827735897
2026-04-21 07:00:00,14.4,14.6,14.15,14.15,9680000,1833.48,751134492,1866.1,1833.48,-0.0019778843092733644
2026-04-22 07:00:00,14.25,14.4,14.1,14.15,4446400,1857.3,562382244,1861.34,1819.21,0.012908019840672753
2026-04-23 07:00:00,14.2,14.4,13.85,14.05,11906200,1870.36,953432252,1888.99,1855.09,0.007007105495999391
2026-04-24 07:00:00,14.05,14.4,13.95,14.3,6594800,1853.29,568682199,1881.93,1843.63,-0.009168487681087948
2026-04-28 07:00:00,14.3,14.5,14.1,14.1,5558400,1875.84,577907915,1887.69,1848.98,0.012094121074265265
2026-04-29 07:00:00,14.1,14.9,14.1,14.7,15546200,1854.1,626247808,1881.18,1852.49,-0.011657155978665304
2026-05-04 07:00:00,14.8,15.1,14.6,14.65,10535100,1854.06,614072346,1876.8,1840.43,-2.1574042113354e-05
2026-05-05 07:00:00,14.6,14.7,14.15,14.3,8762200,1874.85,701963400,1875.97,1849.32,0.011150827142646235
2026-05-06 07:00:00,14.55,14.9,14.45,14.75,10481200,1891.2,788372585,1892.0,1868.92,0.008682892007438598
2026-05-07 07:00:00,14.85,15.0,14.5,14.5,8825100,1909.01,852195767,1924.95,1891.2,0.009373234844931569
2026-05-08 07:00:00,14.55,14.6,14.35,14.45,8140500,1915.37,840759266,1921.81,1897.06,0.0033260323833506494
2026-05-11 07:00:00,14.55,14.75,14.3,14.45,10269200,1895.5,870568077,1927.06,1893.75,-0.010428159483671689
2026-05-12 07:00:00,14.45,14.95,14.45,14.65,14794700,1901.1,646156258,1906.64,1875.25,0.002950010041191422
2026-05-13 07:00:00,14.65,14.8,14.5,14.65,5426900,1898.37,796945943,1908.77,1865.12,-0.0014370427821819025
2026-05-14 07:00:00,14.8,15.2,14.7,14.85,12869700,1925.46,580872676,1927.7,1883.98,0.014169276998805254
2026-05-15 07:00:00,14.9,15.05,14.75,14.95,8152500,1921.6,708757508,1930.58,1909.9,-0.0020067278884851516
2026-05-18 07:00:00,14.9,14.9,14.55,14.85,8178600,1927.94,774679381,1932.62,1908.78,0.0032939030285741365
2026-05-19 07:00:00,14.9,15.0,14.45,14.65,12151800,1912.93,904325068,1933.11,1904.47,-0.00781597732425569
2026-05-20 07:00:00,14.65,14.65,13.65,13.85,26783300,1913.23,1078815114,1919.39,1859.22,0.0001568151883949911
2026-05-21 07:00:00,13.85,13.95,13.6,13.6,5646200,1896.89,562755083,1923.21,1886.62,-0.008577210258837042
2026-05-22 07:00:00,13.7,13.7,13.45,13.5,6160600,1877.13,650651924,1896.74,1856.08,-0.01047168831483235
2026-05-25 07:00:00,13.6,13.85,13.55,13.6,4744900,1886.03,495245425,1891.26,1876.37,0.004730076102935751
2026-05-26 07:00:00,13.7,14.15,13.65,13.8,7859600,1884.18,598836621,1889.15,1876.32,-0.0009813777739055755
2026-05-27 07:00:00,13.85,13.9,13.75,13.75,3128400,1874.43,667675136,1889.87,1863.18,-0.005188099786649021
2026-05-28 07:00:00,13.8,13.85,13.5,13.5,4324500,1863.67,602798527,1882.66,1857.25,-0.005756951241404737
2026-05-29 07:00:00,13.45,13.55,13.05,13.05,5852300,1863.49,556018675,1873.17,1855.96,-9.658828713551802e-05
2026-06-01 07:00:00,13.25,13.4,13.1,13.2,5152700,1844.54,431817093,1871.09,1841.39,-0.01022114976322133
